{"increases": 0.3316662000085904, "protect": 0.321330452619802, "temperature": 0.3140959239591114, "bmj": 0.2757634720278363, "action": 0.2728382086700164, "bmj open": 0.2558833156260259, "emergency": 0.2278824649268949, "global": 0.2198046399170731, "health": 0.1957422287216573, "br dent": 0.1899989284173867, "open": 0.1555558841688157, "capital": 0.1454934761260932, "med": 0.1400910903219343, "21st": 0.1355086323678171, "congress": 0.1347749190261617, "sport": 0.1310226480587361, "dent": 0.1222642562208381, "sleep": 0.1068207565129994, "respir": 0.1059618178074932, "resilience": 0.1051164062593782, "response covid": 0.1013381874605322, "br": 0.1009487115768638, "case study": 0.096841208717222, "initial": 0.0880210062520888, "2021": 0.081607817002931, "self": 0.0790531213724313, "healthcare": 0.0788813371496084, "social": 0.0781996451470949, "quality": 0.0779462259959574, "res": 0.0777779420844078, "learning": 0.077442948648982, "international": 0.0731139530736142, "association": 0.0730369888685702, "19 pandemic": 0.0717452026811772, "response": 0.0691796792312661, "case": 0.0682571544670102, "based": 0.0673502156642253, "study": 0.0651145319718269, "pandemic": 0.0639332062719668, "covid 19": 0.060843165264599, "covid": 0.0607819187960924, "19": 0.0604767302320923}