{"sport": 0.8512943985959468, "res": 0.5053471854812022, "point": 0.1012216207065734, "distribution": 0.0983679447123273}