{"cir": 0.7226791395739381, "bras": 0.5301661474665585, "acta": 0.3930172706156141, "em": 0.1048775009693392, "da": 0.0754737011858373, "das": 0.061448903249125, "com": 0.0546813582168744, "para": 0.0471306541982608, "de": 0.0451017333851243, "carcinoma": 0.0395620733710078, "como": 0.0297006981118631, "experimental": 0.028374406603243, "brasil": 0.0282750640923677, "na": 0.0232827322486646, "rats": 0.0213385767866936, "lateral": 0.0209046658411017, "surgical": 0.0207296986977229, "density": 0.0198432696458097, "study": 0.0158519577476983, "following": 0.0133331063360215, "ser": 0.0127727301101028, "mitochondrial": 0.0126835197154259, "segment": 0.0125673451320229, "rat": 0.0120542482247848, "neurosurgical": 0.0120035931342678, "oxidative": 0.0120035931342678, "por": 0.0119784847725422, "mucosal": 0.0116182557852531, "evaluation": 0.0115713103263577, "prostate": 0.0115496513957551, "perfusion": 0.0111592749615057, "vein": 0.011138579964392, "institutions": 0.0111179828163298, "enhancement": 0.011036554488517, "dogs": 0.0107629756321228, "tube": 0.0107252586112343, "pancreatic": 0.0107065218567598, "hepatic": 0.0106692883933468, "behavioural": 0.0106507903243646, "partial": 0.0104700055155778, "involved": 0.0104347317301429, "economics": 0.0104172013696666, "concentrations": 0.0103823508741995, "nerve": 0.0103823508741995, "ischemic": 0.0103305923797898, "mutation": 0.0102794416312605, "glucose": 0.0102121617039962, "fibrosis": 0.0101623750055283, "arterial": 0.0100483721598938, "form": 0.0100483721598938, "gas": 0.0100163404810191, "injuries": 0.0099687302945623, "youth": 0.0098905183427519, "led": 0.0098442564350739, "intestinal": 0.0097682285245705, "skills": 0.0096935047593733, "vivo": 0.009434639184283, "financial": 0.0094206990485486, "surgeons": 0.0093929518929597, "tumor": 0.0093243475034616, "bone": 0.0092972054299904, "turkish": 0.009270231419971, "sustainability": 0.0092434234049103, "antibiotic": 0.009230081009489, "diabetic": 0.009230081009489, "content": 0.0091902972745428, "nigeria": 0.0090730806414519, "shock": 0.0088967905701176, "metabolic": 0.0088112505962236, "vascular": 0.0087036824470318, "mol": 0.0085987065553991, "mild": 0.0085871971994319, "pathogenesis": 0.0085301021659011, "15": 0.0084962009154344, "neurological": 0.0084737457693245, "good": 0.0083741058517785, "procedures": 0.0082660038109628, "animal": 0.0081918974773731, "trauma": 0.0081814130229751, "gastrointestinal": 0.008119030734538, "psychiatry": 0.0080984335864759, "site": 0.0078683120287313, "mechanical": 0.0078585773013293, "meta analysis": 0.007829502964043, "determinants": 0.0078006213862109, "complications": 0.0077245270724104, "reduction": 0.0076312410945106, "pregnancy": 0.0074327836906969, "complex": 0.0074151825002889, "brain": 0.0073976521398126, "regional": 0.0073368455276374, "meta": 0.0072768760045931, "incidence": 0.0070449275276775, "models": 0.0070368677868038, "isolation": 0.0068942856112004, "protection": 0.0066739555295194, "performance": 0.0066517860735323, "measures": 0.0065932132422282, "lessons": 0.0064571800277507, "studies": 0.0064360841574702, "different": 0.0063595950803905, "infectious": 0.0063184329911535, "changes": 0.006210531779635, "diagnosis": 0.0061052387094592, "therapy": 0.0060793083430191, "factors": 0.0057917013663696, "approach": 0.0057796173400368, "role": 0.0057435650898572, "acute": 0.0057375852828789, "control": 0.0056430081364379, "use": 0.0055619046744815, "analysis": 0.0053164150137928, "patients": 0.0052624998614938, "covid 19": 0.0049373683354736, "covid": 0.0049323982394415, "19": 0.0049076324609733}