{"increases": 0.3407611319113914, "protect": 0.3301419582383959, "temperature": 0.3227090447392256, "21st": 0.3212874057032179, "congress": 0.3195477906547061, "action": 0.2803199626994345, "health": 0.2475198290712318, "emergency": 0.2341314450771149, "global": 0.2258321104037061, "2021": 0.1934899891750492, "international": 0.1733512610470954, "association": 0.1731687809398244, "covid 19": 0.1009802819698034, "covid": 0.1008786323328631, "19": 0.1003721164881883, "mental health": 0.0739811449708765, "med": 0.066430458613881, "mental": 0.0658522751969338, "learning": 0.0550845587325436, "distance": 0.0514885379797259, "19 pandemic": 0.0510317969526526, "pandemic": 0.045475185504759, "br dent": 0.0450482465441156, "ann rheum": 0.043389003242413, "rheum dis": 0.0409511076965968, "dis": 0.0394359037215365, "workers": 0.0392166433599198, "higher education": 0.038611074714128, "rheum": 0.0385142834849255, "distance learning": 0.0379485021042769, "med inform": 0.0378566028941937, "colon": 0.0368026505691837, "19 challenges": 0.0356741156435669, "challenges": 0.0356000842356303, "education covid": 0.034356251403851, "physical distancing": 0.0342868889144678, "health workers": 0.0335478537093386, "workers covid": 0.0330989613565873, "investig": 0.0330361069804489, "strategies covid": 0.0330361069804489, "consumer": 0.0326653627508127, "vasc": 0.0318401117556596, "clustering": 0.0313915019613282, "emerg med": 0.0303854411800776, "challenges opportunities": 0.0303346307920338, "despite": 0.0292652400270999, "gynecol": 0.0290342357679187, "times covid": 0.0290342357679187, "dent": 0.0289885337967265, "twitter": 0.028762453513506, "private": 0.0284963535364126, "well being": 0.0284963535364126, "being": 0.0284525394301456, "burnout": 0.0284088756298557, "computer": 0.0281073525712025, "dev": 0.027323209278806, "assoc": 0.0271641073908705, "communications": 0.0266983974417448, "female": 0.0265845845942561, "government": 0.0265845845942561, "era covid": 0.0263599672596365, "effects covid": 0.0261757674413053, "neurol": 0.0261028274978389, "relation": 0.0261028274978389, "presence": 0.0259941953849036, "nutr": 0.0257089624892709, "well": 0.0256386419496135, "commun": 0.025533884277576, "inform": 0.0249892884676523, "clinics": 0.0249228236414125, "attitudes": 0.0246928924927752, "mediated": 0.0239961621576311, "animal": 0.0239346741863478, "br": 0.0239346741863478, "curr": 0.0239040412346131, "west": 0.0239040412346131, "stroke": 0.0238429956245376, "emerg": 0.02360169957704, "distancing": 0.0232481216933898, "brazilian": 0.0231612409103019, "technique": 0.0231612409103019, "teaching": 0.0227914633753307, "working": 0.022652053599338, "higher": 0.0223777329529843, "opportunities": 0.0221891667588635, "soc": 0.0217942648049772, "brain": 0.0216140880912405, "behavior": 0.0214364263889537, "psychological": 0.0214112473791558, "ann": 0.021162159482439, "communication": 0.021137516715202, "students": 0.0211129215668686, "brazil": 0.0210150135048393, "times": 0.0207495861831368, "physical": 0.0201661666704515, "isolation": 0.0201433770756397, "education": 0.0200979199369579, "insights": 0.0200074898208457, "home": 0.0196959501520883, "investigation": 0.0192212923079986, "era": 0.0188251395757497, "social": 0.018540930328354, "int": 0.0181846026477086, "survey": 0.0181456195075807, "cancer": 0.0180680096006417, "strategies": 0.0177622174679811, "online": 0.0175005462926299, "hospital": 0.0170999185458723, "human": 0.0170820044186336, "effects": 0.016992810043094, "factors": 0.0169219018635879, "medical": 0.0164703843720623, "analysis": 0.0155332340945437}