{"cov spike": 0.4686869491588532, "spike": 0.4463321761995546, "sars cov": 0.3480003901511017, "cov": 0.3461158597886477, "sars": 0.3412180097018266, "spike protein": 0.2518676486451361, "protein": 0.1665742420157088, "mutation": 0.0997442005975845, "target": 0.092871574876323, "variant": 0.0922801330036505, "rbd": 0.0916085583029552, "signal": 0.0770986881509491, "binding": 0.0708260508662278, "ace2": 0.066472955865625, "ther": 0.0608017471085388, "neutralization": 0.0584328311491088, "receptor binding": 0.0559276892656156, "mutations": 0.0554553239541789, "variants": 0.0497036008078961, "binding domain": 0.0490510386911352, "assay": 0.0463335088884197, "domain": 0.0461851915550755, "proteins": 0.0458191347701944, "receptor": 0.0451505530733391, "isothermal": 0.038044539208223, "cov variants": 0.0367482462701741, "immune": 0.0317598741367825, "antibodies": 0.0310279081864086, "virol": 0.030093806234954, "amplification": 0.0300259870552046, "unique": 0.0282013340985673, "computational": 0.028120433857212, "loop": 0.0278769762879297, "emergence": 0.0266697421004597, "lineage": 0.0264681231975773, "bing": 0.0262862837433023, "promising": 0.0257408382713442, "xue bao": 0.0253480047321329, "mediated": 0.0251660210254088, "analysis": 0.0244357635138482, "anti": 0.02420682025187, "bao": 0.024149405787959, "sequences": 0.0240695514062216, "immune responses": 0.0237337002535477, "2021": 0.0236743496220972, "concern": 0.0233333295462694, "infectivity": 0.0233197186665173, "fitness": 0.0227538214867501, "samples": 0.0223155917033967, "neutralizing": 0.0218331044823876, "infect": 0.0212936154246267, "rna": 0.021216770582314, "biophys": 0.0211161416905467, "development": 0.0209444506641496, "innate immune": 0.0208879399920727, "epitopes": 0.0200459748412745, "xue": 0.0199967181639632, "humans": 0.019954476136132, "detect": 0.0199237369024247, "cov virus": 0.0198992821344828, "evol": 0.0198992821344828, "anti sars": 0.0198510923981829, "genomes": 0.0197557443554183, "open": 0.0193399770626038, "mice": 0.0193015901587932, "detection sars": 0.0192106047991972, "phylogenetic": 0.0189538712442921, "viruses": 0.0188230373997271, "viral": 0.0187076151771311, "increases": 0.0183268661431196, "innate": 0.0177650547945368, "targeting": 0.0177317252508766, "du": 0.0175575484598769, "immunogenicity": 0.0169711398514629, "interactions": 0.0169294707009397, "cov infection": 0.0167989206924983, "based": 0.0167470569572792, "suppression": 0.0166663266317674, "directed": 0.016489904479462, "identified": 0.0163748283617907, "sensing": 0.0162898049255893, "state": 0.0162391763189087, "genet": 0.0161504627145652, "nature": 0.0160534525609103, "rapid": 0.0157907163969981, "detection": 0.0156730036674613, "comparison": 0.0155234663262927, "igg": 0.015519355143423, "soft": 0.0154943110259236, "nasopharyngeal": 0.0151770108999059, "interest": 0.014988991438892, "containing": 0.0148513731719515, "virus": 0.0147736252273307, "med virol": 0.0146062145781019, "med": 0.0145143897319085, "antibodies sars": 0.0143982513750318, "extended": 0.0143908975351399, "cov viral": 0.0143158508783816, "june": 0.0142649645635375, "statistical": 0.0142235094645341, "specific": 0.0141314906346846, "analysis sars": 0.0141162882997051, "optimization": 0.0140804113448671, "region": 0.0138634757129608, "cell": 0.0138479587093608, "virology": 0.0138031029336813, "dis": 0.0137861598546857, "discovery": 0.0137451496073397, "clinical": 0.0136868018171018, "responses": 0.0135882269884541, "preprint": 0.0135742491027642, "tracking": 0.0135742491027642, "induced": 0.0135431686678371, "sensitivity": 0.0134996757070304, "epitope": 0.0134639761918756, "microbiology": 0.013462699161026, "automated": 0.0134259263435814, "affinity": 0.013397065161731, "test": 0.0133946009549449, "clin virol": 0.0133311454426421, "proteome": 0.0133311454426421, "mol": 0.013174037979076, "blockers": 0.0131078261917018, "strategy": 0.0130478428278576, "activity": 0.0129772714880699, "high throughput": 0.0128951816494527, "macrophages": 0.0126080175219208, "throughput": 0.0124710990373012, "matter": 0.0124549634297501, "infect dis": 0.0124391289039778, "enhanced": 0.0122828161509666, "vaccine": 0.012235820963462, "cells": 0.0122060115118943, "enhances": 0.0121087303084353, "resonance": 0.0120592909147405, "human": 0.0119431899021055, "delta": 0.0119380436400737, "spain": 0.0119366106117199, "simulations": 0.0118200128558205, "novel": 0.011708504563791, "extracellular": 0.0117050323065846, "response": 0.011467976426864, "biotechnol": 0.0114620712310383, "protease": 0.011376910743375, "antibody": 0.0113607663258665, "diagn": 0.0113140932343086, "peptides": 0.0113140932343086, "candidates": 0.011293349608603, "impact": 0.0112685178618786, "revealed": 0.0112316927376585, "increased": 0.0110325660140901, "false": 0.0110126574817103, "biochem": 0.0109932696529746, "clustering": 0.0109739659365587, "assays": 0.0109547456057867, "contribute": 0.0109165522411938, "infection": 0.0108825313692179, "replication": 0.0107121551520102, "faseb": 0.0105691870408231, "united states": 0.0105627026454952, "rise": 0.010516736535772, "chinese": 0.0104092648653832, "peptide": 0.0103967042181174, "circulating": 0.0103798180511524, "interface": 0.0103629957261808, "reveal": 0.0103629957261808, "bio": 0.0102633759011278, "multi": 0.0102478761855312, "cold": 0.010246987301919, "endothelial": 0.0102306588444938, "quantification": 0.0101981806006206, "stability": 0.0101499034580654, "sites": 0.0101021445059352, "drug": 0.010023887061463, "emerging": 0.010023887061463, "length": 0.0100236680509786, "genome": 0.0099926609592613, "states": 0.0099909277377794, "ongoing": 0.009977238068066, "united": 0.009882224203257, "barrier": 0.0097962165078604, "learning": 0.0096283394134181, "convalescent": 0.0093600556204912, "nat": 0.0091762743493181, "aged": 0.0091506287471698, "potential": 0.0091093022441519, "recognition": 0.0090997767690462, "adherence": 0.0090620155835274, "products": 0.0089997838046869, "on": 0.0089384104226186, "energy": 0.0088899140334865, "head": 0.0088778720784912, "causes": 0.0088658626254383, "evaluation": 0.0088641751363984, "inhibitors sars": 0.0088044720495754, "role": 0.0087996891324967, "model": 0.0087449070234414, "revue medicale": 0.0086796870183206, "surgical endoscopy": 0.0086396003513123, "dysfunction": 0.008598230352844, "2020": 0.0085920892482361, "gene": 0.0085198723590412, "inhibitors": 0.0084537894663398, "animal": 0.0083671784659168, "new": 0.0083563489338071, "reduced": 0.0083244970867997, "total": 0.0082612329927703, "cause": 0.0081373410079295, "coronavirus": 0.008046252697055, "pcr": 0.0080267262804551, "structural": 0.0080168054298458, "suisse": 0.007846087831322, "main protease": 0.0077911529457218, "free": 0.0077290219829929, "predict": 0.0076553225812322, "school": 0.0076189256530891, "old": 0.007591822018085, "nature lond": 0.0075840500430666, "covid 19": 0.0075645188667794, "covid": 0.0075569042059621, "resource": 0.0075292149598908, "19": 0.0075189606729413, "rep": 0.0074850289001, "inflammatory": 0.0074587263624928, "natural": 0.0074325783950488, "reduce": 0.0073893370473903, "brazil": 0.0073465118885528, "key": 0.0073125460773943, "young": 0.0072872407978796, "single cell": 0.0072623929792138, "experimental": 0.0072453825432259, "dynamics": 0.0072287488802847, "protocol": 0.0071792177604047, "adult": 0.0071710159154004, "correction": 0.0071710159154004, "sci adv": 0.0070387138968489, "vectors": 0.0070194518732549, "medicale": 0.0070003551909584, "clin": 0.0069239793546804, "cov vaccine": 0.0069072558403493, "vaccines": 0.0068471294364698, "server": 0.0068354834926953, "type": 0.0068319174570208, "performance": 0.006794113494227, "multiple": 0.0067715843339185, "methods": 0.0067194557082508, "diagnostic": 0.006704673303774, "application": 0.006689939847746, "positive": 0.0066533182446781, "amino": 0.0066010827036635, "screening": 0.0065737962316982, "bypass": 0.0065230132959677, "drug discovery": 0.0065230132959677,