{"royal society": 0.4611418371076112, "transactions": 0.385681512771754, "royal": 0.3492212228907587, "london": 0.3368114406242774, "revue medicale": 0.2616712553126463, "biological": 0.2408899305920934, "sciences": 0.2303882964905768, "series": 0.2124696860268138, "medicale": 0.2110435234111609, "society": 0.2029706783502035, "revue": 0.1654190661665775, "de": 0.0992000004622986, "covid 19": 0.0608137795300164, "covid": 0.0607525626420298, "19": 0.0604475214765108, "2003": 0.0515434772975122, "disease": 0.0408015168095533, "severe covid": 0.039504686022147, "host": 0.0390876509138357, "animal": 0.0378374834480786, "new": 0.0335897874462431, "19 new": 0.0328535217553763, "dynamics": 0.0326893548670255, "complication": 0.0312418880398061, "comorbidities": 0.0301254196332702, "main": 0.0300325877809421, "severe": 0.027665997269243, "emergence": 0.0268009083720857, "role": 0.026528902445459, "obesity": 0.0244403121257117, "sars": 0.0241098874587596, "factor": 0.0215449451840972, "rate": 0.0209209187570733, "trends": 0.0208274399876644, "age": 0.020459906062033, "recipient": 0.020346296047788, "state": 0.019582851979077, "infectious": 0.0194561031703103, "low": 0.0193722644653658, "mortality": 0.0192681976197175, "phylogenetic": 0.0190470895669376, "mathematics": 0.0187581247423015, "music": 0.0185199787353535, "transmission": 0.0183275214784242, "diseases": 0.0183082066455335, "identity": 0.0181779007997634, "extreme": 0.0180676450364673, "transmission dynamics": 0.0180312922398166, "human": 0.0180028927743868, "specificity": 0.0179951354160673, "ecology": 0.0179234013144938, "enabled": 0.0176097666638744, "associated": 0.0173223856360247, "forces": 0.0173101452775595, "response": 0.0172865667919783, "contributions": 0.0167783037579697, "combining": 0.0165129343272767, "precision": 0.0163982806881322, "lens": 0.0163699209225703, "study": 0.0162707708183572, "evolutionary": 0.0162298934031458, "zoonotic": 0.0162298934031458, "plant": 0.0157745478605866, "dialysis": 0.015620944019903, "interface": 0.015620944019903, "reveal": 0.015620944019903, "biotechnology": 0.0155956819389554, "interdisciplinary": 0.0155956819389554, "empirical": 0.015520461622741, "100": 0.0153481603238933, "political": 0.0153239032465939, "animals": 0.0152277428243562, "examining": 0.0151801747202702, "physiology": 0.0149016402513265, "art": 0.0148113079153424, "modern": 0.0147443482121499, "dna": 0.0147000769321881, "ecological": 0.0145906605649855, "language": 0.0145689898690327, "link": 0.0144830005557964, "measuring": 0.0143351220554858, "vulnerability": 0.0142520612470469, "behaviour": 0.014231455779035, "pharmacological": 0.0141091349194985, "ebola": 0.014048801008339, "chemical": 0.0139691908800638, "nigeria": 0.0139691908800638, "trust": 0.0139297373865198, "live": 0.0138321072119942, "emergency department": 0.0137550135521361, "past": 0.0137550135521361, "lesions": 0.0137167964996615, "mobility": 0.0136221958543272, "distance": 0.0135660693798294, "units": 0.0135660693798294, "transition": 0.0132388301108284, "editorial": 0.0130983626822729, "therapies": 0.012977821512411, "infectious disease": 0.0128259567325707, "rna": 0.0127926709344151, "communities": 0.0127760897774843, "estimation": 0.012759549511241, "inhibitors": 0.0127430499345007, "fever": 0.0126937933515822, "pathogens": 0.0126611554547566, "west": 0.0125963522978553, "regulation": 0.0125802488698013, "structure": 0.0125802488698013, "interaction": 0.0124844318893458, "mobile": 0.0122814083110555, "dose": 0.0121745812019085, "case study": 0.0120993046029445, "modelling": 0.0120545408690693, "rural": 0.0120248634995759, "preparedness": 0.0119953168678169, "technologies": 0.0119805922196141, "impacts": 0.0118495051564587, "free": 0.0116505519171364, "living": 0.0115947755078576, "mental": 0.0115670602842778, "predict": 0.0115394591154385, "outbreaks": 0.011511971066461, "department": 0.0114982691729061, "environment": 0.0114982691729061, "infectious diseases": 0.0114301764605107, "brain": 0.0113896502069245, "viruses": 0.0113493673557285, "contact": 0.0112563043722153, "disorders": 0.0111126224994202, "african": 0.0110997118610496, "uk": 0.0110227656110436, "evolution": 0.0109089765084512, "importance": 0.0108839500817932, "molecular": 0.0108714717999381, "people": 0.0105668293103018, "environmental": 0.0105549267791169, "information": 0.010425374340053, "lockdown": 0.010425374340053, "lung": 0.0103327017145871, "epidemiology": 0.0103097322587045, "2021": 0.0101960503072926, "spread": 0.0101287546802345, "surveillance": 0.0100621275638329, "social": 0.0097702345830862, "cross": 0.0097596639354096, "life": 0.0095927607772288, "implications": 0.0095721869127451, "emergency": 0.0094905168069909, "population": 0.0094905168069909, "future": 0.0094803776144893, "characteristics": 0.0094601450966956, "detection": 0.0094500516793468, "viral": 0.0093998111855361, "china": 0.0092611075070401, "epidemic": 0.0091831173891913, "international": 0.0091348301067387, "outbreak": 0.0090678066768586, "hospital": 0.0090108863248003, "data": 0.0089544449715642, "effects": 0.0089544449715642, "virus": 0.0089077706387209, "control": 0.0086881469382642, "2020": 0.0086343465864557, "use": 0.0085632775817717, "case": 0.0085280234950199, "impact": 0.0084929537442044, "based": 0.0084147108982805, "analysis": 0.0081853142345073, "health": 0.0081519870873641}