{"publication american": 0.3028250624330454, "society": 0.2920180051588389, "american": 0.2910762141376119, "official publication": 0.2286067144557079, "academy": 0.2018871050193944, "publication": 0.1989266575415536, "official": 0.1629207601637425, "cov antibodies": 0.1607230282516205, "european": 0.1436761097670226, "dis covid": 0.1413811157125045, "2020": 0.1304352885277498, "care": 0.1290950463009372, "22": 0.1281129729756951, "october": 0.1269589272298516, "reprod": 0.125165450825316, "sars cov": 0.124793966380491, "cov": 0.1231484950445212, "sars": 0.1214058333025426, "reliability": 0.1201371532097332, "metropolitan": 0.1199380943387115, "decline": 0.1197398145650683, "an": 0.117989376492486, "seroprevalence": 0.1177985649015785, "week": 0.1172304047315915, "applying": 0.1157457441236017, "determination": 0.1155631838629956, "february": 0.1148394513045192, "19": 0.114144275794766, "optimizing": 0.1130741013469883, "shared": 0.1118739676515606, "innovative": 0.1043315835702293, "month": 0.1013548707434476, "reporting": 0.1012173932710333, "immunol": 0.0977679699813515, "follow up": 0.0972575332450651, "healthcare workers": 0.0961275142568431, "infect dis": 0.0944183260175807, "australia": 0.0941787964106176, "pediatr": 0.0906039965484943, "follow": 0.0904927771459855, "antibodies": 0.0883181764596186, "area": 0.0883181764596186, "healthy": 0.087788804688843, "health care": 0.0840344638798097, "up": 0.0823039587916421, "delivery": 0.0809977246517874, "infect": 0.0808138390869342, "dis": 0.0784821517088273, "chronic": 0.0780457974392348, "workers": 0.0780457974392348, "epidemiology": 0.0778723026892053, "primary": 0.0770136309886695, "healthcare": 0.0744406407895286, "cases": 0.0704728712051198, "children": 0.0703234303371819, "report": 0.070025864621194, "non": 0.0685637020181608, "model": 0.0663775967518659, "medical": 0.0655560584648132, "analysis": 0.061825976822788, "health": 0.0615742475222606, "covid 19": 0.0574179441376574, "covid": 0.0573601455945993}