{"veterinary": 0.3381349261896104, "proceedings national": 0.2999578682681285, "sciences united": 0.2899592726591908, "inc": 0.2793340397314796, "publication american": 0.2433006654664484, "american association": 0.2398113523488158, "academy sciences": 0.2308816600645295, "national academy": 0.2279966998200633, "states america": 0.2194957463546041, "official publication": 0.1836709462231835, "publication": 0.1598249093718169, "official": 0.1308964622929857, "proceedings": 0.1280669402719236, "laboratory": 0.1254096626036284, "investigation": 0.1229343246452058, "american": 0.1227771371262132, "diagnostic": 0.1226638764139959, "academy": 0.121652580385021, "association": 0.1135230475827706, "america": 0.1094389357297232, "united states": 0.0966238020259314, "sciences": 0.0953270389689906, "virus": 0.0946006643333644, "transcription": 0.0924541619220846, "national": 0.0924012718135331, "states": 0.0913934109659223, "porcine": 0.090661167035252, "united": 0.0903990301571728, "reverse transcription": 0.0861107092914222, "chain reaction": 0.0857464179258709, "polymerase chain": 0.0855608440047219, "polymerase": 0.0818974147272722, "epidemic diarrhea": 0.0813787318892903, "porcine epidemic": 0.0802683258834175, "diarrhea virus": 0.0772916146071183, "reverse": 0.0694169165674339, "detection": 0.0659506583681658, "reaction": 0.0633386801616781, "chain": 0.0571850708120975, "rna": 0.0543433466386404, "assay": 0.047093584749782, "diarrhea": 0.046234567171414, "real time": 0.0371722162829958, "coronavirus": 0.0368021118147462, "cell": 0.0348359390648925, "multiplex": 0.0328273041054274, "real": 0.0316336112910526, "transmissible": 0.0315925451685895, "pcr": 0.0293702411993886, "gastroenteritis": 0.0290910256112739, "time": 0.026692832664295, "swine": 0.0256393002933425, "epidemic": 0.0250778188685621, "respiratory": 0.0239487388529713, "pigs": 0.0229155004967378, "amplification": 0.0219733537995037, "development": 0.0218962624292021, "tissues": 0.0214146845226377, "differentiation": 0.0210096017367251, "isothermal": 0.0208810650909926, "infection": 0.0199098960152731, "promising": 0.0188374338999128, "genome": 0.018281853170442, "hepatitis virus": 0.0179858514261611, "viral rna": 0.0179433051689382, "canine": 0.0171492835851741, "diagnosis": 0.0171130530312081, "viral": 0.0171130530312081, "bat": 0.0167879140277048, "bovine": 0.0165471079281391, "loop": 0.0153005127285785, "assays": 0.0150315104881239, "receptor": 0.0150189457718696, "mouse": 0.0149271427636998, "monoclonal": 0.0147991430398034, "rapid": 0.0144447790134646, "respiratory syndrome": 0.0137326259451683, "antigen": 0.0133612393826562, "syncytial virus": 0.0131710021295921, "respiratory syncytial": 0.013095625121052, "infected": 0.0130301177426602, "specific": 0.0129269790056941, "syncytial": 0.0128422838528204, "type": 0.0124991843845233, "hepatitis": 0.0123490174504408, "equine": 0.0123473133797348, "regulates": 0.01231636081889, "reproductive": 0.0122648042090339, "high throughput": 0.0117960480437885, "monoclonal antibodies": 0.0117690031460408, "differential": 0.0117210357541235, "pathogens": 0.0115252860114371, "mediated": 0.011510485123694, "throughput": 0.0114081125339629, "influenza virus": 0.0112627312891401, "syndrome": 0.0112284625338393, "identifies": 0.0109424347018091, "evaluation": 0.0108115044952416, "antibodies": 0.0106437051144797, "specimens": 0.0105246074385223, "antibody": 0.0103924201331327, "viruses": 0.0103311822756664, "wild": 0.0101457068761045, "simultaneous": 0.0099687119412004, "basis": 0.0097990939763917, "entry": 0.0095572262665285, "shedding": 0.0095416015174526, "rt pcr": 0.0092847663635848, "binding": 0.0092555888756578, "enzyme": 0.0092555888756578, "commercial": 0.0089883613196694, "infectious": 0.0088553195048881, "tumor": 0.0087120837749239, "affecting": 0.0086615211105909, "bronchitis virus": 0.0086394819829926, "domestic": 0.0085991884661237, "rt": 0.0085991884661237, "muscle": 0.0085745202564589, "coronavirus infection": 0.0083473405907307, "transmission": 0.0083416528481308, "linked": 0.0082553538025955, "step": 0.0082440002606845, "human": 0.0081939001933702, "infectious bronchitis": 0.0081749479913972, "samples": 0.008165400039014, "rna polymerase": 0.0081338330361051, "associated": 0.0078841717712498, "ethical": 0.007793672583004, "case": 0.0077629494593587, "target": 0.0077232340019731, "molecular dynamics": 0.0075998899940021, "clinical": 0.0075121162084846, "binding domain": 0.0074783541212971, "report reactions": 0.0074783541212971, "structural": 0.0073334850627854, "sars": 0.0073156395469781, "receptor binding": 0.0073086624522631, "plasma": 0.0071822236865677, "protein": 0.0070872614503041, "case report": 0.0070787373798882, "north": 0.0069447255338992, "validation": 0.0067990551991132, "molecular": 0.0065974400892185, "bronchitis": 0.006456536228412, "isolation": 0.0064415868017287, "reactions weekly": 0.0063521481643578, "chronic": 0.0062704831301814, "vaccines": 0.0062635075635452, "blood": 0.0062150104877549, "methods": 0.0061467162322602, "test": 0.0061264494245651, "single": 0.0060995830422945, "anti sars": 0.0060530216121613, "amino": 0.0060384328681978, "feline": 0.006009565418684, "rectal": 0.0059952838087203, "influenza": 0.0059484509606084, "neutralization": 0.0059391389771863, "rotavirus": 0.0059391389771863, "detection sars": 0.0058577232778824, "murine": 0.0058577232778824, "localization": 0.0058182051222547, "retrieval": 0.0057922796625096, "european": 0.0057717305227462, "isolates": 0.0056917594255327, "sars coronavirus": 0.0056433018727338, "report": 0.0056261325681941, "vaccine": 0.0055964443101241, "refractory": 0.0055497165999619, "viral infection": 0.0055383153316666, "sequences": 0.0055044898260948, "swabs": 0.0055044898260948, "antibody response": 0.0054602463212734, "high": 0.005439765611038, "strains": 0.0054384801130638, "potent": 0.0054169442394215, "liquid": 0.0054062611646643, "simulations": 0.0054062611646643, "propagation": 0.0053956338764524, "heterogeneous": 0.0053433142580883, "lymphoma": 0.005333009825603, "situ": 0.005333009825603, "system": 0.00532747594797, "pandemic influenza": 0.0053125561753673, "control": 0.005272471838804, "response": 0.0052452460373857, "positioning": 0.0052035942325962, "peptides": 0.0051748626344271, "leukemia": 0.0051653748733363, "marine": 0.0051559311391374, "lipid": 0.0051278600586685, "sense": 0.0051185884204545, "controls": 0.0051093588306308, "directed": 0.0050281237019377, "sars cov": 0.0050132004964556, "control study": 0.0050105034960413, "factors affecting": 0.0050105034960413, "cov": 0.0049470989215346, "base": 0.0049330476799344, "hepatology": 0.0049246206655417, "compounds": 0.0048995469881958, "replication": 0.0048995469881958, "involved": 0.0048747784747464, "case control": 0.0048665888416908, "estimates": 0.0048584320329037, "virus infection": 0.0048422158429774, "migration": 0.0048341559470249, "extraction": 0.0048261278456163, "mutation": 0.0048022318246791, "distinct": 0.0047552654079586, "spike": 0.0047475419790761, "week": 0.0047093584749782, "domain": 0.0046942834351737, "sequencing": 0.0046942834351737, "quantification": 0.0046644642779909, "proteins": 0.0046570772605593, "screen": 0.0046497169593431, "sites": 0.0046205390965688, "genes": 0.0045846453783514, "nuclear": 0.0045846453783514, "species": 0.0045704632926105, "intestinal": 0.0045634091397315, "detect": 0.0045563793535777, "reactive": 0.0045354345264997, "conventional": 0.004521590112103, "balance": 0.0045009984922345, "transfusion": 0.0045009984922345, "dna": 0.0044604299515162, "panel": 0.0044470848475135, "provide": 0.0044338266829161, "weekly": 0.0044272298503393, "financial": 0.0044010542989111, "regulatory": 0.0043945626791549, "markers": 0.004368801308994, "insight": 0.0043496920505851, "class": 0.0043370515064192, "critically": 0.0043244889908007, "cycle": 0.0043244889908007, "18": 0.0043120035463151, "mrna": 0.0043057894313558, "optimization": 0.0042934178366125,