{"xue": 0.5598747376126667, "da xue": 0.369745715739754, "xue xue": 0.3634596893401215, "xue bao": 0.2504829992373957, "bao": 0.2386387274064514, "yi": 0.2165764472534468, "ban": 0.2072710870656409, "yi xue": 0.2069627392046076, "nan": 0.1830427301075251, "da": 0.1632367224606099, "zhong": 0.1620111677691818, "university medical": 0.1367436076682232, "medical sciences": 0.0978647963691056, "medical": 0.0790236755333179, "university": 0.0765473260056078, "disease 2019": 0.0715307760120874, "sciences": 0.0686515348133518, "coronavirus disease": 0.0655631931964804, "coronavirus": 0.0618420209504163, "central": 0.0598642570321752, "2019": 0.0553247265161848, "south": 0.0537848525311654, "disease": 0.0534956935537477, "zhejiang": 0.0279087095372407, "di": 0.0260671909610133, "patients": 0.0206560193355985, "college": 0.0193025921695274, "academic": 0.0188445164595042, "patients coronavirus": 0.0182016960441686, "sars": 0.0175616449251323, "ct": 0.017241371905547, "features": 0.0154285312897663, "health": 0.0148447709375908, "edition": 0.0139966685226239, "province": 0.0139050754563612, "clinical": 0.0135249744717364, "19": 0.0123834324135112, "mental health": 0.0118318671535853, "epidemic": 0.0117057216691129, "science": 0.0106173937795901, "mental": 0.0105318101280831, "clinical characteristics": 0.0103512310454905, "sars coronavirus": 0.0101603212259711, "severe": 0.0100759578694259, "covid 19": 0.0096899171960799, "covid": 0.0096801630485796, "health sciences": 0.0095648396080926, "beijing": 0.0088967996699186, "characteristics": 0.0086134635329892, "2019 patients": 0.0080213498982758, "preparation": 0.0080066265439734, "findings": 0.0079460998009937, "analysis": 0.0074527298412805, "monoclonal antibodies": 0.0070630548787395, "elderly": 0.006426409766425, "tissues": 0.0064259092345118, "antibodies": 0.0063877180083838, "protein": 0.0063800284453547, "infection": 0.005974367006316, "study": 0.005925815710649, "monoclonal": 0.0059210429380397, "nosocomial": 0.0058511035236515, "diagnosis treatment": 0.0057450912795837, "domain": 0.0056344587740456, "status": 0.0055824401687278, "clinical features": 0.0055721638909015, "pneumonia": 0.0055029825417674, "respiratory syndrome": 0.0054943362365433, "severe acute": 0.0054354727386293, "trend": 0.0053377510293156, "emergency": 0.0051846701878679, "detection": 0.0051625640849853, "diagnosis": 0.0051351176986839, "prevention": 0.0051351176986839, "strategies": 0.0051133076614394, "2019 covid": 0.0049003868778656, "cluster": 0.0047894834833242, "management": 0.0047710094581132, "control": 0.0047463354561949, "treatment": 0.0046877870663069, "cells": 0.0044672934988663, "staff": 0.0044672934988663, "line": 0.0044229799578231, "acute respiratory": 0.0044174968647037, "ke": 0.0044026183142042, "action": 0.0041383208285508, "syndrome sars": 0.0040975085559462, "imaging": 0.0040899486150205, "period": 0.0040098523587263, "severe coronavirus": 0.0039987591621406, "antibodies sars": 0.003952225591876, "specific": 0.0038790015178238, "analysis sars": 0.0038748285765549, "workers": 0.0037631705859115, "liver injury": 0.0036326631319896, "apoptosis": 0.0035895010971204, "knowledge attitude": 0.0035234656379573, "science technology": 0.0034381297118756, "health emergency": 0.0034232349116723, "critical covid": 0.0034158550796755, "terminal": 0.0034158550796755, "cases": 0.0033980232725576, "children": 0.0033908176125861, "rat": 0.0033796103286137, "china": 0.003372895911072, "syndrome": 0.0033693272954497, "patients sars": 0.0033101962822906, "outbreak": 0.0033024957370939, "development": 0.0032852082129989, "hospital": 0.0032817653414508, "public": 0.0032748941218453, "syndrome coronavirus": 0.0032703658457008, "acute": 0.0032172562107108, "2019 pandemic": 0.003200554932281, "respiratory": 0.003193912662802, "outpatients": 0.0031761269484025, "chest ct": 0.0031581213375952, "associated": 0.0031544069452463, "disease 19": 0.0031521779756017, "peptides": 0.0031056444053372, "assistance": 0.0030830260093138, "polymerase": 0.0030718719730747, "pathological": 0.0030608188797241, "management patients": 0.0030122816923487, "care workers": 0.002945411686874, "observation": 0.0029304865502745, "involved": 0.0029255517618257, "pandemic": 0.0029091539682916, "intubation": 0.0029060096092469, "antibiotics": 0.0028963545512237, "severity covid": 0.0028963545512237, "intention": 0.0028915554940491, "sequence": 0.0028678390502313, "glucose": 0.0028631505282375, "complicated": 0.0028491919936834, "igg": 0.0028399741500838, "immunological": 0.0028399741500838, "attitude": 0.0028037831028136, "medical students": 0.0027993337045247, "retrospective analysis": 0.0027773266500406, "psychology": 0.0027429199105815, "perioperative": 0.0027218977310218, "transfusion": 0.0027012312738204, "endoscopy": 0.0026296001536858, "image": 0.0026257411979335, "significance": 0.0026028400554947, "convalescent": 0.0025692738931366, "coronavirus infection": 0.0025047883814907, "professional": 0.0025047883814907, "relation": 0.0025047883814907, "examination": 0.0024874638572642, "prognosis": 0.0024737790252501, "roles": 0.0024636150957517, "prevention control": 0.0024501934389328, "airway": 0.0024270546972052, "transplantation": 0.002423784659162, "situation": 0.0024140267498983, "pathogenesis": 0.0023915569719839, "principles": 0.0023789002941665, "neurological": 0.0023757565125607, "reaction": 0.0023757565125607, "19 cases": 0.00237262080229, "residents": 0.0023508933948545, "gene": 0.0023386490970224, "tissue": 0.0023386490970224, "serum": 0.002320509776287, "predictive": 0.0023175125760602, "modified": 0.0022676542869015, "expert": 0.0022647838778729, "antiviral": 0.0022590632187983, "consensus": 0.0022562129060005, "enhanced": 0.0022477016626403, "expression": 0.0022448777111405, "kidney": 0.0021604246510423, "wuhan": 0.0021604246510423, "characterization": 0.0021577952453345, "liver": 0.0021551714881933, "plasma": 0.0021551714881933, "dynamic": 0.0021369613332704, "index": 0.0021164768534437, "chest": 0.0021114089686639, "biological": 0.002088860171665, "risk factors": 0.002088860171665, "hospitals": 0.0020814354771922, "antibody": 0.0020789705752869, "cardiac": 0.0020691604142754, "events": 0.0020691604142754, "work": 0.0020497733646848, "health care": 0.002025964453253, "students": 0.002025964453253, "severity": 0.001993392963545, "evolution": 0.0019865249502484, "recovery": 0.0019706482004839, "factor": 0.0019616675829665, "identification": 0.0019616675829665, "injury": 0.0019461086658123, "symptoms": 0.0019461086658123, "immune": 0.0019373060440724, "retrospective": 0.0019373060440724, "family": 0.0019263912397117, "19 patients": 0.0019027165896037, "cell": 0.0019005869317328, "epidemiological": 0.0019005869317328, "technology": 0.0018963387240427, "knowledge": 0.0018878863824924, "protection": 0.0018711551827758, "blood": 0.0018649396045799, "responses": 0.0018649396045799, "center": 0.0018628747545876, "prevalence": 0.0018587554978009, "primary": 0.001856701067578, "public health": 0.0018546500872815, "general": 0.0018485177305683, "application": 0.0018363446216964, "de": 0.0018064323067369, "large": 0.0017927200386378, "different": 0.0017830189671469, "activity": 0.001781087965196, "cross": 0.0017772350961349, "world": 0.0017562588689559, "practice": 0.0017449673387979, "changes": 0.0017412265748337, "survey": 0.0017412265748337, "critical": 0.0017356368237518, "comparison": 0.0017044358871464, "therapy": 0.0017044358871464, "infections": 0.0017026251255404, "global": 0.0016669624903619, "potential": 0.0016669624903619, "non": 0.0016529839860809, "factors": 0.0016238004554928, "effect": 0.0016136646423051, "role": 0.0016103046443689, "model": 0.0016002797578857, "system": 0.0015986169142258, "risk": 0.0015723147730494, "care": 0.0015561590020424, "case": 0.0015529533349015, "impact": 0.0015465671322234, "sars cov": 0.0015043122083157, "cov": 0.001484477093759}