{"brasileira de": 0.5169032283050127, "brasileira": 0.4427265070347853, "da": 0.3799060408417987, "de medicina": 0.3162036447731776, "de": 0.3071515414627832, "revista": 0.1967137809544351, "medicina": 0.1927001696666998, "tropical": 0.186995659023487, "wild": 0.0900260881979856, "medicine": 0.0717254941582227, "volume": 0.0681783554787014, "animal": 0.0679163237026005, "bras": 0.0633956668304906, "trop": 0.0583195471001149, "ventilation": 0.0489858536296087, "soc": 0.0463820710018055, "brazil": 0.0447236856671927, "disease": 0.0439419660717752, "rev": 0.0430632128198519, "mechanical ventilation": 0.0426821350690642, "coronavirus disease": 0.0415447815005712, "influenza": 0.0395868748250348, "serological": 0.0392258737287422, "h1n1": 0.0391677149752262, "epidemic": 0.0370872455519679, "virus": 0.0359752209405163, "med": 0.0353439571795956, "coronavirus": 0.0326556858439275, "mechanical": 0.0325764379567244, "pandemic": 0.0322597604121417, "scientist": 0.02739041096166, "avian influenza": 0.0257556991087493, "diseases": 0.0246467122474941, "human": 0.0242356953044907, "strains": 0.0241286830134429, "early": 0.0240085441665759, "donors": 0.0238916841401372, "pandemic influenza": 0.0235700014124595, "clinician": 0.0234801584952853, "noninvasive": 0.0234801584952853, "21st": 0.022791891042071, "face mask": 0.022791891042071, "misinformation": 0.0227505676807934, "authors reply": 0.0227094325814955, "advice": 0.0225065220494964, "limitations": 0.0225065220494964, "breathing": 0.022308071452722, "avian": 0.0222298966035238, "2013": 0.0220755485940855, "em": 0.0217376203884007, "mitigating": 0.021591396323368, "predictor": 0.0214832616335622, "decline": 0.0213410675345321, "university hospital": 0.0208938187650015, "century": 0.0208603154290511, "stages": 0.0208603154290511, "sports": 0.0207275315848372, "2009": 0.020277588171569, "ventilator": 0.0202151025334059, "well being": 0.0202151025334059, "being": 0.0201840211303251, "contemporary": 0.0199391481244578, "shared": 0.0199391481244578, "demand": 0.0195838574876131, "authors": 0.0193262734644142, "values": 0.0191033204409914, "satisfaction": 0.0189667196710018, "reference": 0.0187523680334071, "the": 0.0186470707621588, "hospitalization": 0.0184400900384591, "threat": 0.018313095839789, "well": 0.0181878630599684, "utility": 0.0177746136626191, "resilience": 0.0176800668439689, "icu": 0.0176331621219741, "basic": 0.0175169553869403, "travel": 0.0174479425260259, "successful": 0.0169140448316551, "total": 0.01676409127656, "burden": 0.0166375124931033, "preventing": 0.016574882378319, "brazilian": 0.0164304130773923, "mask": 0.0160299421767367, "characterization": 0.0159519361738079, "index": 0.0156464816355829, "urban": 0.0156090162761068, "risk factors": 0.0154423197504283, "infectious diseases": 0.0153874312003692, "reply": 0.0153510233337856, "distribution": 0.0152786450810564, "practices": 0.0148218207985894, "value": 0.0147365591765671, "experimental": 0.0147026786914895, "reports": 0.0146520951492259, "program": 0.0145517703539704, "face": 0.0145351573986326, "challenge": 0.0143381501938649, "perspectives": 0.014113612972056, "cell": 0.0140504718848215, "epidemiological": 0.0140504718848215, "effective": 0.0139410264395981, "recommendations": 0.0139410264395981, "university": 0.0138022325058045, "blood": 0.0137869418354628, "performance": 0.0137869418354628, "responses": 0.0137869418354628, "prevalence": 0.013741224579924, "public health": 0.0137108745053683, "surveillance": 0.0135457484976482, "lessons": 0.0133835881791122, "large": 0.013253044141092, "state": 0.0131813270152085, "infectious": 0.0130960116842788, "open": 0.0130818705088293, "world": 0.0129834975968375, "life": 0.0129138816877559, "current": 0.0128173124391099, "rapid": 0.0128173124391099, "patient": 0.0122200172140067, "hospital": 0.0121305558016745, "public": 0.0121051573638894, "data": 0.0120545738216259, "factors": 0.0120042720832879, "acute": 0.0118921074274796, "2020": 0.0116236538008175, "risk": 0.0116236538008175, "clinical": 0.011109566581496, "health": 0.0109742960562752, "study": 0.0109519466916987, "covid 19": 0.0102335236444671, "covid": 0.0102232222871844, "19": 0.0101718910592292}