{"urological": 0.2712656916216593, "congress": 0.2317288387872286, "october": 0.2313121316505727, "urol": 0.2139310664385415, "2020": 0.2036964594329316, "leading": 0.2022974481573066, "urology": 0.2019943264596037, "insight": 0.1972750635405446, "17": 0.1927854016779791, "cov covid": 0.1914430808453177, "15": 0.1800163914096359, "pathogen": 0.177401096287645, "asia": 0.1705064681225333, "asian": 0.1669194840477523, "korea": 0.1648728264907427, "opportunity": 0.1557438793733289, "machine learning": 0.15188386056267, "machine": 0.1461484012478857, "predict": 0.136116088348427, "immunity": 0.1341902806781696, "int": 0.131870630265571, "study": 0.1279501725949162, "therapeutic": 0.1273592688726499, "association": 0.1255780878320853, "immune": 0.1254908968546505, "relationship": 0.1254908968546505, "theory": 0.1225632495560967, "effectiveness": 0.1221534026765012, "model": 0.1209363038387905, "comparative": 0.1179117334116725, "learning": 0.1141316501766118, "applications": 0.1134300736236891, "research": 0.1033369909692653, "med": 0.1032297167941919, "sars cov": 0.0974432969682519, "cov": 0.0961584579917042, "sars": 0.0947977295000631, "testing": 0.091810075198888, "covid 19": 0.0896676969919103, "covid": 0.0895774349262208, "19": 0.0891276628677958, "reviews": 0.0476322182785125, "community": 0.0373557145081488, "manufacturing": 0.0342894557538446, "discrimination": 0.0340950672406871, "response": 0.0339845485702455, "review": 0.0339494099054886, "parallel": 0.0323504414424335, "path": 0.0309105633841165, "text": 0.0306603512842398, "bias": 0.0294306783053343, "sharing": 0.0294306783053343, "law": 0.029295899121654, "legal": 0.0285571283500073, "reflections": 0.0275799567847858, "building": 0.0256486592452895, "algorithm": 0.0256148061278516, "comment": 0.0254468321110683, "driven": 0.0251824466723154, "reported": 0.0248912151085589, "policy": 0.0222597705158739, "incidence": 0.0213238572980654, "national": 0.0193122064800935, "american": 0.0189401691425576, "medicine": 0.0174574925949701, "based": 0.0165429118846138, "new": 0.0165089716290684}