{"al": 0.7308259335192312, "la": 0.3492663209695661, "mediterranean": 0.2884614584003488, "de": 0.2501329780708356, "eastern": 0.2428981494788385, "revue": 0.2308971175062265, "de la": 0.2203320288398815, "health": 0.1321408927181196, "region": 0.0564568425691987, "reference": 0.0376327046370659, "covid 19": 0.0342281369498316, "covid": 0.0341936819292452, "19": 0.0340219940178966, "respiratory infections": 0.0225031387068888, "care": 0.019239120238003, "pandemic": 0.0179832404379524, "public": 0.0161952812519073, "respiratory": 0.0157948049443997, "forces": 0.0155884150667359, "agenda": 0.0153021072287896, "infection": 0.0147724705546944, "care workers": 0.0145658970631703, "workers": 0.0139574602499061, "public health": 0.0137576568905109, "2009": 0.0135645177372312, "influenza": 0.0132406492621895, "h1n1": 0.013100452578803, "frontline": 0.0130232634841315, "infections": 0.0126299469916088, "technical": 0.0125265482940452, "experience": 0.012509945943483, "persistent": 0.0123696572795035, "threat": 0.0122503875333026, "hospital": 0.0121719460378178, "research": 0.0118338023531438, "response": 0.0116753863375231, "intensive care": 0.0115652837821993, "res public": 0.0114695328633083, "response covid": 0.0114018307350127, "literature review": 0.0113725814553166, "sars cov": 0.0111588764695496, "ban": 0.0111414605942487, "burden": 0.0111295205034556, "int environ": 0.0110973724794639, "cov": 0.0110117410598433, "acute respiratory": 0.0109228881135526, "sars": 0.0108559150397963, "teaching": 0.010815508139536, "preparedness": 0.0108022188834518, "intensive": 0.0106063109708588, "overview": 0.0104290246536674, "action": 0.0102325857318469, "regional": 0.0101724860871918, "low middle": 0.0101316715940505, "health online": 0.0100377785736776, "health care": 0.0100189694402428, "cov antibodies": 0.0095810637329666, "literature": 0.0092946222301311, "middle income": 0.0092549399653145, "emerging": 0.0090712703650239, "healthcare": 0.0088751503936419, "income countries": 0.0087322029356469, "prevention": 0.0084648716668507, "health emergency": 0.0084644342875185, "knowledge attitudes": 0.0083742788693886, "health research": 0.0083214498448061, "epidemic": 0.0082697310261659, "environ res": 0.0080864438203445, "19 pandemic": 0.0080722448024695, "virus": 0.0080217712681867, "acute": 0.0079551227082952, "respiratory disease": 0.0079291175083524, "prevention covid": 0.0079138264264346, "abuse": 0.0078986123780018, "workers covid": 0.0078534247684559, "review": 0.0077755429698336, "continuing": 0.0076791466749019, "operational": 0.0076371044800021, "learnt": 0.0075683091993136, "morbidity mortality": 0.0075547362226379, "dr": 0.0074222596223294, "control measures": 0.0073708544283993, "tobacco": 0.0073203096129516, "fight covid": 0.0073078044926953, "zoonotic": 0.0073078044926953, "basis": 0.0072705968488176, "infection prevention": 0.0071975291985019, "violence": 0.0071855213010642, "virus infection": 0.0071855213010642, "seroprevalence": 0.0070222392537744, "political": 0.0068998659577999, "military": 0.0067927631652123, "2014": 0.0067509634359479, "act": 0.0067509634359479, "income": 0.0065794993673248, "unique": 0.0063803074768764, "ebola": 0.0063257279992869, "immunization": 0.0062988037594943, "meeting": 0.0062898820920698, "morbidity": 0.0062368985887422, "coronavirus infection": 0.0061934448573705, "20": 0.0060584511115027, "prevention control": 0.0060584511115027, "19 case": 0.0060502110457444, "addressing": 0.0060256248945359, "introduction": 0.0059371503793705, "editorial": 0.0058977758681959, "attitudes": 0.0058589081215681, "mental health": 0.0058511942419544, "residents": 0.0058129176557114, "fight": 0.005797741833692, "healthcare workers": 0.0057303788424431, "southern": 0.0057303788424431, "reducing": 0.0056644857071051, "nurses": 0.0056500360038119, "post covid": 0.0056500360038119, "19 epidemic": 0.0056142113580112, "maternal": 0.0056142113580112, "planning": 0.0055929187981721, "enhanced": 0.0055577614485332, "preventing": 0.0055438123141405, "settings": 0.005475017033452, "issues": 0.0052839402632754, "antibodies": 0.0052648465291125, "framework": 0.005258508683708, "environ": 0.0052458727563747, "field": 0.0052082791311703, "mental": 0.0052082791311703, "improving": 0.00520205877423, "middle": 0.0051042370326403, "19 outbreak": 0.0050922291352026, "child": 0.0050862430435959, "inflammatory": 0.0050624166302479, "update": 0.0050564892834446, "guidelines": 0.0049689474372881, "key": 0.0049632005616684, "practices": 0.0049574646012986, "19 infection": 0.004917615058756, "novel coronavirus": 0.0048174959818791, "challenge": 0.0047956909613259, "countries": 0.0047794398966749, "family": 0.0047632758140531, "italy": 0.0047312049049377, "perspectives": 0.0047205898422449, "group": 0.0047047368807665, "year": 0.0046942142839645, "adults": 0.004688966702754, "knowledge": 0.0046680670883616, "women": 0.0046473111150655, "prevalence": 0.0045960368404906, "measures": 0.0045707225076369, "lessons": 0.0044764179474239, "strategy": 0.0044279420715021, "long": 0.0043755022306345, "res": 0.0043755022306345, "low": 0.0043613570889579, "mortality": 0.004337928094593, "int": 0.0043146794637899, "emergency": 0.0042732776881138, "future": 0.0042687123324041, "post": 0.0042324358334253, "online": 0.0041523727054564, "diseases": 0.0041218014023274, "global": 0.0041218014023274, "potential": 0.0041218014023274, "outbreak": 0.0040829447690146, "novel": 0.0039734215560671, "time": 0.0039610361023703, "management": 0.0039323327286743, "control": 0.0039119960711718, "use": 0.0038557713738365, "case": 0.0038398975805126, "clinical": 0.0037158243789304, "disease": 0.0036743249070489, "coronavirus": 0.0036407899047914}