{"perinatal": 0.3695847476430673, "ke za": 0.2885869981771402, "zhonghua": 0.2467417326100299, "ke": 0.2420442208828302, "za zhi": 0.2266988137611762, "zhi": 0.2185497921706487, "za": 0.2042089247981882, "european association": 0.195281154585898, "fetal neonatal": 0.195281154585898, "medicine official": 0.1832009342364394, "official european": 0.1785135182483752, "medicine": 0.1481670242432035, "international society": 0.1449612016667523, "federation": 0.1404823429893001, "societies": 0.138983435643002, "pregnant women": 0.1377065893534924, "fetal": 0.1264479673422096, "yi xue": 0.1264251088467476, "maternal": 0.1248277680395145, "pregnant": 0.1220360342928502, "covid 19": 0.1141555331765728, "covid": 0.1140406209553374, "19": 0.1134680182136603, "yi": 0.1102481096472063, "asia": 0.103367143520179, "women": 0.1033294681809692, "xue": 0.100589610698345, "neonatal": 0.09958490267244, "neck surgery": 0.0908411447045375, "official": 0.0899752900583551, "society": 0.080635533157413, "european": 0.0793471601639436, "international": 0.076210169571664, "association": 0.0761299461003459, "head neck": 0.061036009936535, "infection": 0.0547424624814137, "complication": 0.0521290392362335, "neck": 0.0519607501376726, "otolaryngology head": 0.049722589921192, "rare": 0.0452716661734112, "head": 0.0446584128896955, "novel": 0.0441730202779226, "sars cov": 0.04135153793046, "clinical": 0.0413092805089016, "staff": 0.0409333150267835, "cov": 0.0408062970639634, "dental": 0.0407293742566945, "coronavirus": 0.0404751129530778, "sars": 0.0402288513331043, "pregnancy": 0.0381891875971185, "19 infection": 0.0364464910395693, "delivery": 0.0357857096285914, "novel coronavirus": 0.0357044669090334, "une": 0.0336956684109158, "surgery": 0.0336894705538657, "19 rev": 0.0334478832556005, "coronavirus pneumonia": 0.0320663980397216, "outcomes": 0.0319435820597832, "otolaryngology": 0.0317812572052578, "prevention": 0.0313683427505837, "epidemic": 0.0306452085150652, "transmission": 0.0305806129589349, "women covid": 0.0303929626357572, "obstetrics gynecology": 0.0300863359938994, "du": 0.0294399469272097, "medical": 0.0289634070920164, "risk": 0.0288138918756195, "clinical course": 0.0286678358127231, "clinical research": 0.028614670998571, "confirmed covid": 0.0277966871286004, "vertical": 0.0275528610932598, "gynecology": 0.026942708989689, "admitted": 0.0258139605179246, "bio": 0.0258139605179246, "perioperative": 0.0249404471237178, "obstetrics": 0.0247510826677381, "existing": 0.0242014875067141, "spontaneous": 0.0238842361805342, "section": 0.0232098651836701, "emergencies": 0.0231446103496181, "infant": 0.0231446103496181, "containment": 0.0231121250660476, "manage": 0.0228555826614295, "adherence": 0.0227923555309212, "preprint": 0.0227608754192158, "scoping review": 0.0225429597542574, "prevention control": 0.0224508508200427, "reporting": 0.0223594938038806, "scoping": 0.0222688765287594, "respir": 0.0220898139513813, "clinics": 0.0219135713746058, "selection": 0.021682817378158, "province": 0.0212351107842988, "universal": 0.0212351107842988, "cov infection": 0.0211259277491845, "suspected": 0.0209909300647864, "aerosol": 0.0208575414495193, "confirmed": 0.0207782648086887, "predictors": 0.0206473724120975, "vs": 0.0202385169945327, "masks": 0.0196044247945672, "outbreaks": 0.0192084419048337, "department": 0.0191855794406373, "japan": 0.0191855794406373, "hospitals": 0.0190719625020055, "antibody": 0.0190493768791389, "services": 0.0188703143017609, "course": 0.0186286898116639, "bmc": 0.0186069804501869, "guidelines": 0.0184134683261508, "importance": 0.0181605497124918, "models": 0.0180774979596624, "prediction": 0.0178522334545167, "rev": 0.0177915765454165, "oral": 0.0177312466293281, "chinese": 0.0174539290544153, "protection": 0.0171451874787268, "public health": 0.0169939531186864, "investigation": 0.016900459071724, "methods": 0.016900459071724, "pneumonia": 0.0168077396322267, "screening": 0.0165341032047059, "level": 0.0163908542430097, "low": 0.0161619159047472, "systematic": 0.0159717910298916, "critical": 0.0159034477803507, "strategies": 0.0156175570575844, "testing": 0.0155843980041937, "severe": 0.0153874808005665, "diseases": 0.0152741924776453, "hospital": 0.0150352259818696, "public": 0.0150037458701642, "model": 0.0146631859932968, "research": 0.0146175387281125, "management": 0.0145720768957961, "control": 0.0144967151811657, "response": 0.0144218575620438, "review": 0.0144069459378097, "use": 0.0142883628698166, "care": 0.0142589123993156, "analysis": 0.0136577074454615, "disease": 0.0136159752442173, "health": 0.0136020990213211}