{"science iccs": 0.5059277174101064, "iccs": 0.4872873855608558, "computational science": 0.4383224150401194, "computational": 0.213488001616623, "science": 0.1931940813915938, "2020": 0.1819585650205037, "series earth": 0.1541779974704676, "earth environmental": 0.1527554377007033, "iop conference": 0.1442523185348777, "iop": 0.1279047107077126, "conference series": 0.1166828754035801, "environmental science": 0.1035571550115584, "advances": 0.1015482711668643, "learning": 0.0923337527748497, "earth": 0.0893108405366834, "conference": 0.0628312589720841, "environmental": 0.0545589160469329, "series": 0.0522983744036969, "networks": 0.0463202221134445, "information": 0.0455985989953775, "based": 0.0434960388703816, "knowledge": 0.0412223733630497, "machine learning": 0.0409585679052276, "machine": 0.0394118848084062, "covid 19": 0.039293663060262, "covid": 0.0392541089363655, "19": 0.0390570124087356, "convolutional": 0.037100700974235, "analysis": 0.0358010033267121, "neural": 0.0352288720695104, "uncertainty": 0.0336603628302009, "proc": 0.0331855160360581, "online learning": 0.03165149836518, "biomed": 0.0312904567797151, "imaging": 0.0312566935397448, "systems": 0.0287273582845406, "data": 0.0284836614392641, "processing": 0.0273462753942115, "classification": 0.0259718797245989, "mining": 0.024527467404059, "deep": 0.0240843658389244, "generation": 0.0239065725083301, "neural network": 0.023738623773885, "retrieval": 0.0227709325751729, "19 pandemic": 0.0213851096927221, "model": 0.0209654554246449, "tourism": 0.0206485292688252, "software": 0.0199072047580814, "deep learning": 0.0197668400815519, "social": 0.0194241557496418, "pandemic": 0.0190565860578736, "online": 0.0183342114377083, "students": 0.0176949341627232, "processes": 0.0176144360347552, "neural networks": 0.0174627397813054, "modeling": 0.0174305226406357, "research": 0.0174168240541517, "prediction": 0.0170167749761033, "discovery": 0.0164766372372676, "learning approach": 0.0164730541217484, "lung": 0.0164339151296269, "search": 0.0159848265880683, "quantum": 0.0155293551062072, "stochastic": 0.0150802979898497, "learning covid": 0.014666129579226, "students covid": 0.0146355637597731, "iccsa 2020": 0.0144646460570258, "approach": 0.0141528112172623, "ct": 0.0141175789875263, "management": 0.0138901249584264, "applications": 0.0137649254509976, "media": 0.0137649254509976, "applications iccsa": 0.0136974381161705, "iccsa": 0.0136974381161705, "regional": 0.0134745499018894, "communication": 0.0132866606874259, "key": 0.013148583948518, "ability": 0.0127545368251109, "extraction": 0.0126484951435144, "method": 0.0124499077119336, "implementation": 0.0124359815441938, "empirical": 0.0123424616390829, "functions": 0.0121286955805014, "methods": 0.012082156684306, "transformation": 0.0120718525462532, "application": 0.0120290846399655, "network": 0.0120026800570994, "private": 0.0119415282746985, "recurrent": 0.0119231677715502, "sampling": 0.0118143125464337, "plast reconstr": 0.0117668475956833, "income": 0.0116203376827218, "class": 0.0113667057050597, "3d": 0.0113337813974421, "agent": 0.0112847728973794, "social media": 0.0112685362915453, "science applications": 0.0111879668518225, "enhance": 0.0111403926891127, "behaviors": 0.011108832118343, "fast": 0.011108832118343, "regions": 0.0109690759771374, "assessment": 0.0109195369165988, "lesions": 0.0109081185033903, "development": 0.010759975874672, "automated": 0.0107293178203188, "supporting": 0.0106277200647414, "reconstr": 0.0106059150487905, "source": 0.0105847636910968, "des": 0.010416316400272, "convolutional neural": 0.0103092918016205, "risk": 0.0102995414162549, "new": 0.010016953903277, "molecular dynamics": 0.009959037012218, "video": 0.0099280952735465, "engineering": 0.0099155008854098, "frequency": 0.0099155008854098, "study": 0.0097043520456393, "case study": 0.0096218274012297, "total environ": 0.0096132043541478, "modelling": 0.009586229576783, "sci total": 0.0095774070321204, "rural": 0.009562629003332, "history": 0.009343483158985, "capacity": 0.0091547574248591, "east respiratory": 0.0091511128537837, "plast": 0.0090037350017295, "dynamics": 0.0086652729422571, "models": 0.0086157487155399, "program": 0.0085960670662786, "learning based": 0.0084842617204047, "education": 0.0084221259707189, "context": 0.0083653837238952, "mesh": 0.0083018411934855, "technology": 0.0082813863832309, "multi": 0.0081895816917249, "affinity": 0.0080296900732171, "large": 0.0078288794763789, "euro surveill": 0.0077827580321802, "iot": 0.0077646775531036, "open": 0.0077277632556637, "income countries": 0.0077111601628992, "low": 0.0077027809107046, "perspective": 0.0076285283765249, "outcomes": 0.0076121672566478, "chaos": 0.0076072433625677, "fuzzy": 0.0075903108583909, "community": 0.0075552953601955, "sentiment": 0.0075401489949248, "detection": 0.0075150406717793, "young people": 0.0075072243736627, "forecast": 0.007490913249734, "graph": 0.007490913249734, "idiopathic": 0.0074425700447236, "testing": 0.0074275354579878, "interstitial": 0.0073794461403873, "big data": 0.0073638958896302, "emotion": 0.0073638958896302, "music": 0.0073638958896302, "mers cov": 0.0073025860527394, "programming": 0.0072874763213921, "indonesian": 0.0071985727406753, "extreme": 0.007184039405259, "human": 0.0071582926739376, "price": 0.0071409086465927, "syndrome coronavirus": 0.0071409086465927, "high": 0.007128369897574, "effects": 0.007120915359816, "press": 0.0070984643483124, "traffic": 0.0070844650487179, "contagion": 0.0070291913509848, "surveill": 0.0069884751334058, "system": 0.0069812234373665, "computing": 0.006975040039758, "algorithms": 0.0069483712130281, "euro": 0.0069351361464158, "sensor": 0.0069219664384234, "linear": 0.0068828430896084, "organizations": 0.0068570761215379, "epithelial": 0.006831555731106, "matrix": 0.0068062772437492, "case": 0.0067818087762451, "infrastructure": 0.0067812361165855, "insurance": 0.0067812361165855, "seven": 0.0066713727830812, "points": 0.0066357349193604, "micro": 0.0065889466938506, "simulated": 0.0065889466938506, "creating": 0.006554386463553, "time series": 0.0065429652022043, "diffusion": 0.006508991998202, "base": 0.006464357308629, "structures": 0.006464357308629, "middle east": 0.0064533143924412, "em": 0.0064204573799165, "seeking": 0.0063772684125554, "complexity": 0.0063559334151778, "providing": 0.0063559334151778, "economy": 0.0063453295823255, "set": 0.0063347677449608, "interval": 0.0062825770294413, "expanding": 0.006272260341725, "16": 0.0062619834101295, "regression": 0.0062011398483424, "soft": 0.0061911328555545, "fusion": 0.0061514762073706, "mode": 0.0061416535058466, "spreading": 0.0061416535058466, "malaysia": 0.0061221159792786, "applying": 0.0060930754696426, "block": 0.0060834651513189, "business": 0.0060453664969622, "february": 0.0060453664969622, "respiratory syndrome": 0.0059984960383555, "comparative analysis": 0.0059342312311359, "look": 0.0059161507520593, "art": 0.0058892578137593, "sources": 0.0058450302586766, "big": 0.0058362720884116, "dengue": 0.0058101688413609, "2017": 0.005784318618457, "power": 0.0057672233006304, "industry": 0.0057587165615234, "dietary": 0.0057502368709171, "january": 0.0057502368709171, "memory": 0.0057502368709171, "image": 0.0057333579509726, "event": 0.0056999172563966, "large scale": 0.0056833528525298, "security": 0.0056586975726185, "mers": 0.0055860705607644, "implementing": 0.0055544160591715, "decision making": 0.0055465607944382, "high risk": 0.0055387285995317, "protocols": 0.0055231328799464, "weight": 0.0055076278336617, "nat": 0.0054999089847164, "one": 0.0054999089847164, "biomarkers": 0.0054922124124225, "efficient": 0.0054768855860474, "recognition": 0.0054540592516951, "short term": 0.0054464936850643, "accuracy": 0.0054239249146992, "2018": 0.0054164442353234, "threat": 0.0054089844809523, "rare": 0.0053941272812513, "sensitivity": 0.0053941272812513, "problem": 0.0053867296053598, "energy": 0.0053282755293561,