{"sci pollut": 0.4996909060776905, "pollut res": 0.4743074346030269, "pollut": 0.3272293821366255, "environ sci": 0.3089453881942577, "res int": 0.2900270897955532, "environ": 0.1710143024411169, "revue medicale": 0.1557153716296051, "gynaecology obstetrics": 0.1524100945439808, "sci": 0.1449790218020271, "res": 0.1426404140077962, "suisse": 0.1407604306369576, "int": 0.140657605135464, "medicale": 0.1255878129935427, "revue": 0.0984376038245954, "gynaecology": 0.0929654819063711, "obstetrics": 0.070618291681376, "sars cov": 0.049159044310767, "cov": 0.0485108575380956, "sars": 0.047824385360976, "internet": 0.0464432135575415, "international": 0.0434876490547532, "federation": 0.0400815722143443, "covid": 0.0391653648752802, "morbidity mortality": 0.033281452101226, "transmission sars": 0.0318884657548551, "mortality covid": 0.0296948905449953, "organ": 0.0290878895417965, "coverage": 0.0285600781756903, "immunization": 0.0277485976265409, "morbidity": 0.0274758820856554, "covid 19": 0.0271418050916683, "19": 0.0269783404167488, "official": 0.0256712054286795, "air": 0.0256419387148408, "environmental": 0.0251241099289981, "correlation": 0.0238525255209317, "mortality": 0.0229322441198376, "temperature": 0.0207579975221989, "epidemiological": 0.0207029357950738, "review": 0.0205525132805643, "study": 0.0193648256982102, "transmission": 0.0181772405905046, "correction": 0.0171532668689005, "cov virus": 0.0158665429919199, "coronary artery": 0.0158281192680084, "detection sars": 0.0153174312966323, "air quality": 0.0151127267269478, "prevention": 0.0149163763033383, "aerosol": 0.0148773688570645, "long covid": 0.0141929155868029, "effect": 0.0140620120770653, "neurologic": 0.0140539608872006, "role": 0.0140327319340173, "nanoparticles": 0.0139722969423321, "survival": 0.0137502142883696, "heart": 0.0135876324165098, "particles": 0.0135817797890096, "cardiac": 0.0135235156544183, "heart failure": 0.0134577260914346, "oil": 0.0133605240714481, "wastewater": 0.0133605240714481, "failure": 0.0132720777347418, "ward": 0.0128774500139378, "patients": 0.0128573888697728, "2019 ncov": 0.0125781612059035, "stress": 0.0123387538594197, "disinfection": 0.0121394238113367, "ncov": 0.0119698697747012, "bias": 0.0118779562179981, "artery": 0.0117341187418698, "coronary": 0.0117341187418698, "psychiatric": 0.0116636321134803, "quality": 0.0115904624861474, "power": 0.011508370002874, "origin": 0.0114913949880258, "critical": 0.0113436887707968, "concern": 0.0111627929255491, "testing": 0.0111161153909169, "potential": 0.0108948504805184, "human": 0.0107131642542171, "virus": 0.0106016750960469, "water": 0.0104901602470711, "principles": 0.0103652654305289, "cognitive": 0.0101370633433271, "rehabilitation": 0.0099689287891615, "matter": 0.0099308714447781, "essential": 0.0098306960135436, "analysis": 0.0097418361555115, "resistance": 0.0094709873212272, "recent": 0.0093223597998596, "functional": 0.0092551379042386, "low middle": 0.0089267641629188, "natural": 0.0088894657492318, "guidelines": 0.0087560323089544, "modeling": 0.0086955582190644, "family medicine": 0.0084650808534641, "escherichia coli": 0.0084183984048336, "escherichia": 0.0083953607603046, "understanding": 0.0083936079925758, "context": 0.0083464716113977, "19 patients": 0.0082904535926433, "lockdown": 0.0082719111953379, "cov vaccine": 0.008261172765412, "literature": 0.0081892607613264, "middle income": 0.0081542977035348, "systematic review": 0.008107874359818, "induced": 0.0080989077820561, "cov outbreak": 0.0080717846943278, "oxidative stress": 0.0080515501380974, "sustain": 0.0079140596340042, "coli": 0.0078572425716043, "de la": 0.0077651630956772, "long": 0.00771029264907, "income countries": 0.0076937270918889, "cov rna": 0.0076413811810064, "systematic": 0.0075949579846934, "changes": 0.007586814658479, "results": 0.0075301576389142, "detection": 0.0074980509795788, "les": 0.0074902523522248, "degradation": 0.0074739781038083, "human coronavirus": 0.0074578027876044, "nervous system": 0.0073783690882207, "china": 0.0073481350760133, "syndrome": 0.0073403605492213, "coronavirus sars": 0.0073318227469752, "oxidative": 0.0073318227469752, "scan": 0.0073318227469752, "vaccine": 0.0073171048852229, "epidemic": 0.0072862545806069, "development": 0.0071571001117174, "hospital": 0.0071495995288792, "effects": 0.007104816689771, "2019": 0.0070899724328861, "abnormalities": 0.007082416434583, "bibliometric": 0.0070545540719209, "extracorporeal": 0.0069726758787306, "system": 0.0069654405770249, "respiratory": 0.0069582051406381, "nervous": 0.0069326626236325, "management": 0.0069293613700657, "medical": 0.0068863867410281, "associated": 0.0068721386397653, "risk": 0.0068508377601881, "zinc": 0.0068288121229166, "treatment": 0.0068084900886378, "considering": 0.0067659053792826, "pandemia": 0.0067659053792826, "material": 0.006680262035724, "based": 0.0066765699738571, "new": 0.0066628719929539, "kinetics": 0.0066562904202452, "oxide": 0.0066562904202452, "embolism": 0.0066443851148299, "air pollution": 0.0066089855063932, "saliva": 0.0065740506764978, "indoor": 0.0065281731379003, "neutralizing": 0.0065281731379003, "cardiopulmonary": 0.0065168262920426, "rats": 0.0065168262920426, "precision": 0.0065055276282657, "disease": 0.0064747128050271, "respiratory failure": 0.0064608067214279, "developed": 0.0064497429577898, "endemic": 0.0064497429577898, "centered": 0.0063521862798086, "pandemic": 0.0063378345728826, "economy": 0.0063309843244323, "care unit": 0.0063099499751989, "waste": 0.0062890806029517, "observations": 0.0062787069784231, "plant": 0.0062580802757398, "interview": 0.0062376122415711, "discussion": 0.0061082753534395, "resuscitation": 0.0060697119056683, "fetal": 0.0060128948432684, "carbon": 0.0059942222661385, "deficiency": 0.0059027757638617, "perinatal": 0.0058582046828254, "income": 0.0057970334526705, "uptake": 0.0057970334526705, "financial": 0.005754185001437, "link": 0.0057456974940129, "pollution": 0.0057456974940129, "event": 0.0056870311199159, "measuring": 0.0056870311199159, "mathematical": 0.0056705041641662, "antibiotic": 0.0056377550575753, "promoting": 0.0056296303754724, "detecting": 0.0055734418041704, "enhance": 0.0055576034757318, "and": 0.0055418588657616, "il": 0.0055106464102503, "la": 0.005495176417131, "multidisciplinary": 0.0054874750186393, "fluid": 0.005472138772602, "symptom": 0.0054568904138439, "urgent": 0.0054568904138439, "personnel": 0.0054417289407924, "hepatitis": 0.0053819324620611, "sensitivity": 0.0053819324620611, "associations": 0.005345230758506, "reproductive": 0.005345230758506, "surface": 0.005345230758506, "areas": 0.0053090284133687, "causes": 0.005301846678047, "susceptibility": 0.005259158628979, "antimicrobial": 0.0052241010556884, "severe covid": 0.0052241010556884, "bacterial": 0.0052032861021775, "des": 0.0051963838121298, "icu": 0.0051963838121298, "properties": 0.0051894993805497, "neurological": 0.0051757837248128, "spatial": 0.0051757837248128, "organization": 0.0051553418983722, "treatments": 0.0051553418983722, "vitamin": 0.0051350559196461, "intensive care": 0.0050949421249277, "rna": 0.0050751097499739, "mitigation": 0.005061969815511, "literature review": 0.0050100495082573, "successful": 0.0049844643945807, "pharmaceutical": 0.0049528251238021, "resources": 0.0049153480067718, "brazilian": 0.0048419411079746, "iran": 0.0048419411079746, "pregnant": 0.0048359143073881, "randomized": 0.0047646377780573, "technologies": 0.0047529417973734, "focus": 0.0047354936606136, "stage": 0.0047124060422596, "impacts": 0.0047009369239794, "trials": 0.0046781459382057, "intensive": 0.0046724785637067, "issues": 0.0046555485087879, "area": 0.0046387254939202, "caused": 0.004605395229454, "overview": 0.004594377278633, "improving": 0.0045834047627898, "cardiovascular": 0.0045615945478792, "increase": 0.0045615945478792, "risk factors": 0.0045507561161057, "simulation": 0.004545353411059, "pregnancy": 0.0045399616537504,