{"lancet glob": 0.430332727883398, "health": 0.416696144236085, "world health": 0.3366567876538902, "glob health": 0.3053902539059954, "bull": 0.2746617199949007, "glob": 0.2393723619602295, "organ": 0.2082147521736632, "lancet": 0.1933777031280092, "public health": 0.173534852446561, "doi": 0.1663646373177605, "world": 0.16432863847053, "public": 0.1532117222838321, "28": 0.1397021417726342, "published": 0.1370990556617384, "sustainability": 0.1212422747655865, "20": 0.1146291582996027, "building": 0.1111467221454343, "correction": 0.092088922563757, "10": 0.0913570226527302, "online": 0.0785651281841655, "development": 0.0768471269066482, "2020": 0.0735587305691191}