{"annual meeting": 0.4746029813063585, "rheum": 0.4425228194729859, "abstract": 0.3884903939685281, "2013": 0.3575515743977987, "arthritis": 0.3294496205405469, "annual": 0.3143998133689758, "meeting": 0.3045871873534271}