{"syndrome coronavirus": 0.3594839523851234, "emerg infect": 0.3021742661273611, "respiratory syndrome": 0.3019732041052578, "severe acute": 0.2987380182147948, "acute respiratory": 0.2427892332994094, "syndrome": 0.1851809782443105, "severe": 0.1845942895414792, "acute": 0.1768230273047742, "respiratory": 0.1755400468584154, "infect dis": 0.1668101965642196, "emerg": 0.1659658272964844, "coronavirus": 0.1618518070311083, "infect": 0.1427749564283804, "dis": 0.138655531246071, "angiotensin converting": 0.1288082464378542, "converting enzyme": 0.1282270533432339, "nursing homes": 0.1215353229360709, "june 2020": 0.1186471441337475, "converting": 0.1157152842744841, "2020": 0.1152209376926112, "august": 0.114212703438862, "argentina": 0.1125550606265911, "island": 0.110956632165377, "july": 0.1075561686601604, "homes": 0.1027321385419354, "enzyme": 0.1017627597162781, "transfusion": 0.098974583724914, "dengue": 0.0974975110538596, "angiotensin": 0.0967768636085947, "june": 0.0956474348482868, "personnel": 0.0915218157508824, "usa": 0.0879789407102654, "march": 0.0837243712602307, "interaction": 0.0832991781396876, "pharmaceutical": 0.0832991781396876, "hospitals": 0.0762649284798205, "co": 0.0735465838065023, "nursing": 0.0723710615279153, "identification": 0.0718765676647043, "infected": 0.0716313547811349, "design": 0.0704250488783025, "healthcare": 0.0657576682738243, "changes": 0.063799489175613, "current": 0.0635266149198947, "characteristics": 0.0631203981584006, "virus": 0.0594348208904502, "patients": 0.0540605563038869}