{"del": 0.5173700635656152, "le": 0.5022897996440988, "archives": 0.3986579390079746, "chest": 0.3647387837303019, "disease": 0.2678608920844929, "covid": 0.1765693431307257, "covid 19": 0.1663503642112739, "19": 0.1653484998136518, "patients": 0.0406323343755821, "pulmonary": 0.0339897904184673, "rehabilitation": 0.0286401180060227, "review": 0.0236184415848442, "lung": 0.0235534433532404, "care": 0.0233757585417751, "pneumonia": 0.0229618765368816, "tuberculosis": 0.0226515415383668, "centre": 0.0220643385206202, "pandemic": 0.0218498497371985, "tertiary": 0.0216615233988784, "fibrosis": 0.0213994919529713, "severe": 0.0210215913672762, "myocardial": 0.0207944406984181, "patients covid": 0.0204550219004577, "acute": 0.0201366002900671, "narrative review": 0.0200451848194223, "19 patients": 0.0190543697713969, "clinical": 0.0188115439598652, "india": 0.0186141303246278, "19 pneumonia": 0.0184782250313062, "cystic fibrosis": 0.0178888123428432, "narrative": 0.0177966065851718, "post covid": 0.0171621513540622, "diagnosis": 0.0171415319172234, "gender": 0.0170101644526615, "infective": 0.01681585182987, "cystic": 0.0166425959504041, "patient": 0.0165534732124998, "myocardial infarction": 0.0164079991608726, "19 pandemic": 0.0163464547805307, "lung ultrasound": 0.0161504653819603, "respiratory": 0.0159923956166409, "case": 0.0155517365237775, "cardiac": 0.0155408907974118, "differences": 0.0154860155473927, "infarction": 0.0147231018787125, "sars": 0.0146556279070414, "radiological": 0.0143362204267032, "emerging": 0.013777125922129, "respiratory syndrome": 0.0137554792541757, "tertiary care": 0.0137554792541757, "mortality covid": 0.0136498544607398, "severe acute": 0.0136081101108389, "mortality": 0.0131765847991439, "spontaneous": 0.0130517700620161, "post": 0.0128561489379175, "experience": 0.0126664435157782, "threat": 0.0124036380683008, "country": 0.0121690412787692, "role": 0.0120945521942365, "severe covid": 0.0120068162888653, "ultrasound": 0.0118800651503119, "risk": 0.0118092207924221, "treatment": 0.0117362234421873, "presentation": 0.0114414342360415, "sars cov": 0.0112984723626826, "infection": 0.0112179539812686, "cause": 0.0111842014031218, "cov": 0.0111494963107767, "health": 0.0111494963107767, "hospitalized": 0.0111284787076721, "acute respiratory": 0.0110595318272781, "coronavirus": 0.011059006943003, "profile": 0.0108838251431147, "overview": 0.010559490208601, "risk factors": 0.0104592334794166, "events": 0.0103605938649412, "outcome": 0.0102635200249134, "syndrome sars": 0.0102584173062162, "update": 0.0102394904320517, "health care": 0.0101443052651442, "co": 0.0100505789322937, "factor": 0.0098223612750942, "injury": 0.0097444554633935, "indian": 0.0097223777371951, "anti": 0.0095058764198372, "home": 0.0094634809397192, "care professionals": 0.009299327217791, "cov virus": 0.0091167200257318, "zur": 0.0090946422275986, "complications covid": 0.0090509591738577, "lung disease": 0.008986582864347, "respiratory viral": 0.0088617589306371, "pandemic indian": 0.008761495464373, "survey": 0.0087185803692329, "19 india": 0.008683586491723, "cerebrovascular": 0.0086644155088155, "mis": 0.0086644155088155, "19 evidence": 0.0086453639720597, "elevation": 0.0086264304022319, "viral": 0.0085707659586117, "therapy": 0.008534363925447, "syndrome": 0.0084353613826599, "non covid": 0.008407925914935, "habits": 0.0083904028769651, "patients admitted": 0.0082370567862635, "nursing home": 0.0082204835112326, "valve": 0.0082204835112326, "syndrome coronavirus": 0.0081876040357525, "effects": 0.0081646801861975, "inpatients": 0.0081550743485598, "2019": 0.008147621532138, "axis": 0.0081389383651646, "co infection": 0.0081389383651646, "factors": 0.0081306103291942, "evaluation": 0.0081221224395387, "related": 0.0081221224395387, "reinfection": 0.0080595115162076, "tracheal": 0.0080595115162076, "previously": 0.0080438707570028, "lymphoma": 0.008012827223792, "factors covid": 0.0079974228498649, "management": 0.0079630512582586, "lombardy": 0.0079365698612629, "strategies covid": 0.0079365698612629, "lockdowns": 0.0079065915646967, "pandemic era": 0.007862168094386, "alveolar": 0.0078329069930283, "northern italy": 0.0078183807815879, "lung injury": 0.0078039232522547, "patients hospitalized": 0.0077895337586055, "ventricular": 0.0077895337586055, "characteristics covid": 0.0077752116632999, "bleeding": 0.0077609563379119, "diabetes mellitus": 0.0077609563379119, "heart failure": 0.0077326435267642, "mellitus": 0.0077326435267642, "review current": 0.0076906598682605, "case covid": 0.0075680605703399, "challenging": 0.0075680605703399, "unusual": 0.0075680605703399, "st": 0.0075547369686169, "myocarditis": 0.0075151109917188, "quantifying": 0.0075020156322708, "system covid": 0.0074245998072321, "study": 0.0074178600983459, "oxygenation": 0.0073740571398472, "risk factor": 0.0073740571398472, "aortic": 0.0073615509393562, "combating": 0.007324336340968, "19 review": 0.007312031448075, "intubation": 0.0072754111090915, "severity covid": 0.0072512389535083, "therapy covid": 0.0072392241570775, "mechanical ventilation": 0.0072272563854105, "diagnosis treatment": 0.0071916315736237, "19 clinical": 0.0071681102133516, "repair": 0.0071564170375052, "peptide": 0.0071447684071985, "disability": 0.0071331639843237, "atypical": 0.0070986126363912, "recovered": 0.007075793412894, "der": 0.007064447345117, "admitted": 0.0070531432222334, "left": 0.0069423426305792, "hospitalized patients": 0.0068354169893967, "smoking": 0.0067833243878276, "balance": 0.0067627333217495, "proposed": 0.006732104400303, "paradigm": 0.0066420165233214, "strain": 0.0066420165233214, "19 patient": 0.0065449365677639, "fatal": 0.0065449365677639, "prophylaxis": 0.0064787691256681, "agent": 0.0064694324412917, "19 associated": 0.0064231719257124, "chloroquine": 0.0064140032179206, "descriptive": 0.0064048619203575, "clinical practice": 0.0063957478696233, "prognostic": 0.0063149212670335, "pregnant women": 0.0062709239359134, "asthma": 0.0061594083437687, "reporting": 0.0061092799791765, "sleep": 0.0060845206393846, "airway": 0.0060763118780586, "situation": 0.0060436954433905, "des": 0.005971556171443, "outpatient": 0.0059636447523917, "host": 0.0059400325751559, "vitamin": 0.0059010796693056, "involvement": 0.0058933482827403, "multicenter": 0.0058856363952792, "residents": 0.0058856363952792, "follow up": 0.0058702707259723, "pakistan": 0.0058549818853329, "estimation": 0.0058170909202112, "observational study": 0.0058170909202112, "healthcare workers": 0.0058020650336725, "perceptions": 0.0057945796890347, "19 related": 0.005787112623645, "cov infection": 0.0057722329750248, "sex": 0.0057648202156186, "professionals": 0.0057574253830967, "successful": 0.0057280236012045, "northern": 0.0057207171180207, "predictors": 0.0056414773968602, "acid": 0.0055991058861998, "invasive": 0.0055851115287865, "iran": 0.005564239353836, "treated": 0.005564239353836, "pregnant": 0.0055573135031797, "ventilation": 0.005529765913639, "mechanical": 0.005516084630155, "telemedicine": 0.0055092668753628, "follow": 0.0054619635401761, "complications": 0.0054219922290682, "ct": 0.0053956320506671, "plasma": 0.0053956320506671, "aspects": 0.0053760099827486, "exploring": 0.0053694971756911, "case report": 0.0053178881572029, "observational": 0.0053178881572029, "index": 0.0052987571557514, "common": 0.0052734339322818, "disease 2019": 0.0052671357595968, "cardiovascular": 0.0052420719983045, "unit": 0.0052172120096833, "heart": 0.0052048573999163, "service": 0.0051438222046568, "work": 0.0051317600124567, "imaging": 0.0051197452160258, "failure": 0.0050839815129235, "diabetes": 0.00503110823433, "key": 0.0050252894661468, "uk": 0.0050252894661468, "second": 0.0050136850432721, "severity": 0.004990607486504, "times": 0.0049848652092155, "19 infection": 0.0049791336953396, "findings": 0.0049734129046016, "up": 0.0049677027969525, "importance": 0.004962003332567, "developing": 0.0049563144718423,