{"conf": 0.433226791722164, "conf ser": 0.4073893502820362, "iop": 0.3903602774230175, "ser": 0.3282779389043911, "environ sci": 0.3064949077202135, "earth": 0.2725732640797911, "environ": 0.1696578581473093, "int conf": 0.1651384802473517, "sci": 0.1438290830890772, "19": 0.1422355002481139, "covid 19": 0.1403973710448442, "covid": 0.1402560430398545, "acm": 0.1058069354467115, "pandemic": 0.0851121521653525, "int": 0.0850865505241467, "proc": 0.074107992952382, "19 pandemic": 0.0732258691883533, "learning covid": 0.0458521843337034, "ieee": 0.0452686091499382, "networks": 0.0413758663894945, "anal": 0.0412738885678814, "mathematics": 0.0399746153672115, "learning": 0.0378023151310832, "conference": 0.0374163113171272, "adv": 0.0353834714062517, "online": 0.0327543283771594, "soc": 0.0326324216044213, "2021": 0.0289711396988861, "thinking": 0.028013704815981, "eng": 0.027876532936421, "private": 0.0266671367189367, "informatics": 0.0264232177533389, "study": 0.0260054435395581, "international": 0.025955780049323, "technol": 0.0255692980685053, "investigating": 0.0246678877675068, "syst": 0.0245641632232112, "biomed": 0.0232920184013245, "health": 0.0231631219554322, "global": 0.0227592252308916, "crisis": 0.0226204180027787, "public": 0.0223562477732223, "business": 0.0216002657190396, "case study": 0.0214869136422224, "prospects": 0.0211708204869754, "based": 0.0209209240746173, "scientific": 0.0203952635027633, "impact": 0.0180989605261808, "solutions": 0.0179646546332926, "state": 0.0173883980588623, "teaching": 0.0170627605129325, "practical": 0.0167733613698482, "economic": 0.0167124744667208, "interactive": 0.0164845490397883, "epidemic": 0.0163081149523191, "skills": 0.0159023821998846, "look": 0.0158539306520033, "students": 0.0158061252360712, "industry": 0.01543204303561, "online teaching": 0.0154171936645022, "digital": 0.0151831080972036, "information systems": 0.0151572537151146, "case": 0.0151447467759214, "education": 0.0150462473183527, "design": 0.014995427102326, "university": 0.0145659818702617, "tracing": 0.0142592183173155, "online learning": 0.014136462517144, "building": 0.0139013439652104, "international conference": 0.0137446486410767, "video": 0.0133025121037103, "at home": 0.01286035214528, "technological": 0.012834388135742, "development": 0.012815232853137, "teachers": 0.0126564971376386, "higher": 0.0125647668573713, "19 global": 0.0122732245300063, "pandemic era": 0.0122502635990166, "governance": 0.0121820373645187, "service": 0.0120220994686916, "19 treatment": 0.0118128571840305, "quantifying": 0.0116890999932809, "analysis": 0.0116289089902579, "face": 0.0115045974841848, "platforms": 0.0114122529291612, "at": 0.0111506131745684, "game": 0.0111324631184882, "lockdown": 0.011108528571702, "systems": 0.0109975355150796, "study covid": 0.0109896993598588, "discussion": 0.0109372468965816, "responding": 0.0108681966450701, "primary": 0.0108641773870823, "transformation": 0.0107832677659479, "order": 0.0106341096517432, "support": 0.0105931288304635, "materials": 0.0103799489169883, "existing": 0.0103032261002912, "annual": 0.0102427251735365, "fighting": 0.0102427251735365, "learn": 0.0102427251735365, "sustainable": 0.010036824690584, "fast": 0.0099230429497115, "nigeria": 0.0099230429497115, "engagement": 0.0099090094080215, "hospital": 0.0096013519448256, "prevention control": 0.0095579328369232, "addressing": 0.009506145544877, "related": 0.0094914792910829, "reality": 0.0094549151162226, "situation": 0.009416850594504, "model": 0.0093637707556807, "system": 0.0093540409026615, "selection": 0.0092309602819458, "proc int": 0.009208847900372, "treatment": 0.0091432686949553, "19 related": 0.0090170617399379, "new": 0.0089477150026752, "successful": 0.0089249934844624, "pattern": 0.0088909214635019, "mobile": 0.0087241231936685, "obesity": 0.0086806125354729, "technologies": 0.0085104378756736, "re": 0.0084378560852065, "wuhan": 0.0084275769356764, "framework": 0.0082959277703558, "urban": 0.0082363721953958, "media": 0.0081970780843402, "environment": 0.0081678187254872, "approaches": 0.0080053264924411, "drugs": 0.0078481938662115, "food": 0.0078481938662115, "initial": 0.0078119626348852, "entrepreneurship": 0.0077763414536867, "context": 0.0074724382454176, "sciences": 0.007438945074379, "epidemiological": 0.0074139788130965, "implementation": 0.007405685714468, "information": 0.007405685714468, "technology": 0.0073974070260964, "home": 0.0073726569238966, "influence": 0.0072749225437714, "public health": 0.0072347842780738, "higher education": 0.0072265162414626, "measures": 0.0072108626347189, "chains": 0.0072084006257994, "nat rev": 0.0071904217330668, "application": 0.0071633766872154, "distance learning": 0.0071025079935263, "era": 0.0070466920643459, "healthcare": 0.0070008067919344, "strategy": 0.0069856093820498, "social": 0.0069403058651796, "agriculture": 0.0069198114473937, "science": 0.0069028792472733, "perspective": 0.006814236988815, "practice": 0.0068069240419317, "19 bmj": 0.0067650692678794, "stochastic": 0.0067352914803994, "forecast": 0.0066913113023766, "prevention": 0.0066771748567321, "viral": 0.0066771748567321, "contrast": 0.00664812839219, "classroom": 0.0066339063082781, "teacher": 0.0066057143581891, "potential": 0.0065026357802547, "education covid": 0.00643017607264, "pandemic new": 0.00643017607264, "data": 0.0063608080673069, "effects": 0.0063608080673069, "hospital covid": 0.0063282485688193, "approach": 0.0063210494168941, "research": 0.0062230805649332, "pandemic lockdown": 0.006194859469462, "university students": 0.006194859469462, "laser": 0.006183095534545, "control": 0.0061716427216152, "tourism": 0.0061481483261893, "review": 0.0061334255330688, "readiness": 0.0061137063964096, "care": 0.0060704036623219, "infrastructure": 0.0060573871780727, "insurance": 0.0060573871780727, "19 virus": 0.0060462813678435, "portugal": 0.0060023687515269, "non invasive": 0.0058856232896417, "lymphocyte": 0.0058649981220166, "infection": 0.0058263357580421, "inclusion": 0.0057842381175204, "variables": 0.0057743329390934, "patients": 0.0057554885944558, "coronavirus": 0.0057437824854731, "county": 0.0056304949700944, "physics": 0.0056119564175496, "socio": 0.0055753065872842, "biotechnology": 0.0055392120788884, "market": 0.0054948496799294, "cold": 0.00548607548224, "amid covid": 0.0054599451436856, "related covid": 0.0054426828074268, "aid": 0.005434098322535, "density": 0.0054255446617128, "youth": 0.0054085289323699, "length": 0.0053665138753795, "return": 0.0053499131672266, "pandemic covid": 0.0053416559943855, "preparing": 0.0053334273437873, "workforce": 0.0053252270190647, "members": 0.0052927051217438, "context covid": 0.0052766091687532, "facility": 0.0052606212431064, "modern": 0.005236838762919, "care covid": 0.0052211146663599, "contact tracing": 0.0052211146663599, "trend": 0.0052054936793722, "nutritional": 0.0051822525976662, "facing": 0.0051668835638437, "institutional": 0.0051440143452033, "primary care": 0.0051440143452033, "frontline": 0.0051364398015257, "latin": 0.0051364398015257, "global pandemic": 0.0051288892659508, "radiation": 0.005113859613701, "vulnerability": 0.0050619902430497, "security": 0.0050546716751442, "communications": 0.0049969187380116, "government": 0.0049756173265136, "core": 0.0049615214748557, "technical": 0.0049405328634921, "disaster": 0.0049197275611186, "indonesia": 0.0049197275611186, "prognostic": 0.0049197275611186, "30": 0.0049128326446422, "live": 0.0049128326446422, "nat": 0.0049128326446422, "amid": 0.0048449593360673, "supply": 0.0048449593360673, "19 crisis": 0.0048382771662453, "distance": 0.0048183423889973, "stay": 0.0047210965610619, "opportunity": 0.0046895438881306, "treatment covid": 0.0046895438881306, "resilience": 0.0046645992415713, "attitudes": 0.0046215649258381, "educational": 0.0046215649258381, "time covid": 0.004609410858761, "dysfunction": 0.0046033570004088, "immunol": 0.0045973184877216,