{"de": 0.6485900900940199, "cell therapy": 0.3309681671361585, "hematology": 0.2534689266719011, "transfusion": 0.2248957654129579, "la sociedad": 0.217159774652899, "espanola de": 0.197695170587038, "sociedad": 0.1914560802799833, "espanola": 0.161441358929519, "cell": 0.1582367111207719, "de la": 0.1483767666744059, "19": 0.1431950649314129, "therapy": 0.1419058105657798, "covid": 0.1403197396069302, "em": 0.1377053662078146, "covid 19": 0.1368595643133819, "da": 0.1101087095240265, "la": 0.1050018523800561, "pandemia": 0.0646414731689148, "pharmacy": 0.0527229502006474, "da covid": 0.0476638459516837, "hospital": 0.0469612603771632, "de covid": 0.0421189303556524, "durante": 0.0416154667682242, "pacientes": 0.0410129466833708, "com": 0.0398873627083422, "2020": 0.0368172659820792, "por sars": 0.0365233602017639, "plasma": 0.0280363432161303, "revista": 0.0276924344476892, "sars cov": 0.0273971602958947, "cov": 0.0270359149307429, "sars": 0.0266533324672531, "pandemic": 0.0264913616848068, "por": 0.0262131473540083, "para": 0.0257846214869715, "19 pandemic": 0.0254814345543027, "impacto": 0.0236363568715466, "pandemia covid": 0.0234466294418985, "paciente": 0.0225746618586782, "pharmaceutical": 0.0177447378290409, "na": 0.0169836086068015, "tourism": 0.0164025079371072, "del": 0.0158136242925076, "peru": 0.0155384559071662, "sector": 0.0147303342982556, "13": 0.0138876206074528, "life": 0.0136346632796241, "units": 0.0128547483056925, "management covid": 0.012749698031207, "situation": 0.0125615029456064, "management": 0.0124130872543414, "care": 0.0121463210104098, "pandemia de": 0.0120685203094685, "patients": 0.0115162048405316, "de medicina": 0.0111284128932353, "como": 0.0108325995998511, "services": 0.0107163336939834, "regional": 0.0107037362727995, "revista de": 0.010403866692056, "brasil": 0.0103126346330023, "challenge": 0.0100922843945717, "19 patients": 0.0099008762210145, "depressive symptoms": 0.0095207019974468, "social": 0.0092579436929524, "mortality": 0.0091289460407037, "das": 0.0089647908239825, "resist": 0.0088492254173543, "rio": 0.0088303666174728, "pandemic new": 0.0085774617391059, "depressive": 0.0083919731052246, "research": 0.0083012089936711, "colorectal cancer": 0.0082478714078232, "no": 0.0082167172518811, "antimicrob": 0.0081401424995025, "climate change": 0.0081250465164647, "clinical research": 0.0081250465164647, "pharmacists": 0.0081250465164647, "impact": 0.0080476355897134, "care hospital": 0.0079635582694435, "new": 0.0079571364994116, "clinical": 0.007819760842571, "fight covid": 0.0076894489068388, "platforms": 0.0076116238304413, "strategic": 0.0076116238304413, "road": 0.0075607795704941, "colombia": 0.0075481946096756, "therapy covid": 0.0075231732327348, "16": 0.0074614684113426, "face masks": 0.0074129529887684, "related covid": 0.0072602060987774, "times covid": 0.0072487549207882, "departments": 0.0072373448602233, "biomarker": 0.0072259756228603, "colorectal": 0.0071697317040893, "inpatient": 0.007136457070698, "main": 0.0071144659901754, "hospitalized patients": 0.0071035272583644, "mortality covid": 0.0070926260522937, "survivors": 0.0069334425997393, "facing": 0.0068923067702388, "quality life": 0.0068923067702388, "legal": 0.0068821054823342, "clinical trials": 0.0068618006307995, "size": 0.0068416246998261, "insight": 0.0067917382992541, "medicina": 0.0067818543147591, "republic": 0.0067038700709166, "continuous": 0.0066846694176162, "statement": 0.0066846694176162, "the": 0.0065626157737535, "multidisciplinary": 0.0065534183767301, "19 disease": 0.006535103061167, "centers": 0.0064987861121262, "remdesivir": 0.0064897713586955, "11": 0.006462879532874, "climate": 0.0064450772540826, "20": 0.0063748490156035, "spanish": 0.0062891915798983, "15": 0.0061975608984106, "outpatient": 0.0061975608984106, "educational": 0.0061648850479914, "position": 0.0061648850479914, "fight": 0.0061005243982347, "team": 0.0060846358728676, "culture": 0.0060452586843208, "solutions": 0.0059909377298767, "brief": 0.005983252844745, "psychiatry": 0.0059074091859975, "gender": 0.005892455283327, "12": 0.0058553755340937, "applied": 0.0058553755340937, "light": 0.0057969334555352, "hospitalized": 0.0057824893467877, "line": 0.0057537966150222, "spain": 0.0056831781876363, "complications": 0.005634662765062, "trials": 0.0055868769254214, "masks": 0.0055666152300807, "reduction": 0.0055666152300807, "end": 0.0055531788529659, "cardiovascular": 0.0054476853991539, "action": 0.0053834872873606, "resource": 0.00537713823739, "impact covid": 0.0052957346137952, "communication": 0.0052772416511085, "drugs": 0.0052345053889696, "interventions": 0.0052223998564125, "times": 0.0051803900110064, "prospective": 0.0051625544256254, "considerations": 0.005138928305986, "face": 0.005115476550442, "air": 0.0051038152586279, "prediction": 0.0050690859681028, "digital": 0.0050633344761197, "symptoms": 0.0050633344761197, "immune": 0.0050404320457885, "crisis": 0.0050290424334045, "people": 0.005006384950939, "change": 0.0049894972311926, "tool": 0.0049559886769022, "implementation": 0.0049393659792595, "recommendations": 0.0049063791939098, "healthcare": 0.0046693241151043, "quality": 0.0046139708817817, "learning": 0.0045841797405849, "society": 0.0045792415912567, "world": 0.0045693882548248, "survey": 0.0045302776263071, "cancer": 0.0045109013561919, "china": 0.0043877560515785, "online": 0.0043692271451261, "development": 0.0042736842752731, "public": 0.0042602668093716, "related": 0.0042203510213448, "effect": 0.0041983903364762, "role": 0.0041896483819856, "associated": 0.0041035266216521, "review": 0.0040908073313421, "use": 0.004057136039313, "based": 0.0039867476582198, "analysis": 0.0038780634000014, "disease": 0.0038662136717148, "health": 0.0038622735615347}