{"presentations": 0.5159997882407633, "week": 0.4883777185573624, "gastroenterol": 0.4509616769570855, "united": 0.3124903483318049, "european": 0.2992747950494219, "2020": 0.2716943986349102, "metab syndr": 0.0576659651496425, "diabetes metab": 0.0548104545009293, "syndr": 0.0537954629228604, "diabetes": 0.0534233356311087, "metab": 0.0392177605758641, "regression": 0.037749588748023, "containing": 0.0361247760878893, "article": 0.0349532492647671, "letter editor": 0.033764822932016, "coronavirus infection": 0.033294222519352, "nationwide": 0.0311263967828136, "estimation": 0.0308846864500527, "editor": 0.0302957012710663, "letter": 0.0291063676238647, "complications": 0.028786988586954, "increase": 0.0278317379317079, "simulation": 0.0277326455948184, "lockdown": 0.0252347794358489, "effects": 0.0216743722054897, "related": 0.0215613962627371, "model": 0.0212712861277944, "infection": 0.0198531646416154, "analysis": 0.0198126793900676, "coronavirus": 0.0195718654202731, "england medicine": 0.0122506350850259, "de": 0.0120057565802931, "new england": 0.0119848834559628, "vaccine development": 0.0106356278326948, "engl med": 0.0105948370937236, "integr": 0.01037753416177, "ppe": 0.0103013132481799, "interview": 0.0095144136225201, "manag": 0.0088555846777814, "engl": 0.0085746858884281, "gastroenterology": 0.008164372703434, "way": 0.0078739617132374, "assess": 0.0078635947999015, "england": 0.0076126716202861, "19 vaccine": 0.0074225364161299, "environ": 0.007050085165895, "reply": 0.006900364094057, "science": 0.0058803682060437, "vaccine": 0.0055804977691141, "development": 0.005458467772879, "medicine": 0.0053734965389203, "med": 0.005295763627849, "new": 0.0050815374216737, "covid 19": 0.0046000216126666, "covid": 0.004595391099484, "19": 0.0045723174480027}