{"abstract": 0.597555545595477, "rheumatol": 0.5188604497354598, "arthritis": 0.5067421249141041, "2020": 0.2895795259086959, "cov rna": 0.0807487936928868, "quantification": 0.0644455662529613, "dna": 0.0616265699178944, "rna": 0.0536302247541365, "pcr": 0.0507234516193974, "acta": 0.0487835230300297, "digital": 0.0448028310291643, "clin": 0.0437548409575171, "methods": 0.0424623905957857, "comparison": 0.039239100258563, "sars cov": 0.0346319025593293, "cov": 0.0341752634715249, "sars": 0.0336916528179612}