{"por sars": 0.400729098896338, "infecci\u00f3n por": 0.3850821016969291, "infecci\u00f3n": 0.3845748774195972, "por": 0.3013024813869417, "de": 0.2504680027925953, "sars cov": 0.2269819632966785, "sars": 0.2257928559495754, "cov": 0.2249980515969135, "en": 0.2090639812121588, "la": 0.1577232321881514, "con": 0.1323094440684364, "en pacientes": 0.1031558788621499, "cov infection": 0.0987243542537887, "pacientes": 0.0937475419653759, "el": 0.0932691489498016, "des": 0.0924064483311575, "en el": 0.0920763675541066, "infection": 0.0761366148611879, "pacientes con": 0.0756651905897111, "de la": 0.0750997475616651, "rev": 0.0725846998126935, "lab": 0.0673611579311606, "ed impr": 0.0661952421228887, "revue": 0.0655157857898066, "impr": 0.0612139098055819, "una": 0.0591224391570435, "paciente": 0.0589728500344486, "med clin": 0.0532836567163292, "ed": 0.0524105680321679, "le": 0.0521385194761487, "un": 0.0438931231270279, "developed": 0.042255953233733, "les": 0.0420625072315741, "en la": 0.0389004640212213, "covid": 0.0375962922956394, "clin": 0.0374615834371828, "developing countries": 0.0369138329678554, "patients": 0.035098376939506, "covid 19": 0.0310481951442132, "19": 0.0308612037812974, "m\u00e9decine": 0.0298600862721975, "maladies": 0.0290712759634052, "barc": 0.0290708700238703, "pour": 0.0288109945132599, "technologies": 0.028173597030738, "med": 0.0259957517831612, "developing": 0.0255653860850922, "digital": 0.0251316545314002, "countries": 0.0249614473734972, "del": 0.0247864043255557, "barr\u00e9": 0.0247565837433393, "guillain barr\u00e9": 0.0247565837433393, "public health": 0.0239505769071413, "associated sars": 0.0227790323458529, "patients sars": 0.0224985298419737, "public": 0.0222585903814306, "impact": 0.0220743774689452, "recomendaciones": 0.0218815500616681, "esp": 0.0218800656627195, "guillain": 0.0218541501623343, "arch bronconeumol": 0.0208399264094798, "bronconeumol": 0.0208399264094798, "la covid": 0.0203498931743836, "para": 0.0202075135255456, "health": 0.0201791974526379, "de los": 0.0194320079462033, "rev esp": 0.0194259112554083, "sur": 0.0188178134499323, "syndrome associated": 0.0175834359250747, "une": 0.0174960526889147, "du": 0.0174700831425544, "como": 0.0169791053974879, "dans": 0.0168696339446575, "ii": 0.0163914830332091, "sobre": 0.0163556989981019, "16": 0.0136443611997144, "los": 0.0133902447047838, "gerontol": 0.0129523775939505, "geriatr": 0.0123275209832862, "clinical": 0.0122567572359074, "contexto": 0.0121538932579845, "treatment": 0.0116826052023171, "infection patients": 0.0115586237066503, "arch": 0.0113175737519339, "obstructive pulmonary": 0.0111398733684647, "respiratory infection": 0.011091769720436, "tocilizumab": 0.0110492738463409, "healthcare": 0.0109781053321419, "chronic obstructive": 0.010969553963928, "pandemic": 0.0108750131363411, "learning": 0.010777921346436, "par": 0.0106834008890794, "version": 0.0102010600537491, "shock": 0.0101721208182017, "disease": 0.010099891661302, "pulmonary disease": 0.0100226171721392, "coronavirus": 0.0100077114926371, "respiratory": 0.0097686813569083, "ser": 0.009735777026129, "associated": 0.0096478518893176, "pulmonary": 0.0092275920782862, "gastroenterol": 0.0090427809838078, "patient": 0.008987916453924, "au": 0.0089811171224647, "disease patients": 0.0089448271393897, "series": 0.0087656905019734, "selected": 0.0085719147928343, "obstructive": 0.0083818053986975, "sars cov2": 0.0083608205493685, "cov2": 0.0082258289605297, "storm": 0.0082258289605297, "evolution": 0.0081011312436244, "syndrome": 0.0080151497022583, "factor": 0.0079997618675706, "follow up": 0.0079683432850687, "10": 0.0079634058623546, "cir": 0.0079449345142669, "infection sars": 0.0077731163712343, "virus": 0.0077175149113109, "chronic": 0.0076731829632455, "carcinoma": 0.0075388644735951, "netherlands": 0.0075153147266557, "test": 0.007496929084059, "2020": 0.0074806257629425, "spain": 0.0074232167258285, "follow": 0.0074141044817731, "administration": 0.0073868871678516, "sci": 0.0073346753036159, "based": 0.0072903377809888, "anim": 0.0072677175059675, "wave": 0.0069904683177063, "descriptive": 0.0069552006518636, "gastroenterol hepatol": 0.0068052121132781, "headache": 0.0067772300739443, "up": 0.0067431917661271, "case series": 0.0065718202859668, "management": 0.0064854582336381, "papers": 0.0064638906223527, "la pand\u00e9mie": 0.0064180350282821, "risk": 0.006411964939665, "machine learning": 0.006374674628055, "case": 0.0063330081908552, "scores": 0.0063324734281636, "digestive": 0.0062863540490231, "suppression": 0.0062187378964805, "guide": 0.0061807216689441, "faculty": 0.0061746593068503, "machine": 0.0061339532845314, "multiple sclerosis": 0.0060887757857684, "economics": 0.0059552391440852, "nerve": 0.0059353160354275, "hepatol": 0.0058959416926995, "pand\u00e9mie": 0.0057545990671751, "peak": 0.0057443892171637, "sclerosis": 0.0056453015419848, "barr\u00e9 syndrome": 0.005605262489261, "clinical outcomes": 0.0055670634228627, "medicine": 0.005495276195032, "angiotensin": 0.0053855650618337, "endoscopy": 0.0053618093144512, "therapeutic": 0.0053453599146245, "chronic kidney": 0.0052241114765936, "personnel": 0.0050931253083073, "respiratory medicine": 0.0050879491251418, "analysis": 0.0050654236316823, "study": 0.0050345255324185, "pneumonia": 0.0049869758518827, "mex": 0.0049742754476941, "respir": 0.0049156536434367, "doi": 0.0048338890273046, "iot": 0.0048338890273046, "salud": 0.0048227088490283, "renal": 0.004725456263478, "cancer": 0.0047136158382214, "enferm": 0.0046838288711703, "kidney disease": 0.0046736119146193, "diagnosis": 0.0046536051614817, "challenges": 0.0046437079845564, "fda": 0.0045651891119233, "transmission": 0.0045367426465118, "refractory": 0.0045274545285249, "international": 0.0045224198332185, "nursing home": 0.0044634149015946, "19 pandemic": 0.0044377565964318, "high": 0.0044377565964318, "factors": 0.0044146171271795, "approach": 0.0044054063018555, "plasma": 0.004394439414463, "acta": 0.0043207231356614, "oxford": 0.0043092604149018, "personal": 0.0042795589703545, "alternative": 0.0042744609638658, "scientific": 0.0042642961526107, "heart": 0.004239064170809, "lung cancer": 0.0042216489521091, "prevent": 0.0042091194176411, "neonates": 0.0041310673875926, "myocarditis": 0.0040804240214996, "manifestation": 0.0040106553443191, "risk factor": 0.0040038370587606, "healthcare professionals": 0.0039970466599286, "published": 0.0039835486164724, "result": 0.0039701594293901, "symptoms": 0.0039681559786421, "massive": 0.003963505111063, "colombia": 0.0039437006988976, "crisis": 0.0039412811642364, "waste": 0.0039241297430021, "context": 0.0039058933531599, "home": 0.0038537369903104, "recommendations": 0.0038451494807664, "lung": 0.0038365914816227, "mode": 0.0038234777025032, "university": 0.003806867979417, "multiple": 0.0037900410552634, "prevalence": 0.0037900410552634, "record": 0.0037576573633278, "application": 0.0037443448135464, "far": 0.0037285804344907, "severe acute": 0.0036943472587874, "smart": 0.0036608057099219, "influenza": 0.0036395562846623, "language": 0.0036063664000203, "society": 0.0035887704009468, "latin": 0.0035798018300989, "vulnerable": 0.0035692938823633, "outcomes": 0.0035542079684825, "safety": 0.0035542079684825, "changes": 0.0035503971409599, "infection control": 0.0035484754252579, "behaviour": 0.0035228141694283, "detection": 0.0035088584549665, "reflections": 0.0034726517374691, "report": 0.0034423459624218, "il": 0.0034384185617658, "french": 0.0033907069394005, "nutr": 0.0033535008961187, "hospital": 0.0033457938369394, "nasal": 0.0033126171564036, "related": 0.0033075063905618, "model": 0.0032630036545795, "classification": 0.003233751396902, "neurological": 0.0032294779062541, "control": 0.0032259588494046, "position": 0.003220963784005, "know": 0.0032082739117797, "review": 0.0032059824698325, "hospital epidemiology": 0.0031392180080561, "professionals": 0.0031260665159925,