{"de": 0.6638701908076674, "en": 0.5064611177692154, "crisis": 0.1578573225199592, "corona": 0.1573234484973059, "lung": 0.1536642613542617, "chains": 0.1509121744302143, "post": 0.139790645524567, "vessel": 0.1377112652273265, "paediatr": 0.1299405919579467, "congenital": 0.1167223748900392, "netw": 0.1161545591259034, "tumor": 0.1067490247829916, "supply": 0.1014321187719498, "appl": 0.1000505176082702, "respir": 0.0984415841262038, "team": 0.0954957469656435, "mobile": 0.0913223660489576, "case study": 0.0899682752908144, "inflammatory": 0.0836017977009622, "digital": 0.0794668601436076, "rev": 0.0792868144153787, "design": 0.0784845566998022, "stress": 0.0770894276152492, "evidence": 0.0695984610967649, "development": 0.0670736393581739, "data": 0.0665836588726004, "2020": 0.0642034642600456, "case": 0.0634128646781701, "study": 0.0604932777633955}