{"morbidity mortality": 0.2391246479271564, "natl med": 0.2341714485558156, "respiratory critical": 0.2288578537057967, "american respiratory": 0.2239534173794128, "weekly": 0.2079463228796012, "care": 0.2029873586477261, "morbidity": 0.1974120783623615, "care med": 0.1752279571295223, "care medicine": 0.1748627628857526, "natl": 0.1689547432806707, "med": 0.166301342884579, "crit care": 0.1536812980329139, "bull": 0.1531610810939117, "covid 19": 0.1444531563798807, "covid": 0.1443077457054949, "critical care": 0.1437832805089197, "19": 0.1435831704607796, "crit": 0.1413699510499413, "mortality": 0.1373053271197706, "april": 0.1340557412258974, "report": 0.1321293019719183, "mmwr": 0.1307054201842079, "respiratory": 0.1249854084941459, "acad": 0.1244520467226588, "respir crit": 0.1166272543455295, "la covid": 0.1115857453727669, "reply": 0.1083450750331461, "de": 0.0942533306787275, "de la": 0.0929868226954733, "american": 0.0915368847465137, "critical": 0.0905594695561877, "medicine": 0.0843711835729208, "reinfection": 0.0839833600304643, "19 outcomes": 0.082859607423139, "2020": 0.0820378951829998, "2003": 0.0816220495197185, "authors reply": 0.0801397771178927, "recurrence": 0.0795656514847807, "september": 0.0792824219703868, "contacts": 0.0787234056921308, "sars cov": 0.0784897587834556, "infection": 0.0779304027809844, "cov": 0.0774548317594072, "care workers": 0.0768406490164569, "sars": 0.0763587763671776, "respiratory syndrome": 0.0716688203914012, "severe acute": 0.070900997441006, "authors": 0.0682008783090258, "household": 0.0680023536134183, "la": 0.0658040261207871, "biomarkers": 0.0656198457780842, "poor": 0.0648935895952855, "sleep": 0.0634031586706733, "respir": 0.0628933380252169, "cluster": 0.0624746314670223, "des": 0.0622260233613294, "cov infection": 0.0601489952767434, "aerosol": 0.0593848552842866, "confirmed": 0.0591591416327257, "acute respiratory": 0.0576223907212514, "canada": 0.0574798262303133, "pediatr": 0.0569858146204422, "quarantine": 0.0566375804376635, "longitudinal": 0.0564993454678365, "reduction": 0.0558170258069358, "index": 0.055215186308818, "pregnancy": 0.0543654530033695, "wave": 0.0536637345204858, "health care": 0.0528538757980722, "modeling": 0.0520640919187158, "19 infection": 0.0518845809618359, "retrospective": 0.0505409326762115, "cohort": 0.050030204029941, "exposure": 0.0497499637839945, "versus": 0.0496942102954587, "laboratory": 0.0490872755529759, "workers": 0.0490872755529759, "test": 0.0479597352901737, "implications": 0.045474319264164, "outcomes": 0.045474319264164, "cases": 0.0443242475746176, "syndrome": 0.0439499336009607, "severe": 0.0438106918182553, "assessment": 0.0434881413068081, "acute": 0.0419662990380842, "case": 0.0405138414700691, "health": 0.0387274158797036, "patients": 0.0384913917592369}