{"rhino": 0.4490342879361414, "oto": 0.4406140491937956, "urological": 0.2171061443277514, "congress": 0.1854630212095178, "october": 0.1851295117295227, "software": 0.1838103298106845, "neck surgery": 0.1798910039710585, "structures": 0.1790631577892697, "urol": 0.1712186628126006, "leading": 0.1619077544020285, "urology": 0.1616651524620008, "insight": 0.1578881139050762, "17": 0.154294835409407, "15": 0.1440752216806353, "official european": 0.1414027800928933, "asia": 0.1364640019743291, "european": 0.1361790589182993, "asian": 0.1335931771472555, "korea": 0.1319551449718437, "head neck": 0.1208684582474482, "federation": 0.1112778127257106, "societies": 0.1100905095570324, "science": 0.1070297962459402, "int": 0.1055420017027418, "neck": 0.1028968925893372, "association": 0.1005057967275168, "2020": 0.0950993435606315, "german": 0.0916656699087983, "surgery": 0.0889528300698249, "head": 0.0884362119897428, "archives": 0.0849806965007091, "official": 0.0712705473442859, "society": 0.063872409633799, "induction": 0.0354493072279508, "order": 0.0329765753828778, "types": 0.0322364651494941, "local": 0.024795556814815, "observational cohort": 0.0217620935430855, "retrieval": 0.0210252151299155, "laser": 0.0191738963271867, "prospective observational": 0.0186472680083946, "simultaneous": 0.0180925581415286, "bayesian": 0.01793703192478, "basis": 0.0177847126637728, "complexity": 0.0176059808219581, "focused": 0.0175182108100416, "form": 0.0170396329003502, "sensitive": 0.0162151155690913, "first": 0.0156973275905574, "symptomatic": 0.0154294835409407, "undergoing": 0.0153640128987997, "the": 0.0152561683201991, "energy": 0.0147593611600678, "search": 0.0147593611600678, "nasal": 0.0147393686649571, "devices": 0.0145618300748507, "synthesis": 0.0145423643918233, "conference": 0.0145035862322546, "routine": 0.0144457980176035, "total": 0.0137156018504201, "technique": 0.0134426018261153, "dose": 0.0134091754232251, "deep": 0.0133427729767135, "pain": 0.0132606005784343, "cohort study": 0.0132442752183437, "higher": 0.0129878599779301, "dynamic": 0.0129251231046013, "observational": 0.0128474439195017, "work": 0.0123977784074075, "prospective": 0.0120014338786259, "function": 0.0119328426482865, "cohort": 0.0115991263570053, "information": 0.011482585812204, "following": 0.0113048777340239, "systematic review": 0.0112548794217775, "2021": 0.0112300065954698, "comparative": 0.0110098412871415, "practice": 0.0105542001702741, "implications": 0.0105428787543655, "safety": 0.0105428787543655, "systematic": 0.0105428787543655, "children": 0.0102544520543227, "experience": 0.0102002535541658, "non": 0.0099978512373615, "high": 0.0098728176894377, "data": 0.0098624931281002, "approach": 0.0098008469642277, "novel": 0.0097194442404252, "system": 0.0096690193181202, "control": 0.0095691904687184, "associated": 0.00953950299768, "review": 0.0095099343560631, "treatment": 0.0094511497824573, "study": 0.0089603747577059}