{"den": 0.5342742258508654, "anesth": 0.3628850348298647, "ny": 0.2928503172330078, "covid": 0.1677612827515879, "oto": 0.1402771303243957, "official": 0.1361412947644094, "rhino": 0.1354337616112983, "mayo": 0.1317820758294843, "otolaryngology": 0.1202202710977183, "covid 19": 0.1199502330113553, "19": 0.1192278187953699, "pandemie": 0.1131278433615349, "precautions": 0.1049615929171355, "requiring": 0.1047763265002836, "sars cov": 0.1042814442109828, "cov": 0.1029064408169924, "sars": 0.1014502223114384, "netherlands": 0.0958133112026433, "return": 0.0950719033088099, "initiative": 0.0946332122464034, "elective": 0.0932028968484412, "facial": 0.0930624877356952, "anesthesia": 0.0893089779512496, "efficiency": 0.0840104079846687, "utilization": 0.0812712050218045, "confirmed": 0.0785987984083738, "clinical": 0.0781311587134168, "normal": 0.078005331090667, "point": 0.073712377957062, "resource": 0.071634252335416, "improve": 0.0704675124992549, "uk": 0.069572827142395, "bronchitis": 0.0671524032377487, "isolation": 0.0669969189512372, "rev bras": 0.0664224462692661, "technology": 0.0657286897504479, "applied sciences": 0.0653726449597387, "associated sars": 0.0645359093599199, "syndrome associated": 0.064049298174164, "surgery": 0.0637192741773332, "de": 0.062612457964037, "era": 0.062612457964037, "inflammatory syndrome": 0.0612028506470286, "low": 0.0611363452042983, "society": 0.061004670732091, "implications": 0.060417152006561, "safety": 0.060417152006561, "cases": 0.0588891674823259, "education covid": 0.0571344859933086, "study clinical": 0.0566768107715153, "acute": 0.0557563985379944, "medical": 0.0547805366859391, "frailty": 0.0545260632897786, "patients hospitalized": 0.0539212605918644, "google": 0.053236828766772, "geriatr": 0.0523881632501418, "consultation": 0.0518407192614092, "hospitalized covid": 0.0513070778626257, "em": 0.050958647701191, "committee": 0.0504465262442855, "retrospective cohort": 0.0498643025807389, "diagnosis treatment": 0.0497824198699498, "bras": 0.0495386553215809, "children adolescents": 0.0468134701069226, "underlying": 0.0466014484242206, "relevance": 0.04625273123979, "educ": 0.04530582203816, "social media": 0.044718727733102, "government": 0.0442101950612749, "admission": 0.0436523300064999, "en": 0.0429898770832717, "paper": 0.0426954821520426, "basic": 0.041064308899096, "deaths": 0.041064308899096, "adolescents": 0.0398544565105976, "stroke": 0.0396509294199648, "applied": 0.0390026655453335, "staff": 0.0387100343267266, "saudi": 0.038565221987591, "hospitalized": 0.0385171705382549, "cohort study": 0.0379489040767004, "platform": 0.0373046518205545, "remote": 0.0369897329820312, "media": 0.0364170310194563, "school": 0.0362438876872013, "scientific": 0.0362438876872013, "old": 0.0361149533534474, "special": 0.0359867996561651, "child": 0.035648801985684, "inflammatory": 0.0354818058189281, "bmc": 0.0351926958015579, "health care": 0.0351108130907688, "incidence": 0.0342304094438995, "rev": 0.0336504648279289, "retrospective": 0.0335743257014336, "conditions": 0.0334984594756186, "education": 0.0334228642011871, "cohort": 0.0332350488221406, "sciences": 0.0330488853147845, "information": 0.0329011244749945, "university": 0.0323560302915459, "systematic review": 0.032248675939647, "activity": 0.0308670009208729, "social": 0.0308335886734579, "outcomes": 0.0302085760032805, "systematic": 0.0302085760032805, "characteristics": 0.0298549866149276, "diagnosis": 0.0296645806442282, "children": 0.0293821451875024, "syndrome": 0.0291959270860381, "19 pandemic": 0.0282886458705045, "associated": 0.0273335972131533, "2020": 0.0272488740006031, "review": 0.0272488740006031, "treatment": 0.0270804381965911, "care": 0.026968887717896, "impact": 0.0268026565938176, "based": 0.0265557323559869, "infection": 0.0258845710443743, "health": 0.0257266102042481, "study": 0.02567421746873, "patients": 0.0255698194551594, "coronavirus": 0.0255178129072711, "pandemic": 0.0252084287730095}