{"res public": 0.4101266079994051, "int environ": 0.3968189277584632, "environ res": 0.2891543896635237, "health": 0.2756298485740623, "res": 0.2503341553007387, "health serv": 0.2059557894005507, "environ": 0.1875814843733653, "public health": 0.1639817192722581, "public": 0.1592551202621019, "int": 0.1542839515940355, "serv": 0.1487788578297469, "industrial": 0.1425464104417677, "cross sectional": 0.1323358806528579, "sectional": 0.1321620747802769, "sectional study": 0.1233624182714449, "study": 0.1091541758319713, "study int": 0.1078633854069316, "health online": 0.1076790169399468, "child adolesc": 0.1058183807355901, "adolesc health": 0.1019209730907048, "cross": 0.0995200712641347, "bmc": 0.0897732453237105, "adolesc": 0.0860673419376848, "future": 0.0814081401118965, "covid 19": 0.073435613495375, "covid": 0.0733616911087002, "19": 0.072993338980213, "de": 0.0585634392138543, "review meta": 0.0533108891035674, "online": 0.0494933999822009, "lancet": 0.0487285910671134, "child": 0.0484995888798875, "analysis": 0.0483225958049317, "engineering": 0.0468422513164765, "nursing": 0.0465698899471022, "meta analysis": 0.0452867263290601, "sars": 0.0431316569545403, "meta": 0.0420902697992393, "children": 0.0399739088728788, "systematic review": 0.0383895533128711, "review": 0.037071629700202, "healthcare": 0.0370249709798748, "systematic": 0.0359609722009736, "sars cov": 0.0354682828757095, "cov": 0.0350006156919444, "internet res": 0.0341655749913931, "data": 0.0336402276337522, "factors": 0.0334998525401902, "med internet": 0.0325143514252379, "knowledge attitude": 0.0311532594245772, "controlled": 0.0307086124304035, "disease": 0.0306567814674048, "mhealth": 0.0305993519875007, "pandemic": 0.0300086838332921, "students": 0.0298547900856651, "protocol": 0.0290396449274699, "knowledge": 0.027820059510125, "revue": 0.0266335485184544, "pregnant": 0.0261683652045033, "coronavirus": 0.0260374128900644, "technologies": 0.0257193797994717, "notes": 0.0253980508739266, "attitude": 0.0247900764041042, "19 pandemic": 0.0240538885296756, "south africa": 0.023703663614411, "africa": 0.0236905615607258, "med": 0.0234840473277288, "response": 0.0231937499729743, "care": 0.0229316957024087, "prim": 0.0227147187103343, "communications": 0.0226517694026133, "group": 0.0224308789955016, "reference": 0.0224277856918626, "la": 0.0223018504164197, "pregnant women": 0.0221464689229902, "performance": 0.0219855310206569, "2019 covid": 0.0216637594024395, "distance learning": 0.0214644773022124, "learning": 0.020771329478181, "health information": 0.0207216314582324, "nationwide": 0.0207044864506017, "practice": 0.0205711935458714, "healthcare workers": 0.0204906412947392, "population": 0.0203738013762504, "sectional survey": 0.0201780361028148, "randomised controlled": 0.019472072020302, "outbreak": 0.0194663468712754, "study lancet": 0.0193933912554912, "associated factors": 0.0192003711596338, "time": 0.0188851202013674, "internet": 0.0188487051733069, "control": 0.0186513109504726, "fam": 0.0186505454115112, "medical": 0.0186319971492631, "disease 2019": 0.0186014787621707, "study protocol": 0.0184418578049622, "intervention": 0.0182732216501675, "literacy": 0.0182724566168961, "medical center": 0.0180743004839367, "based": 0.0180643111399214, "blind": 0.0180094422225492, "health care": 0.017912874051399, "short": 0.0177679211705444, "parallel": 0.0176628045838004, "trial": 0.0175037786369249, "training": 0.0173443834554796, "threats": 0.0169042912291288, "chinese": 0.0168420218321767, "adults": 0.0167667683744528, "seroprevalence": 0.0167400433829587, "workers": 0.016636323660844, "women": 0.0166178166683416, "coronavirus disease": 0.0165624852365339, "university": 0.0165074358693247, "afr": 0.0164743594205274, "south": 0.0163981719272258, "randomized controlled": 0.016370771758241, "controlled trial": 0.0162433486385067, "surveillance": 0.0162006816312428, "app": 0.0161930042492782, "randomised": 0.0161930042492782, "burnout": 0.0160686623272461, "acceptance": 0.0158501195263842, "providers": 0.0158262415001117, "arabia": 0.015409450109982, "saudi arabia": 0.015409450109982, "social media": 0.0152097671554155, "and": 0.0149942055930875, "emergencies": 0.0148887978781252, "aged": 0.0148055689936854, "symptom": 0.0147643126153268, "association": 0.0146921900542514, "distance": 0.0145615043217394, "2019": 0.0143871181425434, "evaluation": 0.0143420916944804, "related": 0.0143420916944804, "taiwan": 0.0141722625917855, "system": 0.0141344155347766, "two": 0.0140222734516458, "attitudes": 0.0139668234856998, "awareness": 0.0139668234856998, "associated": 0.0139450853212971, "risk": 0.0139018611375757, "physicians": 0.0138753455290801, "residents": 0.0138571886006124, "depression": 0.0137850153813959, "team": 0.0137850153813959, "19 related": 0.013625223458105, "mobile": 0.0131825789173967, "staff": 0.0131660858556096, "real time": 0.0131496304922822, "feasibility": 0.0131168321744085, "saudi": 0.0131168321744085, "randomized": 0.0128913348663861, "college": 0.0126419863642423, "cov vaccination": 0.0125192174147807, "pilot": 0.0124904182750182, "media": 0.0123861878540758, "school": 0.0123272982142849, "risk factors": 0.0123126507660554, "middle": 0.0121677923914906, "policy": 0.0121534655841329, "services": 0.0121391672312275, "psychological": 0.0121106554382327, "service": 0.0121106554382327, "course": 0.0119837315534988, "communication": 0.011955827571583, "entrepreneurship": 0.011750434126864, "program": 0.0116025875187118, "physical": 0.0114064113935541, "countries": 0.0113935211155869, "preliminary": 0.0113935211155869, "education": 0.0113678095942526, "pandemic cross": 0.011265449447367, "perspectives": 0.0112532307568216, "implementation": 0.0111903550879777, "information": 0.0111903550879777, "real": 0.0111903550879777, "effectiveness": 0.0111156220467689, "middle income": 0.0110312459407282, "center": 0.010980594386007, "application": 0.010824214238835, "single": 0.0107886038530146, "nursing students": 0.0107322386511062, "lessons": 0.0106711588614492, "impact sars": 0.0106548247177814, "social": 0.0104871432632911, "quality": 0.0104531579051908, "infectious": 0.0104418650113907, "income countries": 0.0104081796908984, "cov transmission": 0.0103140669011263, "life": 0.0102966469950919, "pandemic med": 0.0102909182093821, "oral health": 0.0102679174336109, "survey": 0.0102635470824329, "study med": 0.0102450626954955, "cancer": 0.0102196492737304, "vaccination": 0.0102087165179143, "emergency": 0.0101869006881252, "therapy": 0.0100466867606738, "testing": 0.0100253557278196, "knowledge attitudes": 0.0099815590517804, "teacher": 0.0099815590517804, "china": 0.009940658064772, "big data": 0.0099394578799051, "health impact": 0.0099185905219831, "college students": 0.0098363101587685, "transmission": 0.0098361683013227, "potential": 0.0098258022544326, "pipeline": 0.0097758111017122, "psychological distress": 0.009716312074989, "development": 0.0096822233410172, "hospital": 0.0096720764495258, "analytics": 0.0096577805551015, "approach covid": 0.0096577805551015, "immune system": 0.0095622946071998, "stratification": 0.0095622946071998, "measures covid": 0.009487688637925, "respiratory": 0.0094131554921211, "algorithms": 0.009378601224264, "management": 0.0093741352430928, "university students": 0.0093607371222856, "workers covid": 0.0093607371222856, "postpartum": 0.009290154289049, "robot": 0.0092553751860215, "indigenous": 0.0092381108404056, "readiness": 0.0092381108404056, "treatment": 0.0092106189132899, "fitness": 0.0092038285892725, "foot": 0.009136228308448, "message": 0.009136228308448, "impact": 0.0091161396265924, "authors reply": 0.0090534750280468, "learnt": 0.0090208991572066, "cardiovascular disease": 0.0089566187140257, "neonates": 0.0089566187140257, "confirmed covid": 0.0089407263740356, "deep learning": 0.0088934660562885, "clinical": 0.008858009398258, "mediterranean": 0.0088160521229636, "infection": 0.0088038796821877,