{"innov": 0.606490408661334, "care": 0.4600235861422617, "acm": 0.2545459022480372, "conf": 0.2210809799197643, "abstract": 0.2131393021373101, "covid": 0.2089421621547275, "covid 19": 0.2000591055334357, "19": 0.1988542263243975, "proc": 0.1664001840729884, "syst": 0.1654672236732016, "pandemic": 0.114665184331167, "health": 0.0926425972260001, "health care": 0.0798540022331887, "19 pandemic": 0.0750610697087382, "system": 0.0472574772105336, "contact": 0.0403962188424028, "health system": 0.0357068005735913, "patient": 0.0325764321047174, "support": 0.0297319242681188, "centered": 0.0287312094653205, "rapid": 0.0284739307322076, "contact tracing": 0.0263775527525097, "leadership": 0.0258356903360966, "crisis": 0.0253956528136505, "virtual": 0.0244211368786223, "tracing": 0.0240129619445653, "lessons": 0.0237855394144951, "post": 0.0224891354019332, "experience": 0.0221572855652851, "privacy": 0.02161350412253, "human": 0.0215360439288747, "voice": 0.0211888881654851, "enabled": 0.021065764996945, "leaders": 0.0209847201761953, "management": 0.0208945313434413, "lessons covid": 0.0206298204479318, "speed": 0.0206298204479318, "herd": 0.0203270158690532, "medical center": 0.020143406734539, "york city": 0.0195151701159768, "system covid": 0.0194816695702956, "patients": 0.0193848394092148, "care workers": 0.0193490488808631, "ai": 0.0188394573881332, "implementation": 0.0187071035674148, "home": 0.0186236713195788, "center": 0.0183564430972789, "south": 0.0182753986593601, "private": 0.0179633111704234, "address": 0.0176646064225151, "enhancing": 0.0174801530338796, "vulnerable": 0.0172490640319391, "vaccination": 0.0170660819687638, "19 vaccines": 0.0170490943283346, "cities": 0.0170490943283346, "community": 0.0170478332108303, "trust": 0.0166635129161345, "ed": 0.0163406901582121, "mobility": 0.016295614932724, "distance": 0.016228473377447, "model": 0.0157688777750705, "building": 0.01560686035688, "medical": 0.0155737104675751, "new york": 0.0154233445515391, "york": 0.0153032919022419, "solutions": 0.0151265152989722, "based": 0.0150992053742588, "trauma": 0.0150684448232756, "new": 0.0150682270983356, "post covid": 0.0150107916240621, "19 era": 0.014953549747251, "identifying": 0.0146549713307215, "telemedicine": 0.0144559598667993, "managing": 0.0144025299088549, "needs": 0.0142792265310042, "re": 0.0142096090093338, "platform": 0.0141405903554826, "intensive": 0.0140892132170618, "older": 0.0140551436582933, "framework": 0.0139705973645491, "integrated": 0.0137712487488658, "academic": 0.0137548577951894, "improve": 0.0133556028402975, "access": 0.0130950311843623, "value": 0.0130950311843623, "importance": 0.0130199757349364, "developing": 0.0130050485324275, "city": 0.0129752771845984, "models": 0.0129604328343248, "workers": 0.0123605423205042, "systems": 0.0123467918989138, "vaccines": 0.0123467918989138, "mechanically": 0.0122626144114714, "bus": 0.0122004165063947, "primary": 0.0121970724411177, "blockchain": 0.0121391682248323, "spread": 0.0121165697353189, "distance learning": 0.0119608417771688, "monitoring": 0.0119579477182717, "pandemic health": 0.0119031187019115, "era": 0.0118668460367654, "social": 0.0116876884072828, "quality": 0.011649812479977, "cancer care": 0.0115207643292679, "palliative care": 0.0114689999398697, "safety": 0.0114507729636411, "health systems": 0.0113674328815721, "health emergency": 0.011243986694933, "throughput": 0.011243986694933, "challenges": 0.0112206530214605, "children": 0.0111375085568514, "syndrome covid": 0.0111006970159775, "community health": 0.0110309268310148, "experience covid": 0.0110309268310148, "19 management": 0.0108949245010516, "marketing": 0.0108726990452168, "pandemic new": 0.0108286141563354, "los": 0.0107850084605166, "hospital": 0.0107793145335558, "advance": 0.010763382076514, "analytics": 0.010763382076514, "public": 0.0107567452668197, "confidence": 0.0106780238665987, "early": 0.0106670977527907, "ventilated": 0.0105944440827425, "post pandemic": 0.0105738184099704, "time": 0.0105235236568322, "teach": 0.0104722513516728, "conceptual": 0.0103928094583507, "adults covid": 0.0103536707623762, "organizations": 0.0103149102239659, "consumer": 0.0102956694939551, "wake": 0.0102384948751231, "continuing": 0.010200826199142, "message": 0.0101821236733469, "impact": 0.0101597352832823, "ensuring": 0.0101265336219427, "revealed": 0.0101265336219427, "surfaces": 0.0101265336219427, "monitor": 0.0101081734776888, "respond": 0.0101081734776888, "experiment": 0.0100355618208682, "ahead": 0.0100176124194827, "lines": 0.0100176124194827, "19 infections": 0.0099819527667555, "points": 0.0099819527667555, "da": 0.0099290506658506, "hospitalizations": 0.0099290506658506, "contacts": 0.0099115705313657, "creating": 0.0098595825314484, "analysis": 0.009791720093828, "promotion": 0.0097912968909711, "rethinking": 0.0097912968909711, "sensing": 0.0097912968909711, "organizational": 0.0097744055627863, "disease": 0.0097618007215531, "crises": 0.0097408347851478, "preferences": 0.0097408347851478, "new normal": 0.0097075426063855, "net": 0.0096745244404315, "coronavirus": 0.0096727062572596, "palliative": 0.0096417758135321, "economics": 0.0095931487391582, "hesitancy": 0.0095770698217735, "ready": 0.0094819265991432, "rapidly": 0.00946628648375, "expanding": 0.0094351879984271, "israel": 0.0094351879984271, "heat": 0.0093889876661166, "mitigate": 0.0093889876661166, "clinicians": 0.00937370503995, "concentration": 0.0093433133452238, "understand": 0.0093433133452238, "drive": 0.0093282034045093, "adoption": 0.0092981531927107, "maintaining": 0.0092981531927107, "close": 0.0092387197424468, "opioid": 0.0092387197424468, "despite": 0.009223997947881, "summary": 0.009223997947881, "analysis covid": 0.0091224308895834, "sites": 0.0091081289688488, "business": 0.009093877854334, "curve": 0.0090796771863478, "critical care": 0.0090514257701744, "protecting": 0.0090514257701744, "workforce": 0.0089678459863182, "optimizing": 0.008954083761785, "order": 0.008954083761785, "discharge": 0.0088724873654481, "smart": 0.0088456532552485, "spread covid": 0.0088323032112575, "surge": 0.0088323032112575, "modern": 0.0088189974461007, "older adults": 0.0087662113619264, "provide": 0.0087400765169398, "equity": 0.0087011907405831, "power": 0.0086754747261323, "primary care": 0.0086626782734413, "learn": 0.0086245320159695, "event": 0.0085742281027177, "household": 0.0085617500692763, "large scale": 0.0085493107274734, "consumption": 0.0085122224708572, "evolving": 0.0084876860976283, "social media": 0.0084754739587696, "sustainable": 0.0084511606448509, "uncertainty": 0.0084390590232544, "combat": 0.0084269937975672, "triage": 0.0084149647495227, "implementing": 0.0083553546703312, "engagement": 0.0083435382125475, "south korea": 0.0083435382125475, "registry": 0.0083317564580672, "increasing": 0.0083200092036494, "containment": 0.0082849724349414, "innovative": 0.00826178344253, "19 disease": 0.0082502390186867, "fear": 0.0082272493596841, "artificial intelligence": 0.0082043906966003, "space": 0.0081590604457379, "tracking": 0.0081590604457379, "19 crisis": 0.008147807466362, "behavioral": 0.0081031085691965, "solution": 0.0080920112328886, "well": 0.0080809445099612, "19 vaccination": 0.0080699082319772, "automated": 0.0080699082319772, "management covid": 0.0080479263440072, "telehealth": 0.0080260642489368, "energy": 0.0080151777171078, "addressing": 0.0080043206481884, "country": 0.0079826942641858, "airway": 0.0079719246348531, "efficiency": 0.0079611838399039, "stay": 0.0079504717253492, "transition": 0.0079185059425379, "disparities": 0.0078553285027189, "icu": 0.0078344885362839, "korean": 0.0078344885362839, "adaptation": 0.0078241090103976, "temperature": 0.0078241090103976, "social distancing": 0.0078137562704144, "attitudes": 0.0077828573922404, "physician": 0.0077828573922404, "coronavirus pandemic": 0.007772610427494, "hygiene": 0.007701605308085, "nationwide": 0.0076915635393446,