{"neuroradiology": 0.5710687076700407, "interventions": 0.3116819440585028, "official society": 0.3103302073917897, "angiography": 0.3088118073379189, "interventional": 0.2507547862221599, "reactions weekly": 0.2094590138283994, "procedures": 0.1993068831664833, "cardiac": 0.1631194687358732, "cardiovascular": 0.1600627095127847, "surgical": 0.1573529349078888, "official": 0.1501303493126145, "weekly": 0.1459857633118469, "related": 0.1356265720706042, "society": 0.1345462821190114, "reactions": 0.131054688428284, "thrombectomy": 0.0715319484722987, "endovascular": 0.0609318159084825, "occlusion": 0.0559261962015381, "embolization": 0.0555394329805158, "stent": 0.0493877882657114, "clin exp": 0.0449282931525542, "cerebral": 0.0439729349875409, "carotid": 0.0439247547991013, "technique": 0.0424749616010958, "ophthalmol": 0.0396839088874139, "aneurysms": 0.0380977567269474, "venous": 0.0373075241820578, "exp": 0.0346011892501204, "aneurysm": 0.0339800470009935, "artery": 0.0321672543013503, "catheter": 0.0307613871731185, "treatment": 0.0298630599409852, "arch": 0.0298340285008336, "access": 0.0285720807295874, "aortic": 0.0280974247862019, "clin": 0.0272418555900265, "retrieval": 0.0249127331389168, "thrombosis": 0.0240688894707743, "covid 19": 0.0231482286276566, "covid": 0.0231249269593516, "19": 0.0230088157310271, "system": 0.0229136012639056, "management": 0.0227949146491769, "limb": 0.0224641465762771, "use": 0.0223511044048842, "stroke": 0.0218626093379323, "patients": 0.0211479143780726, "procedure": 0.019718669246359, "acute": 0.0192142463171439, "peripheral": 0.019098459840933, "devices": 0.0172542817958062, "fistula": 0.016911694769092, "follow up": 0.0168041515527508, "device": 0.0161900181853658, "sinus": 0.0161813174051586, "report": 0.0161320870126245, "experience": 0.0161150119463086, "intracranial": 0.0160456042448783, "pipeline": 0.0158477750328455, "valve": 0.0156878909801628, "ischemia": 0.0156564332065532, "follow": 0.0156353373446021, "report cases": 0.0155940218857184, "effect": 0.0154195241559159, "dexamethasone": 0.0151173976689121, "let": 0.0148929314232725, "case": 0.0148393915518392, "impact": 0.0147783675919168, "going": 0.0146767806801055, "impact covid": 0.0145873241748061, "initial": 0.0143521018429605, "up": 0.014220473733805, "note": 0.0142178663490398, "trial": 0.0141878736800738, "referral": 0.013907526404403, "pandemic": 0.0138993470859198, "ready": 0.0137924259692366, "spike": 0.0136128609438589, "great": 0.0134601500978232, "visits": 0.0132903809499728, "single": 0.013117226156645, "discharge": 0.0129059346612098, "single center": 0.0127704465844525, "finding": 0.0126380330583413, "technical": 0.0121022990217062, "late": 0.0117706527998152, "label use": 0.0117202155052693, "vascular": 0.0116588906418525, "case series": 0.0115492288371665, "novel": 0.0115165490162226, "outpatient": 0.0113809617879658, "treatments": 0.011306051864883, "dysfunction": 0.0112763550940604, "double": 0.0109874147442819, "based": 0.0109816644403037, "guidance": 0.0109313046689661, "guide": 0.0108619173725575, "clinical": 0.0107699303967093, "techniques": 0.0107525857833525, "day": 0.0107390622480471, "cause": 0.0106719107259696, "study": 0.0106171291843666, "mechanical": 0.0105268423927838, "better": 0.0104492083935512, "flow": 0.0103599217989463, "off label": 0.0101825275907477, "case report": 0.0101486061666449, "unit": 0.0099564767834485, "cov spike": 0.0099140439177864, "short": 0.0096013181440873, "uk": 0.0095902136633385, "acute ischemic": 0.009581095358732, "recovery": 0.0094153570492713, "pulmonary": 0.0092665408965453, "year": 0.009070461168223, "center": 0.0089004374033929, "series": 0.0088026896761221, "neutralizing antibodies": 0.0087417249627462, "strategy": 0.0085559529636087, "segment": 0.0084172017674335, "implications": 0.0083281565587012, "outcomes": 0.0083281565587012, "cerebrovascular": 0.0082675432487273, "results": 0.0082571005468319, "graft": 0.008249364364771, "detection": 0.0082218943895285, "contrast": 0.0081426072814449, "distal": 0.0081426072814449, "randomized clinical": 0.0081251881166536, "cases": 0.0081175326892457, "ischemic stroke": 0.0080906587025793, "spike protein": 0.0080565331505634, "vessel": 0.0080565331505634, "assessment": 0.0079644083762114, "patient": 0.0078976219204715, "atrial": 0.0077970109428592, "evaluation": 0.0077500898326059, "approach": 0.0077420019548419, "managed": 0.007735583380604, "dissection": 0.0077204264559404, "patients acute": 0.0076458008679152, "wall": 0.0076458008679152, "automatic": 0.0076164769885603, "orthop": 0.0076164769885603, "preoperative": 0.0076164769885603, "transient": 0.0075874448939385, "tumors": 0.007573036462503, "august": 0.0074464657116362, "ophthalmic": 0.0074190692527312, "based approach": 0.0074054668903964, "scoring": 0.0073251581113129, "recurrence": 0.0072858177206678, "limitations": 0.0072728212562557, "mutations": 0.0072728212562557, "precautions": 0.0072341756391433, "unusual": 0.0072214066846878, "micro": 0.0072086933685544, "non invasive": 0.0072086933685544, "priorities": 0.0072086933685544, "factors affecting": 0.0071834317264534, "off": 0.0071834317264534, "bilateral": 0.0071583869251563, "neutralizing": 0.0071583869251563, "simultaneous": 0.0071459446826922, "analysis": 0.0071215260471332, "disease": 0.0070997656631631, "spinal": 0.0070603036915451, "biochemistry": 0.0070362895523932, "coronavirus": 0.0070349671862825, "migration": 0.0069306067200469, "ischemic": 0.0069190970347613, "chemotherapy": 0.0068735070222731, "congenital": 0.0068286184224781, "repair": 0.0068286184224781, "distinct": 0.0068175033559452, "lifestyle": 0.0068175033559452, "circulating": 0.0068064304719294, "complication": 0.0067953994514693, "coronavirus 2019": 0.0067953994514693, "immediate": 0.0067953994514693, "views": 0.0067953994514693, "19 impact": 0.0067516877509672, "recovered": 0.0067516877509672, "arterial": 0.0067300750489116, "label": 0.0066767335004312, "block": 0.0066556669725486, "binding": 0.0066347514605009, "left": 0.0066243496618323, "sites": 0.0066243496618323, "complete": 0.0065627057892803, "interest": 0.0065525572523138, "recurrent": 0.0065223217336962, "perioperative": 0.0065023373991558, "contemporary": 0.006443192777288, "coronary": 0.00643345086027, "address": 0.006423741362337, "modern": 0.0064140640684363, "ophthalmology": 0.0063852232922262, "cardiology": 0.006366153280311, "income": 0.0063566648119933, "materials": 0.0063566648119933, "success": 0.0063566648119933, "vivo": 0.0063190165291706, "origin": 0.0063003730060803, "reduces": 0.0062818478553629, "alcohol": 0.0062726292017657, "duration": 0.0062360431244409, "affecting": 0.0062089015200092, "thoracic": 0.0062089015200092, "plus": 0.0061909463775842, "clinical trial": 0.0061731010532308, "resolution": 0.0061731010532308, "targeted": 0.006120210757169, "allergy": 0.0060682621783033, "isolated": 0.0060341366262874, "prolonged": 0.0060172223676935, "lesions": 0.0059670600759437, "vitro": 0.0059670600759437, "delayed": 0.0059587829031974, "short term": 0.0059587829031974, "visual": 0.0059505291453983, "hybrid": 0.0059096069958119, "circulation": 0.0059014909921468, "rare": 0.0059014909921468, "solution": 0.0058853263999076, "country": 0.0058058200790006, "stay": 0.005782384600103, "treating": 0.00576686487502, "coronavirus covid": 0.0057591358600731, "wide": 0.005713186856328, "neurological": 0.0056754411625568, "host": 0.0056679502690036, "way": 0.0056604785582975, "concerns": 0.0056234043436392, "multicenter": 0.005616045698033, "number": 0.0055650483696625, "benefits": 0.0055578352598422, "volume": 0.0055078367045293, "literature review": 0.0054937073721409, "trauma": 0.0054796461331849, "mechanism": 0.0054586805236717, "total": 0.0054171959181363, "gender": 0.0054103388023214, "internal": 0.0053966727284552, "predictors": 0.0053830703661204, "receptor": 0.0053830703661204, "12": 0.0053762928916762, "invasive": 0.0053292863282269, "light": 0.0053226325022273,