{"zhonghua": 0.5604928912443176, "bing": 0.387569318670742, "xue za": 0.3119395886183257, "xue": 0.2948349226593439, "zhi zhonghua": 0.277986931943347, "za zhi": 0.2539222690213633, "zhi": 0.2447946603751589, "za": 0.2287316491818764, "zazhi": 0.2152450523857036, "zhong": 0.090496424801632, "yi xue": 0.0873464053379354, "yi": 0.0761698064635185, "19": 0.0530548117984199, "covid": 0.0525266876378147, "covid 19": 0.0517829549361419, "disease 2019": 0.0423773222312481, "coronavirus disease": 0.0388102107065744, "coronavirus": 0.0372853742356282, "2019": 0.0355856909065118, "disease": 0.0350632061561365, "epidemic": 0.0250221687315103, "traditional chinese": 0.0235144686074826, "severe acute": 0.0234611897560648, "acute respiratory": 0.0216095947484915, "chinese medicine": 0.0209062708759497, "province": 0.0200062091830953, "respiratory": 0.0193002876675767, "epidemiological": 0.0185946542292699, "prevention": 0.0177318112395032, "cases": 0.017600309513414, "severe": 0.0173963863616638, "respiratory syndrome": 0.0173911927996457, "characteristics": 0.016854201556183, "analysis": 0.0162986045231957, "acute": 0.0157382348069176, "control": 0.0154788090616483, "traditional": 0.0151601261887123, "investigation": 0.0148609150847458, "china": 0.0145584670924266, "syndrome": 0.014543063838228, "patients": 0.0144350723184376, "treatment": 0.0143885838249376, "cluster": 0.0137819328988294, "19 cases": 0.0136546250990859, "evaluation": 0.0130694865494915, "study": 0.0127888312141608, "syndromes": 0.0125574652115685, "based": 0.0123460689956346, "chinese": 0.0120588226170687, "sars": 0.0117913472267421, "big data": 0.0116453675012895, "prevention control": 0.0112808495303001, "data": 0.0112611147079645, "medicine": 0.0111673935159803, "system": 0.0110402039566085, "emergency": 0.0109406723527492, "health": 0.0102519432505503, "response": 0.0099639812678924, "infection": 0.0094553158006264, "mesenchymal stem": 0.0094031564147066, "big": 0.0092295619500515, "risk": 0.0090487990086833, "characteristics covid": 0.0089366176856036, "clinical": 0.0086485916384117, "transmission": 0.0086432627456235, "beijing": 0.0085336339149486, "mesenchymal": 0.0082436903818193, "period": 0.0080769589109586, "chain": 0.0079003622128564, "cov": 0.0076889574379127, "diseases": 0.0076748034369965, "prevention treatment": 0.0076671709409034, "asymptomatic": 0.0074691504805172, "model": 0.0073677918111466, "technical": 0.0072888940505595, "case": 0.0071498978897895, "sars cov": 0.0069259509877694, "2019 patients": 0.0069245278603198, "severe coronavirus": 0.0069039549642146, "warning": 0.006734715042057, "outbreak": 0.0066521457614455, "19 epidemic": 0.0065335463218459, "2020": 0.0063341593060783, "transmission sars": 0.006317891199843, "stem cells": 0.0062871066366885, "different": 0.0061568512382893, "risk assessment": 0.0061530413000343, "dynamic": 0.0061491928733167, "improving": 0.0060539031758925, "exploration": 0.0059744665745186, "health emergency": 0.0059102983460152, "stem": 0.0058311152404476, "assessment": 0.0057561025777473, "transplantation": 0.0055796308975844, "group": 0.0054751441266496, "interpretation": 0.0053817708049579, "sample": 0.0053007425674488, "clustering": 0.0052007776163171, "immunotherapy": 0.0051289849760601, "infection covid": 0.0050767003523761, "ability": 0.005042550535183, "2019 novel": 0.0050172962797478, "control covid": 0.0049676773992711, "district": 0.0049191992843752, "standards": 0.0048718106580723, "caused": 0.0048663590930793, "cold": 0.0048562481879926, "east respiratory": 0.0048238990983995, "analysis covid": 0.0047951220204342, "distribution": 0.0047576567861566, "19 outbreak": 0.0047408710238632, "health system": 0.0046922379512129, "early": 0.0046725516429086, "critically ill": 0.0046566771569683, "contamination": 0.0046496363987587, "guidelines": 0.0046260956251336, "research": 0.0045905346810944, "medical": 0.0045478766026065, "city": 0.0045468901949626, "large scale": 0.0044938666705224, "novel coronavirus": 0.0044850941506503, "19 vaccines": 0.0044808499308889, "critically": 0.0044808499308889, "clinical characteristics": 0.0044679130490563, "rate": 0.0043850264062068, "public health": 0.0042694646540017, "products": 0.0042651739975955, "ill": 0.0042418731514013, "emerging": 0.0042226814309938, "expert opinion": 0.004191404424459, "respiratory diseases": 0.0041611709276835, "healthcare": 0.0041313874745712, "rna": 0.0040220174246189, "safety": 0.0040126624327474, "current": 0.003991216052386, "epidemics": 0.0039755569255866, "elevation": 0.003965994179173, "graph": 0.0039487448410867, "emerging infectious": 0.0039401988973435, "strategies": 0.0039236666932953, "distress syndrome": 0.0038982314997551, "cells": 0.003856445446891, "renin": 0.0038100896017972, "meta analysis": 0.0037899492349753, "advance": 0.0037717819613463, "public": 0.0037694562426356, "syndrome coronavirus": 0.0037642441233591, "respiratory infection": 0.0037567464873656, "factors": 0.0037380413143268, "novel": 0.0036992599155699, "dimer": 0.0036838906299013, "infectivity": 0.0036838906299013, "assessment covid": 0.0036419232323129, "respiratory distress": 0.0036350488742797, "infectious diseases": 0.0035936489827912, "interim": 0.003523052167333, "meta": 0.0035224446268524, "transportation": 0.0035104439804298, "changed": 0.0034979478677815, "patients coronavirus": 0.0034917412200992, "cases covid": 0.0034611124831497, "control study": 0.0034611124831497, "visualization": 0.0034611124831497, "scale": 0.0034456089027479, "middle east": 0.0034017870806297, "air": 0.0033868668000276, "case control": 0.0033617003567886, "pandemic": 0.0033484833947505, "features": 0.0033297168218147, "family": 0.0033259613352927, "county": 0.0033227250924685, "outcomes covid": 0.0033227250924685, "interval": 0.0033117849328474, "diagnosis treatment": 0.0033063466149763, "thinking": 0.0033063466149763, "stages": 0.0032478737720482, "vaccines": 0.0032449888868878, "market": 0.0032426767109851, "discussion": 0.0032271998198042, "methods": 0.0031844818038741, "based study": 0.003162035054481, "clinical outcomes": 0.0031425772571183, "scenario": 0.0031233851035231, "moderate": 0.0030997575991725, "large": 0.0030951747550546, "types": 0.0030673323596836, "infectious": 0.0030585006980698, "collection": 0.0030134291399468, "survey": 0.0030062700372059, "cities": 0.0029872332872593, "detection": 0.0029710974911136, "measure": 0.0029700367007599, "comparison": 0.0029427500199714, "influencing": 0.0029114530817853, "estimating": 0.0028830520468158, "urgent": 0.0028830520468158, "global": 0.0028780512888736, "visual": 0.002867076836081, "prognosis": 0.0028473597749096, "distance": 0.0028434493317303, "19 pandemic": 0.0028182258544446, "effects": 0.0028152786769911, "measurement": 0.0027860616323655, "effect": 0.0027860312577205, "time": 0.0027657967832377, "management": 0.0027457546284618, "combination": 0.0027309250198171, "distress": 0.0027094619553344, "use": 0.0026922955981834, "driven": 0.0026848289748662, "estimation": 0.002674402696544, "cov infection": 0.0026537792936759, "volume": 0.0026537792936759, "animal": 0.0026435799496638, "structure": 0.0026368212663739, "guide": 0.0026167380188674, "confirmed": 0.0026101068583812, "expert": 0.0026068029710403, "opinion": 0.0025936645257226, "hospitalized": 0.0025581543998929, "temporal": 0.0025517932876073, "ventilation": 0.0025423052645284, "combined": 0.0025235191932146, "east": 0.0025235191932146, "flow": 0.0024958025654188, "ct": 0.0024806373329539, "mechanisms": 0.0024567081864143, "area": 0.0024507890053894, "advances": 0.0024331795465396, "common": 0.0024244568499935, "risk factors": 0.0024043119322707, "resource": 0.0023788283930783, "central": 0.0023760251949082, "middle": 0.0023760251949082, "process": 0.0023732275752456, "major": 0.0023620924404618, "imaging": 0.002353798590939, "cell transplantation": 0.0023507891036766, "impact covid": 0.0023428156958855, "to": 0.0022944276275493, "19 infection": 0.0022891525616357,