{"distress syndrome": 0.3912555714158226, "respiratory distress": 0.3648406013137307, "distress": 0.2719417986413605, "acute respiratory": 0.2497356708147552, "extracorporeal membrane": 0.2416984995227648, "membrane oxygenation": 0.2416984995227648, "extracorporeal": 0.2202722610962052, "oxygenation": 0.1954727679827582, "syndrome": 0.1946200391132969, "respiratory": 0.1923382293092188, "acute": 0.1818821071237387, "crit care": 0.1809933036877391, "crit": 0.1664940029151945, "membrane": 0.1662307243238602, "disease 2019": 0.155135706277592, "care med": 0.1403310574571193, "coronavirus disease": 0.1381305689581659, "care": 0.1376996901796321, "2019": 0.1199880806724731, "disease": 0.1095756534647671, "coronavirus": 0.1085755732107731, "med": 0.0705082189114435, "patients": 0.0652781133162593, "respir crit": 0.0549416287712686, "covid 19": 0.0544400482525164, "covid": 0.0543852473445378, "19": 0.0541121767362283, "associated": 0.0503973347944503, "venous": 0.0383862091168444, "intensive care": 0.0344899691779789, "intensive": 0.0316301221280895, "19 associated": 0.0315308407554087, "perfusion": 0.0307608945742749, "reply": 0.0306239991247527, "respir": 0.0296282584148808, "percutaneous": 0.0285239746882237, "treated": 0.0273144089898112, "critical care": 0.0270937960961748, "2019 pandemic": 0.0236005994031648, "patients acute": 0.0236005994031648, "multicenter": 0.0231136972287351, "ventricular": 0.022942921473262, "authors reply": 0.0226517030290985, "yi xue": 0.0226092490912182, "patients coronavirus": 0.0223696070361587, "ventilation": 0.0217161452882395, "closure": 0.0205767682573414, "severe acute": 0.0200403394700977, "yi": 0.0197162335519219, "authors": 0.019277144226482, "compliance": 0.0189185044532452, "induced": 0.0182750574281464, "xue": 0.0179889547655, "mortality": 0.0172487488240835, "critical": 0.017064569635973, "19 acute": 0.0169016360689397, "successful": 0.0168710477099151, "pol": 0.0165441421682597, "severe": 0.016510931545793, "care medicine": 0.0164751284908485, "syndrome coronavirus": 0.016076919130015, "hospital covid": 0.0159498429827978, "obstet gynecol": 0.0157337329354432, "pulmonary embolism": 0.0156733894744544, "survival": 0.0155135706277592, "treatment": 0.0153632502946258, "multicenter study": 0.0151011353527323, "embolism": 0.0149929500144784, "ann": 0.0149741168389777, "requiring": 0.0148604032668304, "preterm": 0.0147051155465925, "analysis": 0.0146548662271072, "importance": 0.0146148481201948, "ill patients": 0.0146037777177244, "study": 0.0145654743925231, "interleukin": 0.0142619873441118, "gynecol": 0.0136962089992129, "surgery": 0.0135559358937204, "ventilator": 0.0134424758712409, "critically ill": 0.0132589739336318, "obstet": 0.0131594007754283, "birth": 0.0129842275258927, "critically": 0.0127583404284894, "emergency": 0.0127437612883168, "plus": 0.0127398945650437, "detection": 0.0126894251612454, "descriptive": 0.0125763833574343, "morbidity": 0.0123997787483598, "epidemic": 0.0123309887407016, "emergency department": 0.0123133869869526, "ill": 0.0120779009685134, "related": 0.0119612561612363, "factors associated": 0.0117255579568104, "improved": 0.0114370616222172, "19 related": 0.011363390466901, "important": 0.0112906123172873, "right": 0.0111759716254073, "19 epidemic": 0.0111617942307937, "maternal": 0.0111617942307937, "clinical": 0.0110813249993352, "saudi": 0.0109393938488364, "pandemic": 0.0107259176706031, "pressure": 0.0106986617629344, "case report": 0.0104420362138284, "caused": 0.0103920015590319, "department": 0.0102931660132136, "pregnancy": 0.0102443517294633, "surg": 0.0101718664567955, "patients covid": 0.0100412077654327, "mesenchymal stem": 0.010040115644201, "ann intern": 0.0097426386192928, "trial": 0.0097320616139699, "therapeutic": 0.009665471757708, "br anaesth": 0.0096588547094048, "pulmonary": 0.0095344674953169, "cardiothorac": 0.0093702248873196, "versus": 0.0093641263166343, "adults": 0.0093222855631362, "protective": 0.0093222855631362, "lung": 0.0092497585953088, "ann surg": 0.0092237537936611, "following": 0.0091882823876268, "mechanically": 0.0091764762509901, "general": 0.009087200474471, "open label": 0.0090389531875466, "support": 0.0088997105441853, "mesenchymal": 0.0088021086875684, "cases": 0.0083522376291071, "syndrome covid": 0.0083069791741361, "report": 0.0082992597221923, "ecmo": 0.0082375642454242, "outcome covid": 0.0082204584332476, "refractory": 0.0081865364687682, "organs": 0.0081529935285826, "fail": 0.0080870114897984, "technological": 0.0080870114897984, "hospital": 0.0080664791780938, "high": 0.0080243448028714, "early": 0.0079825040493733, "factors": 0.0079825040493733, "managed": 0.0079592448922531, "medicine": 0.0079492401203624, "ventilated": 0.0079281351639649, "semin": 0.0078820668136873, "stem cell": 0.0078517426981308, "preoperative": 0.0078366947372272, "treatment patients": 0.0078366947372272, "postpartum": 0.0077479573827776, "radiotherapy": 0.0077045533219196, "alveolar": 0.0076902236435687, "clinical course": 0.0076902236435687, "interpretation": 0.0076617678673448, "case": 0.0076342239235159, "adult patients": 0.0076335792854529, "impact": 0.0076028297404647, "mortality patients": 0.0075369528597675, "vasc": 0.0075099070740078, "assist": 0.0074565356787195, "recruitment": 0.0073911286925019, "contribute": 0.0073653597624815, "anesth": 0.0073525577732962, "guideline": 0.0073525577732962, "precision": 0.0073398101451628, "rationale": 0.0073271164183664, "bayesian": 0.0072893541353716, "pathophysiology": 0.0071668039803457, "road": 0.0071428830417131, "anaesth": 0.007119151203387, "intern med": 0.007119151203387, "mechanical ventilation": 0.0070956054990421, "multicentre": 0.0070722430316072, "drive": 0.0069805698959112, "ards": 0.006913606630802, "gas": 0.0069025898774676, "label": 0.0068697801310613, "analysis covid": 0.0068265842503577, "near": 0.0068158817010024, "intern": 0.0068052171714406, "example": 0.0067629339102651, "randomised": 0.006752455498529, "far": 0.0067420135335161, "detect": 0.0067212379356204, "reactive": 0.0066903416569334, "allocation": 0.0066801131566992, "receiving": 0.0066496351089846, "contamination": 0.0066194633784902, "moderate": 0.0066194633784902, "h1n1": 0.0065113578154754, "medicina": 0.0064070102460474, "stem": 0.0062261084221881, "admission": 0.0061912003321818, "prolonged": 0.0061912003321818, "thrombosis": 0.0061912003321818, "increases": 0.0061825363668189, "centers": 0.0061395876812996, "shock": 0.0061310711878871, "poor": 0.0061141103409949, "oncol": 0.0061056657168202, "hepatitis": 0.0060721227766346, "derived": 0.0060307143695858, "2019 covid": 0.0060225007887725, "room": 0.0059979940248059, "optimal": 0.0059656264668959, "severe covid": 0.0058940507394509, "icu": 0.0058627789784052, "combination": 0.0058318296123891, "dysfunction": 0.0058011960617393, "know": 0.0058011960617393, "utilization": 0.0057633385371742, "driven": 0.0057333925341068, "serum": 0.0057037422988653, "inflammation": 0.0056525487723243, "br": 0.0056453061586436, "guidance": 0.0056236825699717, "reduced": 0.0056165091808606, "theory": 0.0055808971153968, "planning": 0.0055597309037586, "device": 0.0055527085335049, "receptor": 0.0055387128815148, "normal": 0.0055317394476833, "pregnant": 0.0054560821078195, "mechanical": 0.0054156042552912, "jama": 0.0053756649267716, "administration": 0.0053427833065389, "profile": 0.0053427833065389, "liver": 0.0052973458263923, "trials": 0.0052780811918477, "dynamic": 0.0052525858206537, "annals": 0.0052399188739512, "chest": 0.0051897788873104, "overview": 0.0051835698635571, "academic": 0.0051465830066068, "special": 0.0051039998541254, "lancet": 0.0050799351006989, "regional": 0.0050560617191061, "outcome": 0.005038280451439, "natural": 0.0050147347470941, "course": 0.0049971958739482, "failure": 0.0049913722796592, "increased": 0.004962422567232, "interventions": 0.0049337493605804, "practices": 0.0049280474369012, "secondary": 0.0049053474276888, "safe": 0.0048940614673494,