{"radiological": 0.3125530700138214, "bras": 0.3120432092694642, "gas": 0.3065597723958057, "assoc": 0.2845499497482068, "venous": 0.2841365279528668, "admission": 0.2749653388630428, "emergency department": 0.2734328113903894, "correlation": 0.2390395488024878, "department": 0.2285714989777615, "rev": 0.2119637477067691, "19 patients": 0.207708224063565, "blood": 0.2035843358751507, "emergency": 0.1886598426273646, "med": 0.1739683858219018, "patients": 0.1610638898337808, "covid 19": 0.1511129255265738, "covid": 0.1509608109382885, "19": 0.1502028303739517}