{"proceedings national": 0.4594211336966711, "sciences united": 0.4561628277839288, "academy sciences": 0.3536227091792748, "national academy": 0.3492040496060651, "states america": 0.3453098755056712, "proceedings": 0.1961497433906208, "academy": 0.1863253886964306, "america": 0.1746284745112944, "sciences": 0.1470401867584005, "united states": 0.1469412588436729, "states": 0.1389871085154113, "united": 0.1374748976031516, "national": 0.136958257042268, "virus": 0.0299473164434689, "protein": 0.0242504949009403, "coronavirus": 0.0215872886344526, "binding": 0.0180970655113869, "respiratory syndrome": 0.0179005524634375, "veterinary": 0.0165285266911405, "human": 0.0160211900707018, "respiratory": 0.0156086555471063, "rna": 0.0151793244282607, "syndrome coronavirus": 0.0142064732056838, "host": 0.0141716680143067, "hepatitis virus": 0.0136760487298259, "inc": 0.013654253890522, "syndrome": 0.0128068166306364, "replication": 0.0127731721900042, "structure": 0.0124393933553816, "fusion": 0.0122380478788383, "receptor": 0.0122357983374925, "publication american": 0.0118928901798196, "american association": 0.0117223274827079, "mouse": 0.0113502734452977, "spike": 0.0108297817958675, "hepatitis": 0.0107313408533394, "domain": 0.0107082918939835, "glycoprotein": 0.0105498570700806, "severe acute": 0.0103301188279421, "influenza": 0.009692297645923, "murine": 0.0095444676122674, "sars coronavirus": 0.0091950932803414, "spike protein": 0.0091563093388152, "east respiratory": 0.0091028359270146, "covid 19": 0.0090199311575297, "covid": 0.0090108514371179, "official publication": 0.0089781028279065, "19": 0.0089656075740582, "genome": 0.0089364355671948, "infection": 0.008921226026449, "potent": 0.0088262702756603, "sars": 0.0087413112054502, "protease": 0.0084786416606471, "acute respiratory": 0.0083954551386378, "viral": 0.0083651090699401, "severe": 0.0082068699791897, "monoclonal": 0.0080378180356662, "complex": 0.0079021693660172, "publication": 0.0078124738849954, "gene": 0.0076193208883697, "interferon": 0.0073561749368566, "cell": 0.0072241329472971, "receptor binding": 0.0071451608847427, "investigation": 0.007010743227746, "diagnostic": 0.0069953200079831, "acute": 0.006987882443392, "neutralizing": 0.0065084476241822, "middle east": 0.0064192697695282, "official": 0.0063984093425837, "laboratory": 0.0061302065983821, "cells": 0.0060643526202312, "neutralizing antibodies": 0.0059610209317999, "antibodies": 0.0057808864138538, "infectious": 0.0057714785216852, "american": 0.0057157380252528, "antibody": 0.0056444066900123, "cov": 0.0056424990109532, "human coronavirus": 0.0055764512302229, "mers": 0.0055566011045684, "cats": 0.0055287940171155, "gene expression": 0.0055287940171155, "influenza virus": 0.0055053867645517, "mers cov": 0.0054480458068147, "membrane": 0.0054404018856688, "vitro": 0.0054252862244912, "association": 0.0054138259300184, "transcription": 0.005316816261542, "model": 0.0052137129088833, "porcine": 0.0052137054423751, "binding domain": 0.0048740375956844, "acid": 0.0048575595131826, "structures": 0.0048226908213997, "east": 0.0047619530810929, "transmission": 0.0045305790699934, "middle": 0.0044836276768058, "role": 0.0043719783318142, "dna": 0.004360645990545, "spike glycoprotein": 0.0043171452688642, "function": 0.0042851480578955, "respiratory syncytial": 0.004267554607853, "identification": 0.0042607431814558, "inhibitor": 0.0042338774191578, "specific": 0.0042125968261481, "mrna": 0.0042094649224545, "unique": 0.0042034083165006, "syncytial": 0.0041849966782691, "activation": 0.0040520797563962, "regulates": 0.0040136107958787, "proteome": 0.0039740139545333, "pandemic": 0.0039491776160985, "coronaviruses": 0.0039324506750504, "water": 0.0039219237006538, "cytokine": 0.0039166810269499, "viral rna": 0.0038981992813624, "two": 0.0038752296626649, "quantum": 0.0038618574003735, "leader": 0.003775133990966, "pathogens": 0.0037558182194651, "mediated": 0.0037509949600862, "isolates": 0.0037096196536927, "molecule": 0.0037096196536927, "expression": 0.0036569068138752, "coronavirus sars": 0.0036548344636754, "bat": 0.0036471895106405, "19 pandemic": 0.003545382001155, "innate": 0.0035305081102641, "previously": 0.0034892696898978, "associated": 0.0034256869003184, "viruses": 0.0033666880441021, "range": 0.0033603921137338, "bacteria": 0.0033542655639057, "polymerase": 0.0033360538954797, "suppression": 0.0033121542276278, "mutations": 0.0033062459965689, "directed": 0.0032770932696545, "sars cov": 0.0032673670299782, "hiv": 0.0032584893112244, "translation": 0.0032542238120911, "analysis": 0.003237466748209, "dynamics": 0.0032323346535751, "disease": 0.0032275744134671, "like": 0.0032212299167318, "correction": 0.0032065193615876, "basis": 0.003193293047501, "em": 0.003193293047501, "virus infection": 0.0031559273180015, "immune": 0.0031558724281379, "dimensional": 0.0031350387653579, "required": 0.0031350387653579, "entry": 0.0031144740793207, "proteins": 0.0030352627444227, "functions": 0.0030161775852311, "sites": 0.003011448896873, "spread": 0.0030046042404625, "genes": 0.0029880550686051, "airborne": 0.0029514625222691, "activity": 0.002901393106499, "vivo": 0.0028726435540888, "cellular": 0.0028599506756047, "inhibition": 0.0028432135995259, "tomography": 0.0028390621229612, "critical": 0.0028273531763857, "bronchitis virus": 0.0028154029154907, "promoting": 0.002806309948303, "detection": 0.0028032730819084, "domestic": 0.0028022722110004, "targeted": 0.0027822658636967, "resistant": 0.0027743470599992, "17": 0.0027704053165942, "enhance": 0.0027704053165942, "vaccine": 0.0027356233263965, "dependent": 0.002708880285099, "reproductive": 0.002664539810451, "infectious bronchitis": 0.0026640222705797, "rna polymerase": 0.0026506238787285, "efficiency": 0.0026322308757901, "pathway": 0.0026251567487304, "15": 0.0025869094002688, "properties": 0.0025869094002688, "reveals": 0.0025698822642669, "driven": 0.0025331746323644, "target": 0.0025168193612738, "cov infection": 0.0025038788129767, "based": 0.0024961485242186, "regulation": 0.0024878786710763, "antiviral": 0.0024533433415403, "opinion": 0.0024471596674985, "body": 0.0024166664698488, "site": 0.0023957308159223, "structural": 0.0023898093968039, "rural": 0.002378045278183, "resistance": 0.0023605924516474, "main protease": 0.0023225423997823, "19 mental": 0.0023145035396617, "loss": 0.0023095709429467, "systemic": 0.0023067931499322, "free": 0.0023040211621321, "capacity": 0.0022766153177658, "mass spectrometry": 0.0022319657999961, "imaging": 0.0022208427188771, "small": 0.0022208427188771, "reduce": 0.0022027610956181, "spectrometry": 0.0021975955269404, "severe coronavirus": 0.0021713268321192, "spinal cord": 0.0021713268321192, "scale": 0.0021673209348278, "syncytial virus": 0.002146059096401, "factor": 0.0021303715907279, "analysis sars": 0.0021040325053315, "bronchitis": 0.0021040325053315, "family": 0.0020920614712421, "design": 0.0020873495811018, "acute lung": 0.0020755647084016, "innate immune": 0.0020755647084016, "region": 0.0020663507940365, "in": 0.0020571236564456, "responses": 0.0020253249768303, "induced": 0.0020186090349906, "multiple": 0.0020186090349906, "epitope": 0.0020068053979393, "series": 0.0020008643465342, "efficacy": 0.0019942708167365, "myeloma": 0.0019725366321679, "amino": 0.001967782505431, "lessons": 0.0019660716453481, "feline": 0.0019583752861458, "large": 0.001946894506289, "mesenchymal": 0.0019445100179362, "crispr": 0.00193542497395, "social": 0.0019321683125857, "autophagy": 0.0019309287001867, "cd4": 0.0019309287001867, "monoclonal antibodies": 0.0019176199357212, "world": 0.0019072976649436, "cov transmission": 0.0019002804424349, "life": 0.0018970709706462, "19 research": 0.0018960154898598, "changes": 0.0018909725889627, "current": 0.0018828847853695, "vaccination": 0.0018808705166762, "future": 0.0018748459990688, "degradation": 0.0018628486869669, "welfare": 0.0018628486869669, "emerging infectious": 0.0018588170767409,