{"brasileira": 0.5449124241385312, "da": 0.4400869045268401, "medica": 0.4037010605372431, "revista": 0.3873878127036659, "19": 0.2027575841520652, "covid 19": 0.1990707861735936, "covid": 0.1988703958325761, "19 revista": 0.0911266558708522, "journal": 0.0900752895135725, "di": 0.0719913382183793, "pandemic": 0.0697269971618005, "bras": 0.065974937473902, "assoc": 0.060162069178786, "19 pandemic": 0.0550626591541148, "review": 0.0530387869499626, "sars cov": 0.0480740789122678, "cov": 0.047440197955138, "sars": 0.0467688765721327, "rev": 0.0448152518185773, "article": 0.0373491042313595, "med": 0.0367819360783596, "emergency": 0.0337514979350454, "health": 0.0289912320836954, "times": 0.028280260167602, "brasil": 0.0281488449532844, "19 emergency": 0.0264166185872201, "times covid": 0.0247322926719239, "patients": 0.0235755369051614, "19 review": 0.0207413985159482, "cov infections": 0.0198341735848789, "coronavirus": 0.018299233972238, "diagnosis": 0.0182339552554805, "integrative": 0.0181940405713777, "children": 0.0180603503917454, "safe": 0.0176751626047512, "sleep": 0.0172594262287005, "medical": 0.0168360016071383, "breastfeeding": 0.0166952418154639, "treatment": 0.0166455580241456, "urinary": 0.0163912022061079, "literature review": 0.0163315837937326, "vertical": 0.0160160720102314, "disease": 0.0158295314060331, "delay": 0.0157684845313765, "science": 0.0157085885909099, "diagnosis treatment": 0.0152999030612425, "infections": 0.0151143518891097, "patients covid": 0.0145057418004382, "art": 0.0143656463131441, "physical": 0.0137425497306321, "perspectives": 0.0135579962856059, "recommendations": 0.0133922040415758, "laboratory": 0.0133623975356665, "literature": 0.0133475326054062, "epidemiology": 0.0133326931070322, "upper": 0.0131218357762792, "tract": 0.0129271058663714, "prostate cancer": 0.0124545532785429, "current": 0.0123127277745939, "guidance": 0.0121861367526617, "hematological": 0.0118754486810269, "ventilation": 0.0117643516028185, "mask": 0.0115491633992469, "prostate": 0.0114980940570653, "aspects": 0.0114372421265291, "response": 0.0111776176203348, "fitness": 0.0110888576377114, "care": 0.0110513274587365, "19 health": 0.0110276306112447, "literacy": 0.0110074121954086, "politics": 0.0109274681374053, "update": 0.0108920492799919, "neutrophil": 0.0106961150295087, "lymphocyte": 0.0106773813401542, "practice covid": 0.0106773813401542, "findings": 0.01058073325155, "crisis": 0.0102952645535678, "actions": 0.0102844768883399, "19 patients": 0.0101343487708918, "levels": 0.0101230056755802, "coronavirus 2019": 0.0101006140330974, "immunological": 0.0100842793910297, "amidst": 0.0100680060423221, "public health": 0.0098783344483219, "ratio": 0.009754740492255, "support": 0.0096425330200575, "law": 0.0096355070760731, "state": 0.0094968090239575, "endoscopy": 0.0093372760578398, "life": 0.0093041215049971, "future": 0.0091951198707933, "evidence": 0.009078255706786, "government": 0.0090582405130588, "19 disease": 0.0089189430911201, "effects covid": 0.0089189430911201, "epidemic": 0.0089068039918712, "emergency department": 0.0088940900583941, "transmission": 0.0088880297695677, "remdesivir": 0.0088570755320651, "19 crisis": 0.0088082091858538, "public": 0.0087214563114299, "effects": 0.0086850121628189, "disease covid": 0.008560322156513, "time": 0.0085323626746528, "know": 0.0083805309252739, "risk": 0.0083745453078888, "ethical": 0.0083041568851101, "impact": 0.0082374068745645, "clinical": 0.0080041586132926, "study": 0.00789059751356, "ii": 0.0077849468563445, "kidney": 0.0076713112982861, "cov antibody": 0.0075416343482247, "department": 0.0074348630157185, "pregnancy": 0.0073996039406752, "immunity": 0.0073559294291524, "work": 0.0072784068464717, "health care": 0.0071938653322935, "patients systematic": 0.0069568901606092, "relationship": 0.0068790539568044, "corona": 0.0068402972883084, "health promotion": 0.0067502175489112, "information": 0.0067411215497132, "lockdown": 0.0067411215497132, "workers": 0.0066811987678332, "vaccines": 0.0066737663027031, "coronavirus disease": 0.0066515450294487, "systematic review": 0.0066074411679059, "primary": 0.0065928389913432, "measures": 0.0065637813125071, "methods": 0.0065493251579819, "diagnostic": 0.0065349170306366, "child health": 0.0064968064396201, "19 rev": 0.0064809204991849, "kidney transplant": 0.0064809204991849, "anti sars": 0.0064494935553188, "de": 0.0064143429198396, "national": 0.0063518413079182, "cystic fibrosis": 0.0063429531932197, "practice": 0.0061960909651731, "systematic": 0.0061894444621987, "venous thromboembolism": 0.0061854408495718, "changes": 0.0061828081298525, "cancer": 0.0061563638872969, "results": 0.00613663598819, "19 acute": 0.0061041155244547, "19 current": 0.0060908529683036, "challenges": 0.006065058570845, "insecurity": 0.0060645687535041, "comparison": 0.0060521704711907, "therapy": 0.0060521704711907, "contrast": 0.0060515451637785, "rio": 0.0060257303211453, "knowledge attitudes": 0.0060129372387818, "experience": 0.0059882982954454, "syndrome": 0.005981962512957, "coronavirus sars": 0.0059750047058252, "consequences covid": 0.0059625065664941, "experience covid": 0.0059625065664941, "cystic": 0.0059010740961411, "women covid": 0.0058889937241113, "hospital": 0.0058265034908875, "manifestations covid": 0.0058178915781092, "cooperation": 0.0057831960991906, "smell": 0.0057831960991906, "2019": 0.0057779109114637, "19 experience": 0.0057717532168526, "evaluation": 0.005759828151387, "taste": 0.0057377824776369, "eu": 0.0057265761417344, "role": 0.0057179259670406, "contagion": 0.0057154274222092, "dimer": 0.0056823211124134, "research": 0.0056646398617641, "paediatr": 0.0056497126607694, "anticoagulation": 0.0056282429688351, "control": 0.0056178178972047, "coinfection": 0.0056069837674653, "platelet": 0.0055754807266305, "indigenous": 0.0055650806051546, "kawasaki": 0.0055547301264523, "thromboembolism": 0.0055444288188557, "use": 0.0055370764789597, "alterations": 0.005534176217387, "wake": 0.005534176217387, "19 virus": 0.0055037060977043, "face mask": 0.0054736582103774, "portugal": 0.0054637340687026, "based": 0.0054410121997324, "19 infections": 0.0053955084491063, "saliva": 0.005357464996629, "myocarditis": 0.0053293641130283, "19 risk": 0.0053200774985304, "identified": 0.0053200774985304, "swab": 0.0053108304859203, "infection": 0.0053034977514198, "promotion": 0.0052924539253369, "children covid": 0.0052651778276943, "health covid": 0.0052651778276943, "developed": 0.0052561615104588, "hospitalized covid": 0.0052561615104588, "replacement": 0.0052561615104588, "viral infections": 0.0052471825279771, "care workers": 0.0052293353394018, "patients undergoing": 0.0051766585505348, "19 response": 0.005150792384931, "hypothesis": 0.005150792384931, "therapy covid": 0.0051337181142647, "worker": 0.0051337181142647, "mechanical ventilation": 0.0051252311321156, "thinking": 0.0050999676870808, "lives": 0.0050916115257922, "qualitative study": 0.0050667345282299, "fibrosis": 0.0050585052159963, "diagnosis covid": 0.004993771418686, "cov pandemic": 0.0049778854782508, "users": 0.0049699859388368, "physical activity": 0.0049386724535921, "nasopharyngeal": 0.0049309142300353, "interest": 0.0048698279040156, "ocular": 0.0048623117052563, "pandemic covid": 0.0048623117052563, "sexual": 0.0048623117052563, "well being": 0.0048548214692388, "being": 0.0048473570172173, "sharing": 0.0048399181722856, "effect covid": 0.0048251166051145, "scenario": 0.0048177535380365, "men": 0.004781308626856, "care covid": 0.0047525873967568, "sources": 0.0047525873967568, "narrative review": 0.0047383681905859, "landscape": 0.0047242416183373, "h1n1": 0.0047032228317547, "criteria": 0.0046962616021134, "legal": 0.0046962616021134, "population based": 0.0046755110019353, "fighting": 0.0046617867714953, "movement": 0.0046549570928699, "venous": 0.0046211276833272, "19 vaccines": 0.0046077423249539, "demographic": 0.0046010805035206,