{"neuroradiology": 0.6756910198633233, "clinical": 0.2888419966512832, "aneurysm": 0.2733963245965907, "method": 0.1461215007204387, "thrombectomy": 0.1438827601017397, "hepatitis virus": 0.1383117378173169, "stent": 0.1324545920669791, "esophageal": 0.1299161129707163, "occlusion": 0.1285629810906489, "catheter": 0.1237498316641147, "recurrence": 0.1172403196766072, "signaling": 0.1120844648856852, "maintenance": 0.1100628034922748, "evaluate": 0.1032124259266788, "sensitive": 0.1030572177639706, "dna": 0.1029025209964649, "mice": 0.1018336846421714, "formation": 0.100494278950321, "targets": 0.0989074775655824, "17": 0.0980640340482894, "il": 0.097235475607894, "isolated": 0.0970987930471328, "visual": 0.0957534165688012, "hepatitis": 0.0949643151962474, "pathway": 0.0929226706459224, "antiviral": 0.0868409916541424, "ther": 0.0855427404658435, "flow": 0.0833537558926042, "characterization": 0.0829481341346093, "simulation": 0.0802028596696354, "validation": 0.0784274081184764, "training": 0.0754087609337511, "preliminary": 0.074303994045476, "effectiveness": 0.0724916473139243, "safety": 0.0670065993065674, "cancer": 0.0666484707474033, "prevention": 0.0657999459692936, "experience": 0.0648290015140664, "potential": 0.0640799577934318, "evaluation": 0.0623555957843707, "virus": 0.0623555957843707, "effect": 0.0620311271366472, "novel": 0.0617731571114795, "research": 0.0613250923812966, "new": 0.0587832605213331}