{"perinatal": 0.549484239405427, "fetal neonatal": 0.2882248936292246, "european association": 0.2850575871058266, "medicine official": 0.2674237377370763, "official european": 0.2605813801416785, "medicine": 0.2174852954997024, "international society": 0.2116040867267055, "federation": 0.2050661663099101, "societies": 0.202878167614711, "fetal": 0.1886815524355479, "maternal": 0.1653429934368845, "neonatal": 0.1599036801118275, "asia": 0.1508880290080573, "official": 0.1313395505960088, "society": 0.1177060355136998, "european": 0.1158253599431898, "association": 0.1148334021997293, "international": 0.1124822723669223, "covid": 0.0780962933565977, "covid 19": 0.0771463682877429, "19": 0.0766817453206709, "compr clin": 0.0454034600317498, "sn compr": 0.0454034600317498, "compr": 0.0393359825164825, "sn": 0.0346744546774811, "pregnancy": 0.0309699272456987, "clin med": 0.0280252249589718, "19 pandemic": 0.0242585749984149, "yi xue": 0.0239226830817782, "pandemic": 0.0237788906213375, "yi": 0.0208616042455011, "clin": 0.0197718802479885, "xue": 0.019033983043455, "infants": 0.0187693675555382, "pregnant women": 0.0186124368434795, "women": 0.0181558280725932, "pregnant": 0.0164944030025588, "review": 0.0163568521312165, "med": 0.0153945250777678, "systematic review": 0.0152099471323034, "systematic": 0.014247742909258, "inhibition": 0.0116724759675785, "disease": 0.0110420197240452, "disease 2019": 0.0109431979834841, "2019 covid": 0.0109240535384401, "respiratory": 0.010679913788995, "women covid": 0.0098589983273869, "coronavirus": 0.0098471168067961, "management": 0.0094539044096467, "preterm": 0.0088910722834273, "human": 0.0085261418480326, "2019": 0.0084639014058287, "resuscitation": 0.0082810627250832, "care": 0.0080943915065122, "sars cov": 0.0078247093941891, "clinical": 0.0078167132697402, "cerebral": 0.007815952380768, "outcomes": 0.0077714961323225, "cov": 0.0077215366576068, "sars": 0.0076122699831124, "milk": 0.0067746262690025, "neonates": 0.0067746262690025, "confirmed covid": 0.006762605587157, "infection": 0.0066590971959863, "health": 0.0066184599922344, "dental": 0.0066059837187415, "study": 0.006604981371415, "oxygenation": 0.0065659785160011, "virus disease": 0.0064889682908919, "newborn": 0.0064566192368985, "kidney": 0.0064214234894671, "emergency": 0.0064209912993749, "prevention": 0.0063596226702464, "heart": 0.0061793177927392, "psychological": 0.0061068555062496, "factors": 0.0060330213218025, "research": 0.0059271241338868, "angiotensin": 0.0058879359929917, "risk": 0.0058417329040059, "possible": 0.0056681317776234, "coronavirus disease": 0.0055678078795855, "term": 0.0055493019430587, "analysis": 0.0055379314479171, "prognosis": 0.005514604293013, "management covid": 0.00546202676922, "transmission sars": 0.0054382808695585, "corona virus": 0.0051863452519781, "procedures": 0.0051662515813275, "renal": 0.0051662515813275, "19 epidemic": 0.0050615202072515, "confirmed": 0.0050551063526591, "epidemic": 0.0049704114586216, "randomized": 0.0048753876109276, "ischemia": 0.0048699817001547, "effects": 0.0048466412881366, "virus": 0.0048213785555637, "randomized trial": 0.0048123540025443, "obstet gynecol": 0.0047564997491496, "cord": 0.0047201961387919, "postpartum": 0.0046846044100043, "experiences": 0.0046676248186642, "risk factors": 0.0046565344570351, "treatment": 0.0046444983191429, "clinical research": 0.0046410742660166, "pandemia": 0.0046154486167205, "regional": 0.0045855277442338, "obstetric": 0.0045084037247713, "19 systematic": 0.0044845724851548, "thrombotic": 0.0044766977656007, "vertical": 0.0044688570622198, "prone": 0.0044301536766829, "delivery": 0.0043531201893784, "oral": 0.0043138028272217, "corona": 0.0042943550301396, "operative": 0.0042831000160142, "control covid": 0.0042760509974065, "italy": 0.0042654413423211, "versus": 0.0042463347374869, "following": 0.0041665950843818, "intra": 0.0041602254437385, "gynecol": 0.0041405313625416, "times covid": 0.0041405313625416, "left": 0.0041210486709126, "near": 0.0041210486709126, "surgery": 0.0040981250884663, "ratio": 0.0040826996386274, "single": 0.0040801535379663, "mortality covid": 0.0040513496363467, "de": 0.0040269398568297, "worldwide": 0.0039962490138576, "obstet": 0.0039782476761304, "single center": 0.0039722866855176, "birth": 0.0039252906619944, "link": 0.0039195008005932, "mortality": 0.0039108806755299, "significance": 0.0038682067119573, "clinical characteristics": 0.0038458664913599, "review meta": 0.0038403241358774, "characteristics": 0.0038402656415061, "cases": 0.0037874752626116, "syndrome": 0.0037554904012039, "fluid": 0.0037328892310324, "emergency department": 0.0037224873686959, "transmission": 0.0037199509261302, "assessment": 0.0037160305798584, "radiology": 0.0037069954964736, "en": 0.0036865432236349, "non": 0.0036848693811696, "patient": 0.0036848693811696, "19 pneumonia": 0.0036562905231571, "prevention control": 0.00364135117948, "role": 0.003589727624923, "coronavirus covid": 0.0035827938429196, "novel": 0.003582257990566, "laparoendoscopic": 0.0035743913786465, "australian": 0.0035589417255763, "clinics": 0.0035542086850581, "project": 0.0035307268567898, "control": 0.0035268795387744, "combination": 0.003526066725834, "tissue": 0.0034755797287342, "province": 0.003444167720885, "help": 0.0034352918107276, "spectrum": 0.0034264590925181, "stroke": 0.0034002159364368, "modified": 0.0033700709017727, "expert": 0.0033658050478462, "gender": 0.0033658050478462, "consensus": 0.0033530673112901, "hospitalized": 0.0033029918593707, "patients": 0.0032890619037848, "ventilation": 0.0032825280573855, "meta analysis": 0.0032622923961838, "complications": 0.0032185524481145, "cov detection": 0.0031456969309475, "mental": 0.0031303666577981, "predict": 0.0031228970175847, "las": 0.0031142177057621, "department": 0.0031117498791094, "japan": 0.0031117498791094, "reply": 0.0030860030642974, "process": 0.0030642213627914, "work": 0.0030462675071127, "meta": 0.0030320311987592, "impact covid": 0.003024954698528, "failure": 0.0030179056799202, "period": 0.0029796179321964, "times": 0.0029590691843168, "19 infection": 0.0029556668965161, "developing": 0.0029421211619321, "trial": 0.0029421211619321, "syncytial virus": 0.0029367969671033, "haemost": 0.0029199898200167, "respiratory syncytial": 0.0029199898200167, "thromb haemost": 0.0029199898200167, "novel coronavirus": 0.002895491661631, "symptoms": 0.0028922063756477, "antimicrob agents": 0.0028872814150772, "surgical": 0.0028791243730002, "preliminary": 0.002872618559547, "syncytial": 0.002863501189853, "exposure": 0.0028340658888117, "knowledge": 0.0028056794195837, "influence": 0.0027715771011753, "center": 0.0027685084275614, "tract infections": 0.0027670981574463, "status": 0.002765444933146, "south": 0.0027562853509994, "angiotensin system": 0.0027462337901684, "pneumonia": 0.0027260829901183, "depressive symptoms": 0.0027191404347792, "saharan africa": 0.0027124916137957, "complications covid": 0.0026863729765811, "health social": 0.0026863729765811, "era": 0.0026846265712198, "cardiothoracic": 0.0026672657444216, "healthcare": 0.0026671453445082, "level": 0.0026584674633883, "different": 0.0026498308728978, "social": 0.0026440958917911, "low": 0.0026213354680469, "care units": 0.0026181964968083, "perspective": 0.0025960665679322, "19 research": 0.002594622184235, "sub saharan": 0.0025830607539351, "saharan": 0.0025716447542909, "eur heart": 0.0025547855697051, "el": 0.0025492347266818, "diagnosis": 0.0025438490680985, "kawasaki disease": 0.0025437176275935, "sectional survey": 0.0025437176275935, "spectroscopy": 0.0025437176275935, "critical covid": 0.0025382338646549, "comparison": 0.0025330447504226, "evidence": 0.0025330447504226, "syndrome covid": 0.0025113013243641, "experience": 0.0025063120137557, "health research": 0.0025007481821416, "renin angiotensin": 0.0025007481821416, "severe": 0.0024957281936214, "hematological": 0.002485145047019,