{"iccsa 2020": 0.473897539624013, "applications iccsa": 0.4487619121003272, "iccsa": 0.4487619121003272, "computational science": 0.3779085576010401, "science applications": 0.3665454338510027, "computational": 0.1840630093003161, "applications": 0.1503243213054008, "science": 0.1265903078173522, "2020": 0.1124794739112205, "italy": 0.0304180794540688, "library": 0.0249150776043399, "island": 0.0240703620999813, "smart": 0.0214061006372627, "sustainable": 0.0204514454778129, "insights": 0.0152604508132091, "methods": 0.0146607889574889, "dataset": 0.0135175194696736, "interstitial": 0.0134316048013065, "privacy": 0.013075937723883, "simulations": 0.0128946987284406, "acceptability": 0.0127692640474371, "system": 0.0127067848259144, "infrastructure": 0.0123427804539195, "based": 0.0121798093164121, "software": 0.0120779483049932, "priorities": 0.0119927873129015, "user": 0.0119717284857616, "sensing": 0.0118472587930735, "structures": 0.0117660175319587, "historical": 0.0115686711647449, "composition": 0.0114729273892783, "block": 0.0110727415283701, "curve": 0.0109862142453695, "carbon": 0.0109350286880287, "vision": 0.0109350286880287, "conventional": 0.01078463294562, "neural": 0.0106868970523356, "landscape": 0.0105753047344457, "place": 0.0104508350417576, "integration": 0.0103145188499778, "sustainability": 0.0102996062359681, "schools": 0.0101964813731129, "accuracy": 0.0098722877761089, "hybrid": 0.0098315542332215, "distance": 0.0098180519935214, "automated": 0.0097644155136129, "classification": 0.0094544771456132, "project": 0.0094419827962636, "algorithm": 0.009429520524868, "organization": 0.0094046915600299, "innovation": 0.0093554114205909, "southern": 0.0092105035838456, "pattern": 0.0090582530413683, "interaction": 0.0090352480123255, "video": 0.0090352480123255, "machine": 0.0089668799519374, "applied": 0.0089443029249928, "techniques": 0.0089443029249928, "remote": 0.0084826863056663, "loss": 0.0084520612700586, "functional": 0.0084418957123279, "urban": 0.0083913848294639, "integrated": 0.0083314574998768, "scientific": 0.0083116450150554, "services": 0.0081847982461751, "service": 0.0081655742525638, "improve": 0.0080799961919457, "setting": 0.0080705799871649, "assessing": 0.0080144631535784, "guidelines": 0.0079866461603035, "scale": 0.0079314858844188, "access": 0.0079223531403469, "city": 0.0078499032574301, "context": 0.0076130732613996, "technology": 0.0075366299170957, "literature": 0.0074696764136292, "influence": 0.0074118402157025, "center": 0.0074036338704811, "surveillance": 0.0072821750221949, "monitoring": 0.0072344298630677, "different": 0.0070862625543505, "long": 0.0070327948787417, "low": 0.007010059230421, "future": 0.0068611502514992, "comparison": 0.0067739493667325, "experience": 0.0067024598264921, "assessment": 0.0066250186299815, "development": 0.0065282109646511, "effects": 0.0064805216487143, "approach": 0.006440014720664, "control": 0.0062877961168369, "analysis": 0.0059238854297172}