{"lancet glob": 0.5238735839215685, "health": 0.4193455428711015, "glob health": 0.3717725295850634, "glob": 0.2914044157614122, "lancet": 0.2636613938076253, "public health": 0.2112558938606067, "public": 0.1865151517673441, "revue": 0.1578338913021137, "health preparedness": 0.1315006800026389, "medicine public": 0.1246861741765562, "technique": 0.1164528153116758, "disaster medicine": 0.106447267104356, "correction": 0.1031376763022801, "world health": 0.0983605028233243, "preparedness": 0.0845955482297658, "bull": 0.080247497973491, "disaster": 0.0747012115129392, "2020": 0.0680565518712517, "medicine": 0.0626245897920801, "organ": 0.0608337882083356, "world": 0.0480116489581992, "global": 0.0417729704037769, "health oxf": 0.0408974062018406, "oxf": 0.0379376615516527, "bmc public": 0.0362245961847782, "trade": 0.0344935744804882, "bulletin": 0.0303094785193736, "emergencies": 0.0287716184298969, "speed": 0.0286166419029959, "19": 0.0282109612106206, "month": 0.0278333743962965, "health management": 0.0255805849426666, "doi": 0.0243032518260378, "security": 0.0236154476343566, "veterinary": 0.023114781011813, "diseases": 0.0227852565838783, "wildlife": 0.0221306145826856, "management": 0.021737876586056, "animal": 0.0209289694335712, "published": 0.0200280115328541, "pandemic": 0.0198822169043343, "emergency": 0.0196855126908941, "vaccine": 0.0191285452424377, "24": 0.0190711779750066, "covid 19": 0.0189212629786008, "covid": 0.0189022162946868, "bmc": 0.0185046257788189, "enhancing": 0.0181856871116241, "research": 0.0181714118456279, "control": 0.0180212132059625, "10": 0.0177944284587, "attention": 0.0177629533236893, "food security": 0.0177036885081031, "april": 0.0175593527832372, "anti": 0.0172996976288802, "systems": 0.0171268442841658, "20": 0.0167455136240338, "surveillance": 0.0166969318011697, "lessons": 0.0164970476987946, "influenza": 0.0162653580762458, "infectious": 0.0161425715232856, "groups": 0.0159416505134884, "pathogens": 0.0157572874979199, "health emergency": 0.0155970887688072, "recent": 0.0146224374799951, "urban": 0.0144301372654353, "kenya": 0.0139709567197539, "food": 0.0137500482115765, "developments": 0.0137246862001838, "avian": 0.0137006481258874, "disease": 0.0135410754680173, "study": 0.0134997270201117, "zoonotic": 0.0134658113591512, "threats": 0.0130665704794587, "animals": 0.0126343351250049, "global health": 0.0121782597598659, "health prep": 0.0120345481987627, "global pandemic": 0.0119810962676442, "practice": 0.0119257418132919, "behaviour": 0.0118077238171783, "ebola": 0.0116561766304564, "strategies": 0.0116487351226989, "online": 0.0114771271454626, "climate": 0.0112866598829267, "infectious bronchitis": 0.0111767296406492, "2019": 0.0111208621916017, "addressing": 0.0111031881370023, "early": 0.0110976432383273, "role": 0.0110054079537773, "revue medicale": 0.0108553262631701, "response": 0.0107568935460335, "risk": 0.0107457713480923, "nationwide": 0.0106693473186109, "use": 0.0106573232800626, "western": 0.0106554526658326, "care": 0.0106353569297019, "impact": 0.0105698026007324, "based": 0.0104724264155744, "research public": 0.0103061928262315, "essential": 0.0102798533796877, "applied": 0.0102539705165309, "jmir public": 0.0101843162874692, "rural": 0.0099769320403205, "needs": 0.0099037098582811, "disaster med": 0.0098127781703087, "suisse": 0.0098127781703087, "health health": 0.0097782137162134, "overview": 0.0096085820841676, "testing sars": 0.0095161469478223, "resource": 0.0094164783502723, "natural": 0.0092956189877057, "mass": 0.0092631078599073, "setting": 0.0092523128894094, "assessing": 0.0091879791607888, "britain": 0.009164217106128, "prep": 0.0090036493231381, "med public": 0.0089015313382298, "family medicine": 0.0088518442540515, "bronchitis": 0.0088273295335894, "cov antibodies": 0.0088273295335894, "environmental": 0.0087573374258695, "medicale": 0.0087550552681833, "method": 0.0086595351624847, "implementation": 0.0086498488144401, "transmissible": 0.0086386197534444, "type": 0.0085443971473245, "prevalence": 0.0084689410007643, "2021": 0.0084595805182433, "measures": 0.0084222952494676, "blockchain": 0.0084194196204232, "spread": 0.0084037458804703, "emerging": 0.0083576411797395, "methods study": 0.0083568910839766, "anti sars": 0.008275647274983, "genomes": 0.0082358979879184, "national": 0.0081503451023138, "rotavirus": 0.0081199477618828, "salud": 0.0080823471521957, "f\u00fcr": 0.0080452478989267, "supply chain": 0.0080452478989267, "perspective": 0.0079590360719554, "gastroenteritis": 0.0079546078719661, "avian influenza": 0.0079368288800153, "survey": 0.007933450714027, "critical": 0.0079079824519679, "health systems": 0.0078841635328169, "emerging infectious": 0.0077985443844036, "sectional survey": 0.0077985443844036, "infections": 0.0077575731459467, "epidemiol infect": 0.0077318968201532, "health policy": 0.0076668084071492, "risk management": 0.0076668084071492, "epidemic": 0.0076191582643311, "trace": 0.0075875323103305, "international": 0.0075790946964197, "bovine": 0.0075410286745177, "non": 0.0075313960711294, "study lancet": 0.0074952895167511, "development": 0.0074841028214929, "collective": 0.0074652091938009, "19 pandemic": 0.0074372081152141, "mucosal": 0.0074206897996648, "approach": 0.0073829924618487, "donors": 0.0073624174546762, "novel": 0.0073216716700436, "system": 0.007283686501759, "papers": 0.0072218621801041, "conceptual": 0.0072081894116898, "medical": 0.0072010207533696, "emergency medicine": 0.0071945835030459, "no": 0.0071945835030459, "review": 0.0071638475653949, "governance": 0.0071143163184123, "august": 0.0071011607252362, "numbers": 0.0071011607252362, "inequalities": 0.0070750346856463, "insurance": 0.0070750346856463, "foot": 0.0070620630874515, "sign": 0.0070362999147441, "vital": 0.0070362999147441, "new": 0.0069672937786736, "limitations": 0.0069355684517398, "wild": 0.0069355684517398, "agricultural": 0.0069109452576505, "paris": 0.0068865380592741, "communicable": 0.0068623431000919, "teams": 0.0068623431000919, "sars cov": 0.0068540113823619, "use covid": 0.0068503240629437, "19 severity": 0.0068383567207386, "parallel": 0.0068264406306915, "behavioural": 0.0068027604641568, "peru": 0.0068027604641568, "control measures": 0.0067909955300393, "cov": 0.0067636377882435, "evolutionary": 0.0067329056795756, "description": 0.0067100051159525, "basis": 0.006698625129646, "protective equipment": 0.006698625129646, "july": 0.0066872914977909, "play": 0.0066872914977909, "personal protective": 0.0066760038442847, "sars": 0.006667926242553, "wellbeing": 0.0066647617975837, "infection prevention": 0.0066313056497262, "thailand": 0.0066313056497262, "economy": 0.0066202424034477, "resident": 0.0065764241313447, "poland": 0.0065655765434401, "sequence": 0.0065332852397293, "jmir": 0.0065119640413506, "mitigate": 0.0065119640413506, "understand": 0.0064802854892166, "biotechnology": 0.0064698056170409, "seroprevalence": 0.0064698056170409, "scand": 0.0064593650690558, "soft": 0.0064593650690558, "great": 0.0064179902877337, "sequencing": 0.0064179902877337, "medicines": 0.0063671222754764, "closure": 0.0063570593250022, "political": 0.0063570593250022, "visits": 0.0063370419525262, "functions": 0.0063270870124855, "vol": 0.0063270870124855, "youth": 0.0063171675625024, "netherlands": 0.0062974341267852, "based study": 0.0062583822187341, "moving": 0.0062583822187341, "main": 0.006229448826924, "skills": 0.0061913331243909, "law": 0.0061818852281372, "scenario": 0.0061818852281372, "gap": 0.0061630851378739, "computer": 0.0061444112236635, "facility": 0.0061444112236635, "evaluate": 0.0061166332614349, "contact tracing": 0.0060982674998804, "relevance": 0.0060800221704152, "success": 0.0060618957038747, "paradigm": 0.006043886561564, "legal": 0.0060259932344743, "primary care": 0.0060082142425235, "population based": 0.005999367167428, "leadership": 0.0059729934839616, "adolescent": 0.005955548895325, "event": 0.0059468674443716,