{"natl med": 0.632973502690369, "natl": 0.4566904988206868, "bull": 0.4139996851612305, "acad": 0.3363981749989069, "med": 0.2247591330133356, "covid": 0.1080190562481536, "covid 19": 0.1066261244813603, "19": 0.105983956257198, "med covid": 0.0874101806561877, "les": 0.0447596573546394, "une": 0.0438851491906736, "pour": 0.0418069438039033, "du": 0.0313711435757453, "en": 0.0269116538046697, "health": 0.0241572786790014, "tests": 0.0187048861708786, "sars cov": 0.0146880363688809, "cov": 0.0144943672074008, "sars": 0.0142892589013887, "des": 0.0129383913461118, "le": 0.0128034849176459, "un": 0.0127384518511147, "anti sars": 0.0118230528440405, "containment": 0.0109458801460819, "surgical": 0.0105087603327178, "comment": 0.010228553621072, "let": 0.0101451156288758, "maladies": 0.009280619035525, "issues": 0.0092734194725031, "flu": 0.0091544588528959, "confinement": 0.0089968668297308, "dans": 0.0089756779226687, "schools": 0.0083501361794753, "anti": 0.0082384387370108, "la": 0.0082094101095614, "health crisis": 0.0074276246356483, "health emergency": 0.0074276246356483, "head neck": 0.0072266488634338, "au": 0.007167756123944, "collective": 0.0071101437633716, "activities": 0.0071005633813455, "impacts": 0.0070228717294349, "economic": 0.0069719082580505, "time": 0.0069516965546161, "risk": 0.0068231157046656, "school": 0.0068065997682475, "breastfeeding": 0.0068011791945872, "vital": 0.0067016345633789, "unusual": 0.0065589957846096, "dogs": 0.006547448645587, "symptoms": 0.0063339056664861, "pandemic": 0.0063121883952805, "olfactory": 0.0062022375145706, "adults": 0.0061719218462951, "neck": 0.0061521402908877, "sector": 0.0061422334972464, "screen": 0.0060547004832204, "animals": 0.0060167060802527, "emerging": 0.0059700969625842, "example": 0.0059699665227838, "psychosocial": 0.0059514991016183, "humans": 0.0059423134279056, "doctors": 0.005887858137615, "surge": 0.0058344993374117, "facing": 0.0057478882230761, "event": 0.0056640184318356, "contribution": 0.0056230583550184, "plus": 0.0056230583550184, "diseases": 0.0054253821222858, "transplant": 0.0053675258944242, "head": 0.0052875453209941, "building": 0.0051548398098036, "mental health": 0.005134480701633, "vitamin": 0.005114276810536, "occupational": 0.0050942257876705, "use": 0.0050752161585033, "care": 0.0050647553726789, "19 epidemic": 0.004926525881829, "oncology": 0.0048043814881081, "line": 0.0047984195863521, "masks": 0.0046423183398536, "pand\u00e9mie": 0.00459269845189, "mental": 0.0045703163460147, "work": 0.0044475320957718, "africa": 0.0043603004223053, "period": 0.004350224120383, "to": 0.0043251997209043, "recovery": 0.0042758488680405, "reproductive health": 0.0042390752814756, "crisis": 0.0041940056848797, "palliat": 0.0040502581233552, "2021": 0.0040286100563983, "measures": 0.00401085411585, "test": 0.0039888251925532, "single": 0.0039713329560216, "depressive symptoms": 0.0039699285530094, "support": 0.0039281009334283, "screening": 0.0039152676676089, "activity": 0.0038645471870594, "autism": 0.0038225510154323, "palliative care": 0.0037881326619683, "vaccination": 0.0037578738545439, "sur": 0.0037545857535251, "emergency": 0.0037498433507841, "serology": 0.0036742561831793, "health research": 0.0036510771879188, "epidemic": 0.0036283853009946, "non": 0.0035865913073869, "myocardial infarction": 0.0035550718816858, "public": 0.0035528797885908, "19 pandemic": 0.0035417372457022, "virus": 0.0035195917334356, "depressive": 0.0034992728115481, "research": 0.0034614261235475, "medical": 0.0034292604179128, "2020": 0.0034115578523328, "pharmacists": 0.0033879701485135, "interpretation": 0.0033817052096252, "19 diagnosis": 0.0033569375332468, "cytokines": 0.0033447251693191, "morbidity mortality": 0.0033146778022622, "advice": 0.0033028470798597, "caregivers": 0.0033028470798597, "reopening": 0.0032911210554883, "lesson": 0.0032852967291592, "mediterranean": 0.0032452279103886, "disease": 0.0032242563734254, "children covid": 0.0032173314672521, "hemodialysis": 0.0032173314672521, "patients": 0.0032013402954944, "infarction": 0.0031900102496971, "palliative": 0.0031846129627786, "experts": 0.0031792375716076, "second wave": 0.0030760701454438, "egypt": 0.0030661818002505, "peak": 0.003056366702731, "sports": 0.0030417790459638, "medicines": 0.0030321424063505, "visits": 0.0030178175954127, "methodology": 0.0030036459939457, "myocardial": 0.0030036459939457, "pandemic covid": 0.0029711567139528, "sexual": 0.0029711567139528, "well being": 0.0029665797418495, "being": 0.0029620185252751, "receiving": 0.0029349761151081, "barrier": 0.0029172496687058, "older adults": 0.0028954199804633, "21": 0.002878211529418, "psychol": 0.002878211529418, "serological": 0.002878211529418, "criteria": 0.0028696903932575, "regulatory": 0.0028612237056232, "dietary": 0.0028570105634204, "leadership": 0.0028444509233522, "large scale": 0.0028237791763757, "domestic": 0.0027993913939493, "measure": 0.0027993913939493, "release": 0.0027873637884622, "ebola": 0.0027754443787931, "reflections": 0.0027714949508128, "veterinary": 0.0027519224811094, "increasing": 0.0027480424428862, "il": 0.0027441737332578, "infants": 0.0027403162862644, "morbidity": 0.0027364700365204, "eastern": 0.0027326349192081, "syst": 0.0027326349192081, "usage": 0.0027211957220619, "dependent": 0.0027060954776545, "variants": 0.0026911653804669, "well": 0.0026690810008048, "reproductive": 0.0026618005862996, "vascular": 0.0026473586765056, "protect": 0.002643772660497, "storm": 0.0026259867275919, "19 cases": 0.0025740180234275, "awareness": 0.002570624853567, "assess": 0.0025672403508165, "hygiene": 0.0025437878428898, "archives": 0.0025404711149843, "childhood": 0.0025305704554234, "renal": 0.0025142319980256, "help": 0.0025077526105109, "individual": 0.0025013047529872, "volume": 0.0025013047529872, "epidemics": 0.0024980925523682, "adolescents": 0.0024948881200775, "brief": 0.0024948881200775, "west": 0.0024885024108198, "tools": 0.0024789811810634, "psychiatry": 0.0024632629409145, "applied": 0.0024415660239786, "biology": 0.002438495264536, "day": 0.002438495264536, "enhanced": 0.002438495264536, "telemedicine": 0.0023873526034802, "better": 0.0023726787867775, "needs": 0.0023581656941902, "quantitative": 0.0023466685972738, "stage": 0.0023466685972738, "elderly": 0.0023239694193501, "older": 0.0023211591699268, "end": 0.002315556488825, "index": 0.0022961315865025, "applications": 0.0022797053582897, "cardiovascular": 0.0022715679809864, "environment": 0.0022715679809864, "bmj": 0.0022688665894158, "policy": 0.0022368723081186, "19 outbreak": 0.0022342406645397, "wave": 0.0022316142373044, "increased": 0.0021902843493202, "interventions": 0.0021776287411122, "second": 0.0021726001502327, "scale": 0.0021650928660914, "access": 0.0021625998604521, "nursing": 0.002142822894706, "phase": 0.002135481977833, "digital": 0.0021113018888287, "people": 0.0020875551581615, "sciences": 0.0020688595096444, "region": 0.0020642265255313, "in": 0.0020550088737052, "home": 0.0020504239829493, "virtual": 0.0020165338463974, "investigation": 0.0020010102801473, "diagnostic": 0.0019966081760771, "de": 0.0019597692607072, "self": 0.0019512481245468, "large": 0.0019448930423098, "national": 0.0019406731912705, "long": 0.0019197731979276, "res": 0.0019197731979276, "world": 0.0019053369076649, "mortality": 0.0019032873603013, "practice": 0.0018930869087984, "cancer": 0.0018809491252386, "european": 0.0018789369272719, "community": 0.0018769277804026, "future": 0.0018729186030432, "diagnosis": 0.0018570021100823, "challenges": 0.001853052682102, "evidence": 0.0018491149909235, "cases": 0.0018432303086838, "children": 0.001839321656568, "international": 0.0018046531412843, "outbreak": 0.001791412167795, "human": 0.0017783022025519, "high": 0.0017708686228511, "data": 0.0017690167258251, "role": 0.0017469935245505, "review": 0.0017057789261664, "treatment": 0.0016952348484592, "new": 0.001658977636191}