{"invest": 0.4777787186466421, "ophthalmol": 0.4770311579505377, "mice": 0.4564322460687845, "genetic": 0.3867888429736031, "sci": 0.3098920958653473, "implications": 0.3003325739454013}