{"proc natl": 0.4036615607094478, "natl acad": 0.3981536323976433, "acad sci": 0.3421178504634401, "negl": 0.2965524084875862, "natl": 0.2408748510721123, "proc": 0.1884240225367479, "acad": 0.1774283908096089, "sars cov": 0.1566614350491538, "trop": 0.1564861076062837, "cov": 0.1545957750793495, "sars": 0.1524081060980525, "inhibitors sars": 0.1438206891034922, "sci": 0.1337905175177175, "plos": 0.1184892630438324, "dis": 0.1125981773369029, "phylogenetic": 0.103203569284029, "cov infection": 0.1029036296804361, "herbal": 0.0910738524076546, "infection": 0.0888828513452307, "medicines": 0.0831615203888588, "network": 0.081780012284501, "existing": 0.0785897133189094, "inhibitors": 0.0690461517589499, "study": 0.0661204019210767, "dis sars": 0.0634138292170415, "covid 19": 0.0617830524096586, "covid": 0.0617208598238983, "19": 0.0614109567976102, "medicine official": 0.0594910081349497, "reverse transcription": 0.0591415627787117, "identification": 0.0583688976526684, "analysis sars": 0.0576472473140812, "int surg": 0.057331228940014, "cov infections": 0.0554011077509599, "protoc": 0.0552607935517737, "transmission sars": 0.0544409282380576, "publication american": 0.0543078097049351, "genomes": 0.0537848786947935, "american association": 0.0535289505413976, "transcription": 0.0485575232600542, "wildlife": 0.0481749702144224, "tissues": 0.0478003054252645, "sci covid": 0.0470733845520615, "study protocol": 0.0465466636579762, "bayesian": 0.0441203183351855, "breast cancer": 0.0434513864103099, "reverse": 0.0413193082232369, "official publication": 0.0409976963141088, "bias": 0.0405567936099511, "sampling": 0.0402482870735527, "antigen": 0.0397653191466752, "dengue": 0.0395874652128608, "paradigm": 0.0394698557504809, "variability": 0.0394113352538369, "origin": 0.0392368961685175, "cities": 0.0386112425518013, "integration": 0.0386112425518013, "retrospective study": 0.0375261083151925, "accuracy": 0.0369558002082999, "tracing": 0.036254918889851, "pathways": 0.0362058754093303, "breast": 0.0360110145767117, "introduction": 0.035722586322311, "usa": 0.035722586322311, "publication": 0.0356749569411683, "limited": 0.03511293486576, "new york": 0.0349293919061593, "york": 0.0346575075543145, "longitudinal": 0.0322199215268646, "decision": 0.0319854589382828, "reply": 0.0308930111179561, "surg": 0.0307836591419724, "african": 0.0300709953103027, "incidence": 0.0293852309631933, "protocol": 0.0293180567702304, "official": 0.0292177588237505, "retrospective": 0.0288220132682617, "chinese": 0.0283391522999266, "test": 0.0273500320172429, "screening": 0.0268456728224371, "american": 0.0261004018624011, "int": 0.0259605197358468, "cancer": 0.0257940703413739, "rapid": 0.0257940703413739, "diagnosis": 0.0254656770929239, "comparison": 0.0253575184491607, "evidence": 0.0253575184491607, "infections": 0.0253305790839564, "transmission": 0.0248261765407237, "association": 0.024721747526264, "patient": 0.0245920496272757, "human": 0.0243864395295786, "19 pandemic": 0.0242845004206897, "factors": 0.0241578755284539, "medicine": 0.02405720713522, "role": 0.0239570933915948, "model": 0.0238079494749103, "management": 0.0236600197691155, "new": 0.0227501027372282, "clinical": 0.0223573345213066, "analysis": 0.0221753995996026, "pandemic": 0.0216402758175628}