{"sci pollut": 0.5343834452705911, "pollut res": 0.5072376501909233, "pollut": 0.3499482630023071, "environ sci": 0.3303948479663528, "res int": 0.3101630899855801, "environ": 0.1837839903470184, "sci": 0.1550446250276203, "res": 0.1532914153781366, "int": 0.1511605495882524, "covid 19": 0.0660994381558543, "covid": 0.0660329005728783, "19": 0.065701346609105, "internet": 0.0612567965671531, "pollution": 0.026747124871316, "environmental": 0.0235537759163156, "air": 0.0190656031965806, "energy": 0.0185609131926216, "consumption": 0.0175217155844646, "air pollution": 0.0153829331248656, "pandemic": 0.0147518080190679, "evidence": 0.0129643418303293, "19 pandemic": 0.0124157482233053, "china": 0.0121148812985783, "economic": 0.0117675976329361, "climate": 0.0115145927028433, "environment": 0.0106174697773051, "effect": 0.0102282619233549, "effects": 0.0096465945149243, "climate change": 0.0092374407133246, "sustainable": 0.0086980123983288, "waste": 0.0085390254382912, "factors": 0.0082340064643508, "factors covid": 0.0080991252535479, "management": 0.008064316561947, "spread covid": 0.0079540018593314, "impact": 0.0078423698682946, "19 outbreak": 0.0078322494405415, "arabia": 0.0077328624949513, "saudi arabia": 0.0077328624949513, "outbreak": 0.0076754218453257, "indoor": 0.0075974179933305, "analysis": 0.0075582964005931, "health": 0.0075275222056046, "role": 0.0074851072818612, "growth": 0.0073933792342928, "change": 0.0072933501351367, "spread": 0.007014647927568, "emission": 0.0069797083862771, "carbon": 0.006976011686392, "development": 0.0069411303923533, "effect covid": 0.0068905815236228, "study": 0.0068861762402929, "matter": 0.0067418410770216, "saudi": 0.0065823672389418, "countries": 0.0065343599630711, "investigation": 0.0062352426022827, "approach": 0.0061626200397268, "an": 0.006010140110736, "review": 0.0059796987192095, "perspective": 0.0059052857493335, "humans": 0.0057864154624471, "hospital": 0.0055470849152228, "cities": 0.0054834640500859, "19 diabetes": 0.0054605160631209, "uncertainty": 0.005428473311179, "case": 0.0052498354524452, "policy": 0.0052276498713517, "turkey": 0.0052052328216276, "major": 0.0052031218460889, "oil": 0.0051829449493529, "based": 0.0051800804279758, "future": 0.0051065900223723, "co": 0.0050891955553339, "water": 0.0050868067356215, "testing": 0.0050309840229783, "cases": 0.0050256436600954, "related": 0.0047981562037941, "multi": 0.0047547001535022, "time": 0.0047385220327622, "green": 0.0044710454446248, "industry": 0.0044578541452193, "event": 0.0044123372799082, "19 india": 0.0043970073839267, "saharan": 0.0043872999947643, "sustainability": 0.0043804288961161, "degradation": 0.0043490678424236, "prevention": 0.0043398797538142, "investment": 0.0042934334681503, "investigating": 0.0042754875223365, "responsibility": 0.004230956609051, "assessment": 0.0042264367752333, "global": 0.0042264367752333, "trace": 0.0042222336366853, "artificial intelligence": 0.0042220172470181, "association": 0.0042130987201574, "supply": 0.0041986900911049, "roles": 0.0041641862573021, "testing covid": 0.0041376047321009, "potent": 0.0041212202035489, "traffic": 0.0041130925024725, "june 2020": 0.0041050072438928, "relationship": 0.004093224231144, "perspectives": 0.0040336883000539, "possible": 0.0040291650050026, "spatial": 0.0040156811172982, "lockdown": 0.0040111506968309, "association covid": 0.0040111407172788, "awareness": 0.0040050942667488, "view": 0.0039788622577336, "northern italy": 0.0039589031628534, "pakistan": 0.0039529593917759, "diabetes mellitus": 0.0039298258106439, "mellitus": 0.0039154893795166, "intelligence": 0.0038771455603627, "new": 0.0038770895392342, "transportation": 0.0038663321238338, "foreign": 0.0038457332812164, "trade": 0.0038389274526775, "confirmed": 0.0038329586606735, "sars cov": 0.0038140512911465, "parameters": 0.0038088129897164, "impacts covid": 0.0038053399425587, "time series": 0.0037987089966652, "cov": 0.0037637611028023, "social": 0.0037590864344875, "developed": 0.0037530708947794, "quality": 0.0037469044803177, "compounds": 0.0037275835126828, "artificial": 0.0037195517703173, "sars": 0.0037105005048759, "concentrations": 0.0036901222458446, "19 transmission": 0.0036178138460235, "vietnam": 0.0036178138460235, "regression": 0.0036002523326184, "silico": 0.0035886543495523, "empirical": 0.0035828877749177, "malaysia": 0.0035543727240485, "diseases": 0.0035220306460277, "potential": 0.0035220306460277, "viruses": 0.0034933247511409, "forecasting": 0.0034558595639375, "airborne": 0.0034452907618114, "food": 0.0034006615467159, "key": 0.0033927970368892, "ecological": 0.0033682438471845, "dynamics": 0.0033539177082609, "financial": 0.0033483294440419, "june": 0.0033092529599312, "sustainable development": 0.0032218166053072, "method": 0.003212513998464, "influence": 0.0031522602233936, "india": 0.0031418073841869, "disease": 0.0031396672626638, "step": 0.0031360245676097, "products": 0.0031317176844443, "higher education": 0.0031312855311667, "chains": 0.0031234359445445, "scoping": 0.003080948431219, "spanish": 0.0030643886637443, "coronaviruses": 0.0030602762483131, "19 cases": 0.0030077856791801, "stock": 0.003005339787659, "deaths": 0.0030038207000616, "mexico": 0.0029959210732335, "long": 0.0029910520073782, "supply chain": 0.0029846257346912, "changes": 0.0029431512196346, "fuzzy": 0.0029378506792345, "19 related": 0.0029303533697784, "chain": 0.0029004331440482, "northern": 0.0028967334445588, "viral": 0.0028932531692095, "markets": 0.002886866703376, "infections": 0.002877904166661, "affect": 0.0028710801606937, "resources": 0.002860214688036, "bats": 0.0028382828812893, "19 spread": 0.0028090396885122, "asian": 0.0028000436889565, "determinants": 0.0027725172128598, "human": 0.0027706368535669, "spain": 0.0027691105591211, "bibliometric": 0.0027366714959285, "impacts": 0.0027354500269305, "pandemic impact": 0.0027313093245638, "novel": 0.0027161934550564, "hypotheses": 0.0027049085077712, "vaccine development": 0.0027049085077712, "control": 0.0026742035736175, "tourism": 0.0026640233348963, "risk": 0.0026576438752042, "capacity": 0.0026575305169271, "treatment": 0.0026412159529757, "governance": 0.0026392687752356, "complex": 0.0026355235180224, "wake": 0.0026343883138201, "bacteria": 0.0026103262530111, "regional": 0.0026076807867416, "impact covid": 0.0025803299057675, "19 infections": 0.0025683794384405, "students": 0.0025683273379128, "microbiota": 0.0025638221874776, "diabetes": 0.0025475441600967, "off": 0.0025413329391582, "long term": 0.002535792122655, "contribute": 0.0025324726644435, "simultaneous": 0.0025280708852082, "peru": 0.0025236877972363, "ward": 0.002497773072125, "cultural": 0.0024892774219739, "partial": 0.0024808511248424, "microbial": 0.0024600814972297, "economy": 0.0024559772545802, "road": 0.0024559772545802, "hypothesis": 0.0024518892663997, "italy": 0.0024256552474971, "exposure": 0.0024174990030015, "chinese": 0.0024147897748394, "tool": 0.0024147897748394, "19 patients": 0.0024120852789559, "face masks": 0.0024079585656401, "concentration": 0.0024040560442944, "solid": 0.0023924362330348, "updated": 0.0023695818160323, "term": 0.0023668172232093, "induced": 0.0023563555381402, "south": 0.0023511510845017, "analysis covid": 0.0023472224796968, "animals": 0.00234354256255, "examining": 0.0023362218533792, "series": 0.0023356418713568, "waves": 0.0022933555277106, "screening": 0.0022875298295522, "art": 0.002279453423072, "activity": 0.0022578959393367, "mortality": 0.0022240250120921, "safety": 0.0022097326936881, "statistical": 0.0021997573419112, "current": 0.0021979223885253, "exploration": 0.0021933856200343, "integration": 0.0021933856200343, "characteristics": 0.0021838679183508, "indicators": 0.0021776262961144, "correlates": 0.0021529013854696, "south korea": 0.0021468115998624, "kingdom": 0.0021287548886901, "19 disease": 0.0021228055023849, "effects covid": 0.0021228055023849, "regions": 0.0021228055023849,