{"proc natl": 0.5108646590356716, "natl acad": 0.5038939533929108, "acad sci": 0.4329763743663083, "natl": 0.3048455950250768, "proc": 0.2384650494294946, "acad": 0.2245492343013607, "sci": 0.169322159369769, "covid 19": 0.1303186508848762, "covid": 0.1301874684075588, "19": 0.1295337916674843, "molecular": 0.0372745926742245, "service": 0.0290135763009726, "inflammatory": 0.0289116220277212, "racism": 0.0280150423950418, "test": 0.0259601720991472, "policies": 0.022972808126918, "damage": 0.0227873501887665, "disparities": 0.0225146541768745, "reducing": 0.0215667050879389, "reduced": 0.021511689945233, "structural": 0.0207165707381371, "reply": 0.0195487372684461, "dynamics": 0.0186801200100384, "epidemiology": 0.017674289074903, "community": 0.0162872912348191, "future": 0.0162525010633766, "innate": 0.015302480002311, "virus": 0.0152708634260372, "sci covid": 0.0148937444691158, "lockdowns": 0.0148656315942953, "let": 0.0146725990724201, "induces": 0.0146455445686345, "inequalities": 0.0146186167843006, "infrastructure": 0.0146186167843006, "suppression": 0.0143560564796589, "contribute": 0.0141049654192249, "quantifying": 0.0141049654192249, "19 children": 0.0140804490859324, "respiratory failure": 0.0139594115322969, "pandemic": 0.0136937142436193, "control covid": 0.0135436348819388, "sexual": 0.0128913043990578, "waves": 0.0127731686373225, "pan": 0.0125439394113654, "pollution": 0.0124143252255171, "cities": 0.0122163720682879, "demographic": 0.0121987097765316, "domestic": 0.0121460461583977, "government": 0.0120079236844774, "trust": 0.0119400872461537, "il": 0.0119064668494924, "increases": 0.0118398102019799, "climate": 0.011660391993412, "therapeutics": 0.0116283636574003, "19 vaccination": 0.0115648373597101, "joint": 0.011486404063459, "country": 0.0114398526233279, "pathogenesis": 0.0112573270884372, "reveals": 0.0111387853331674, "structure": 0.0107833525439694, "affect": 0.0106605919058179, "receptor": 0.010606861875062, "burden": 0.0105935074638428, "resistance": 0.0102316487193225, "dynamic": 0.010058916841948, "alternative": 0.009867661901635, "pandemics": 0.009832499275539, "old": 0.0098091764385025, "immunity": 0.0097512799628497, "prevent": 0.0097168198909754, "failure": 0.0095586822191223, "african": 0.0095142876244282, "interventions": 0.0094483319705028, "evolution": 0.0093507959025272, "countries": 0.00909851097407, "understanding": 0.0090677397778003, "vaccines": 0.0088469804191404, "age": 0.0087687605534183, "network": 0.0086249063898619, "support": 0.0085216549846135, "large": 0.0084385344314839, "social": 0.008374705861313, "society": 0.0082847342059035, "american": 0.008258015003147, "rapid": 0.0081610934955811, "vaccination": 0.0081523629374191, "population": 0.0081349414954671, "infections": 0.0080144475635469, "children": 0.0079804795389109, "severe": 0.0079047774312023, "global": 0.0078465795370926, "potential": 0.0078465795370926, "international": 0.007830059205481, "development": 0.0077319218903387, "19 pandemic": 0.0076834743723573, "early": 0.0076434109945838, "factors": 0.0076434109945838, "respiratory": 0.0075170526895784, "control": 0.0074471779023392, "risk": 0.0074010621087213, "new": 0.0071979998897183, "health": 0.0069876002936595}