{"xue": 0.616946134475835, "xue xue": 0.3569054826301188, "da xue": 0.3537684579245185, "xue bao": 0.28380701763369, "bao": 0.2703869952185273, "yi": 0.239936468871987, "yi xue": 0.2126104899125571, "ban": 0.1715398579070288, "da": 0.1561830228810239, "beijing": 0.064514696831102, "university": 0.0609233155677527, "health sciences": 0.0606890855860836, "medical": 0.0494243741355789, "sciences": 0.0492637505409902, "zhejiang": 0.0487877001940521, "coronavirus": 0.0460456216221917, "sars": 0.0457654675090577, "university medical": 0.0452245173009207, "disease 2019": 0.0429073210410166, "respiratory syndrome": 0.0410869632951359, "severe acute": 0.0406467786624357, "di": 0.0393801934516206, "disease": 0.0383880492899998, "zhongguo": 0.037678920777165, "ke": 0.0359160367643025, "2019": 0.0331862162621478, "acute respiratory": 0.0330342963594542, "college": 0.0320768661410303, "severe": 0.0319660702403199, "coronavirus disease": 0.0305632420031591, "health": 0.0302754690902915, "academic": 0.0284687638490632, "patients": 0.0260788279563946, "syndrome": 0.0251960238612075, "acute": 0.0240588275179333, "respiratory": 0.0238842631201944, "virus disease": 0.0237464980251343, "syndrome sars": 0.022284658421347, "medical sciences": 0.0201608427597193, "treatment": 0.0191212047696139, "corona virus": 0.0189795252130649, "2019 patients": 0.0163593046958172, "corona": 0.0157152706980509, "edition": 0.0152244210258377, "nan": 0.0150832407031811, "19": 0.0149663065657821, "patients severe": 0.0148259880193392, "ct": 0.0146513606372214, "nucleocapsid": 0.0146068849921485, "acta": 0.0144055855374437, "sars coronavirus": 0.013814448760781, "prevention treatment": 0.013585357887277, "virus": 0.0132329421892253, "tissues": 0.0131054508839767, "zhong": 0.0129575278880009, "associated": 0.0128666384103204, "disease 19": 0.0128575465756451, "team": 0.0127189475221245, "diagnosis treatment": 0.0117169429011188, "prevention": 0.0116365776815075, "product": 0.0114002328143804, "features": 0.0104886769924054, "multidisciplinary": 0.0102741461649134, "analysis": 0.0101330806605943, "roles": 0.0100489395215838, "investigation": 0.0100311836761014, "2019 covid": 0.0099941933812937, "science": 0.009623937346014, "changes": 0.009469812917909, "covid 19": 0.0094106181448625, "covid": 0.0094011451477669, "suspected": 0.0093442968376683, "diagnosis": 0.009309262145206, "cases": 0.0092402232848111, "spike protein": 0.0091707872407233, "expression": 0.0091567227329883, "syndrome coronavirus": 0.0088930852479273, "protein": 0.0086745855854822, "chest": 0.0086123116667133, "autopsy": 0.0086041002416346, "chest ct": 0.0085878594639351, "biological": 0.0085203364642082, "antibody": 0.0084799973884864, "sars cov": 0.008181333428268, "lymphocyte": 0.0081769320364503, "clinical": 0.0081729728672614, "cov": 0.0080734584240777, "monoclonal": 0.0080505273857733, "spike": 0.0077477898446276, "proteins": 0.0076001552095869, "clinical features": 0.0075761750879265, "moderate": 0.0073232255066261, "antigen": 0.0072683278530819, "detection": 0.0070192640016124, "strategies": 0.0069522926604431, "report": 0.0068862096904828, "epidemic": 0.006820991831548, "development": 0.0067000845028845, "hospital": 0.0066930628686958, "prevention control": 0.0066627955875291, "mild": 0.0065468750385004, "cov sars": 0.0065092348211256, "gene": 0.0063594737610622, "infection": 0.0060922719654687, "staff": 0.0060739415385522, "pcr": 0.0059913755766086, "dynamic": 0.0058110254952914, "central": 0.0056133964528012, "nucleocapsid protein": 0.0055365671828902, "severe coronavirus": 0.0054369003030035, "modeling": 0.0054268697245225, "findings": 0.0054019447863661, "antibodies sars": 0.0053736310807241, "recovery": 0.0053587712407212, "phase": 0.0053526491515749, "analysis sars": 0.0052683984725603, "infection sars": 0.005183219996399, "epidemiology": 0.0051052089424333, "chest ray": 0.0051021982588553, "traditional chinese": 0.0050502997784861, "south": 0.005043338302029, "epitopes": 0.0049876275780397, "comparative": 0.0049499310684256, "chinese medicine": 0.0049391389884183, "inhibitory": 0.0049036796437729, "monoclonal antibodies": 0.0048016301624167, "transplant recipients": 0.0047263790129949, "critical": 0.0047197062840409, "characteristics": 0.0046845074277841, "heart disease": 0.0046644855305983, "comparison": 0.0046348617736287, "ace": 0.0045284526290923, "patients sars": 0.0045006979516497, "amplification": 0.0044824492382197, "antibody response": 0.0044554467536652, "study clinical": 0.0044465426239636, "factors": 0.0044155903521631, "situ": 0.0043516244353618, "management": 0.0043245919907752, "control": 0.0043022267047674, "19 covid": 0.0042778071178414, "review": 0.0042755856601441, "2003": 0.0042539129471766, "union": 0.004246024019225, "peptides": 0.004222579636269, "nucleic acid": 0.0041616327515214, "coagulation": 0.0041028437375698, "recipients": 0.0040742117143025, "study": 0.0040285083355112, "ward": 0.0040183874254601, "care workers": 0.0040047197251717, "protective equipment": 0.0039979278293614, "nosocomial": 0.0039777172406172, "ability": 0.0039710346713951, "nucleic": 0.0039511468144002, "mutation": 0.0039185206920526, "sequence": 0.003899248334031, "ray": 0.003880197078685, "igg": 0.00386136191029, "university hospital": 0.0038427379818817, "mode": 0.0038243206077693, "rt pcr": 0.0037880875439632, "binding": 0.0037761834341286, "timing": 0.003723646378012, "main": 0.0037179102195944, "comparative analysis": 0.003695161696585, "contamination": 0.003661612753313, "coronary": 0.003661612753313, "sensitive": 0.0036450890725962, "dna": 0.0036396175150572, "preparation": 0.0036287281894101, "types": 0.0036233101871791, "mice": 0.003601813237007, "construction": 0.0035964822012546, "significance": 0.0035389432852999, "rt": 0.0035083789339572, "anesthesia": 0.003503339123683, "indicators": 0.003503339123683, "april": 0.0034933051583471, "section": 0.003444025096698, "influencing": 0.0034391765787698, "efficient": 0.0034103790442064, "coronavirus infection": 0.0034056276354979, "prognosis": 0.0033634658619316, "transplant": 0.0033634658619316, "equipment": 0.0033542401925878, "late": 0.0033496465071946, "surface": 0.003335941206204, "highly": 0.003308865342086, "comparative study": 0.0032910569546823, "changing": 0.003277824882993, "synthesis": 0.0032690617164265, "hypertension": 0.0032646974137548, "traditional": 0.0032560030681838, "temperature": 0.0032387497575473, "physicians": 0.0032005729909066, "differential": 0.0031880399788828, "follow up": 0.0031880399788828, "rna": 0.0031673595595483, "renal": 0.0031509986763621, "nurses": 0.003106820065289, "antiviral": 0.0030715281918138, "receptor": 0.0030637863772757, "enhanced": 0.0030560804877603, "acid": 0.0030407751608844, "cells": 0.0030369707692761, "real time": 0.0030331750734276, "site": 0.0029993986640624, "structural": 0.0029919851865235, "combined": 0.0029809266581269, "correlation": 0.0029772567865544, "follow": 0.0029662955836501, "stage": 0.0029409973501559, "risks": 0.0029338395105793, "plasma": 0.0029302721274442, "antibodies": 0.0028950135585469, "point": 0.002891528528494, "case report": 0.0028880507969387, "active": 0.0028707705555711, "common": 0.0028639084953492, "heart": 0.0028266657961621, "imaging": 0.0027804428777314, "health care": 0.0027545961892511, "drugs": 0.0027354717988738, "diabetes": 0.0027323057040907, "second": 0.0027228434778587, "long term": 0.0027197013459643, "severity": 0.0027103104658349, "up": 0.0026978713349322, "function": 0.0026824523178355, "therapeutic": 0.0026732691633142, "death": 0.0026702193622536, "specific": 0.0026370360995081, "immune": 0.0026340520623876, "preliminary": 0.0026281000265865, "chinese": 0.0025899232599458, "rate": 0.0025899232599458, "19 patients": 0.0025870226195389, "epidemiological": 0.0025841270369208, "method": 0.0025841270369208, "real": 0.0025812364944839, "protective": 0.0025783509747123, "trends": 0.0025783509747123, "lung": 0.0025582915185924, "workers": 0.0025582915185924,