{"acta": 0.5084541964987662, "cir": 0.4674721299943405, "bras": 0.3429432020871679, "doi": 0.3102777539153504, "brasileira": 0.2857621969513302, "de": 0.2758316470191929, "10": 0.170385078524478, "sci": 0.1569327558031345, "anim": 0.1555001263720426, "com": 0.0836045976848289, "japanese": 0.0752460046941486, "editor": 0.0745759496107935, "da": 0.0659399278102444, "em": 0.0641406253294272, "induction": 0.0639240221667265, "30": 0.0549443101418483, "renal": 0.0505529449605769, "bone marrow": 0.0419156699193176, "marrow": 0.0407186918603569, "segmentation": 0.038255337481737, "dairy": 0.0379137541216939, "degradation": 0.0374172610840288, "rat": 0.0368604806496998, "scan": 0.0367055833098581, "para": 0.0360300064899669, "virtual reality": 0.0348404641114285, "library": 0.0341873420751334, "lipid": 0.0335647511450747, "oil": 0.0334436501189437, "rats": 0.0326254355340394, "bowel": 0.0320703126647136, "ischemic": 0.0315897427541131, "weeks": 0.0308254210249716, "containing": 0.0296416033540766, "evaluate": 0.029283970569043, "sources": 0.0291960427175842, "bone": 0.0284297663742995, "metabolic": 0.0269437733523653, "reality": 0.0264355528717798, "transplantation": 0.0264355528717798, "serum": 0.0253091621191, "animal": 0.0250498639830712, "production": 0.0249858204888924, "electronic": 0.0243922887843212, "liver": 0.0235058628696765, "dynamic": 0.0233072497167095, "alternative": 0.0228640979615581, "scientific": 0.0228097263712542, "behavior": 0.0224352151671526, "small": 0.0223039725180492, "experimental": 0.0216914038528566, "injury": 0.0212256721465909, "method": 0.0207291791089258, "systems": 0.0204991039400829, "performance": 0.0203403835126979, "age": 0.0203178627615508, "virtual": 0.0202729351603436, "different": 0.0194468976438259, "quality": 0.0193419245148639, "online": 0.0183159503591603, "evaluation": 0.0176918565315172, "effect": 0.0175997965857772, "time": 0.0174719722356625, "model": 0.0174538113315125, "new": 0.0166782948429289}