{"removal": 0.2667876376567508, "nan": 0.2546110246235337, "species": 0.2518151078706731, "membrane": 0.2299533260322406, "kidney": 0.1983388448382879, "exploring": 0.1968982158433797, "long term": 0.1836385058072948, "term": 0.1714015807944255, "religious": 0.1636119608068101, "rotavirus": 0.1636119608068101, "long": 0.1624558406778282, "mater": 0.1495223422940771, "teachers": 0.1489321925589081, "role": 0.1478348077762228, "beliefs": 0.1455160878632803, "milk": 0.1394988251030903, "genomics": 0.1373095084727873, "precision": 0.1370714456642848, "stimulation": 0.1361291763047577, "ireland": 0.1349731826251338, "selective": 0.1329506251594253, "igg": 0.1303626099680142, "bio": 0.1293185629031304, "physiol": 0.1289063279049105, "today": 0.1253265776775932, "modern": 0.123246403891578, "materials": 0.1221434757219851, "power": 0.1212406589958616, "professional": 0.1149766630161203, "oxygen": 0.1132417825949199, "highly": 0.1117098920144066, "transport": 0.1105138208981357, "project": 0.1090537460056722, "networks": 0.1081956112851817, "day": 0.1031756768499408, "antibodies": 0.0977379308526468, "integrated": 0.0962273147127703, "guidelines": 0.0922447859307245, "practices": 0.0920316156846921, "second": 0.0919253337435504, "education": 0.0885264926992252, "family": 0.0884266463555379, "level": 0.0821122242744914, "social": 0.0816683287871789, "science": 0.0812279203389141, "practice": 0.0800987912470686, "survey": 0.0799270799117291, "vaccination": 0.0795000884557846, "vaccine": 0.0770856878953943, "human": 0.0752421118303648, "approach": 0.0743813820438225, "medicine": 0.0742262956180612, "2020": 0.072173564502315, "clinical": 0.0689814953199974}