{"open access": 0.4111317544392773, "medical sciences": 0.3592397406399911, "disease 19": 0.3148513427636845, "coronavirus disease": 0.2468202023778932, "access": 0.2414708651827086, "sciences": 0.2310040358695186, "open": 0.218118061660131, "disease": 0.2052705471060682, "coronavirus": 0.2002678884165117, "medical": 0.194810417212407, "respiratory critical": 0.1677877587885426, "american respiratory": 0.1641920579375552, "19": 0.1637508327829306, "care": 0.1455136074311807, "care medicine": 0.1353233948245907, "critical care": 0.1346970769885246, "respiratory": 0.088239563304558, "critical": 0.0848366778089546, "crit care": 0.0813741227269168, "crit": 0.0748552744796075, "pandemic": 0.0680074285377082, "american": 0.06711051637252, "19 pandemic": 0.0659103557566058, "medicine": 0.0652934609864078, "care med": 0.06423442702048, "sars": 0.0590927918107378, "disease 2019": 0.0581238446613999, "sars cov": 0.0575449804360189, "infection": 0.0571348870592793, "cov": 0.0567862208694889, "2019": 0.0518714728213538, "patients coronavirus": 0.0451289894700722, "patients": 0.0438978846568287, "indonesia": 0.0375234229860246, "attitude": 0.0357513648444245, "viral infection": 0.0353181174863118, "response sars": 0.0351650280192853, "health": 0.0347026905313543, "study": 0.0346320178359491, "cov infection": 0.034298755334678, "med": 0.0338678562482512, "outcomes patients": 0.0306746724951197, "review": 0.0300731531507329, "knowledge attitude": 0.0299520804380329, "analgesia": 0.0291631600921016, "receiving": 0.0287467192486516, "respir crit": 0.0285018630610389, "registry": 0.0269537944623409, "covid 19": 0.0264765562623743, "covid": 0.0264499042043784, "therapies": 0.0251118541511765, "care workers": 0.025038191608282, "universal": 0.0246257272763376, "egypt": 0.0240254540875894, "workers": 0.0239923131810233, "organ": 0.0236457849617967, "illness": 0.0228728820829129, "outcomes": 0.0222264140184802, "anesthesia": 0.0219034744669442, "international": 0.0212108808354461, "icu": 0.0202760793393184, "knowledge": 0.020060549256222, "physicians": 0.0200105289014144, "disorder": 0.0197772054613452, "availability": 0.0192726894167228, "tele": 0.0192726894167228, "support": 0.0192369563303021, "rapidly": 0.0183744453997511, "viral": 0.0181884677111673, "experience": 0.0179200785565397, "potential": 0.0177130273602762, "related": 0.0172363779913116, "health care": 0.0172222057779477, "narrative review": 0.0170155712389327, "epithelial cells": 0.0165613460091742, "impact": 0.0164337146672258, "based": 0.0162823161498912, "cell": 0.0161564035265394, "collaboration": 0.0160140480265396, "erratum": 0.01572846186607, "transmission sars": 0.0155534378577199, "treating": 0.0153907681006439, "respir": 0.0153701406922907, "guillain": 0.0151851112145705, "social": 0.0151241843256117, "narrative": 0.0151068413631108, "community": 0.0147069042710059, "population": 0.0146911851822605, "programs": 0.0145311969296464, "cells": 0.0142407449050556, "ace": 0.0141563295807649, "anticoagulation": 0.013474085780066, "impact coronavirus": 0.0133979294793057, "response": 0.0133796798989596, "increase": 0.0133493679899136, "epithelial": 0.0132980950935077, "reply": 0.0132389144769877, "induces": 0.0132244594182238, "behavior": 0.0131145710428487, "assessing": 0.012856755252716, "practices": 0.0127825235933228, "anesthesiology": 0.012648344672908, "injury": 0.0124075291110306, "pro": 0.0122698689980479, "pediatric": 0.0122679762343893, "19 patients": 0.01213088040266, "matters": 0.0120514677315492, "based study": 0.0116764868612388, "perioperative": 0.0115690783110529, "art": 0.0114638471118607, "healthcare": 0.0114420201075463, "task": 0.0112429104469885, "population based": 0.011193233244292, "mortality": 0.0111850860620866, "practice": 0.0111251408692001, "infection control": 0.011095282638998, "emotional": 0.0109832949480816, "release": 0.0109203702010814, "prevention": 0.0109130806267003, "enhance": 0.0108427719241379, "perceived": 0.0107511596395504, "syndrome": 0.0107406711755823, "increases": 0.0106909708138052, "epidemic": 0.0106615014381251, "persistent": 0.0106314718465262, "vitro": 0.0106167030511694, "19 crisis": 0.0105434828236923, "public": 0.0104396390772399, "approach": 0.0103310342191163, "sleep": 0.0103298218825991, "airway": 0.0103158856915004, "case series": 0.0102743001975564, "treat": 0.0102330451878516, "cytokine": 0.0102193660545965, "eye": 0.0101380396696592, "control": 0.0100868460187575, "algorithm": 0.0100845213805377, "barriers": 0.0100845213805377, "ultrasound": 0.0100845213805377, "awareness": 0.0100712275754072, "know": 0.0100315492059334, "distress": 0.0100052644507072, "treatment": 0.0099624197958543, "use": 0.0099418740264153, "case": 0.0099009444073465, "healthcare workers": 0.009850290910535, "clinic": 0.0097370232593147, "19 era": 0.0096751485331652, "aerosol": 0.0096751485331652, "expression": 0.0095415657035624, "analysis": 0.0095030626076306, "dental": 0.0094465291259309, "iran": 0.0094465291259309, "managing": 0.0093186312599215, "consequences": 0.0091938088338376, "cov vaccination": 0.0090273846289638, "old": 0.0088573733212345, "complex": 0.0088363986338456, "heart": 0.0088363986338456, "intervention": 0.008784329711196, "inflammatory": 0.0087020907150028, "failure": 0.0086311850341981, "setting": 0.0086311850341981, "students": 0.0086111028889738, "2019 patients": 0.0085234305532366, "patterns": 0.0085216823955485, "secondary": 0.0084824290662408, "severity": 0.0084726619362353, "al": 0.0083750693721541, "adult": 0.0083664191420595, "therapeutic": 0.0083568676617816, "pulmonary": 0.0082436000105613, "cov antibodies": 0.0082347317338849, "oral": 0.0082249600333834, "crisis": 0.008215665083601, "people": 0.0081786508229262, "exposure": 0.0081054047673515, "indian ophthalmol": 0.0080586904510551, "literature": 0.0079885410186322, "mechanically": 0.0079340770480085, "status": 0.0079091494073797, "prevalence": 0.0079004026014915, "public health": 0.0078829530789558, "general": 0.0078568882807683, "series": 0.0078309536986019, "diagnostic": 0.0078223375504554, "efficacy": 0.0078051480378402, "drug": 0.0077965745791342, "emerging": 0.0077965745791342, "pneumonia": 0.0077965745791342, "monitoring": 0.0077369535850423, "liver injury": 0.0077200851032498, "era": 0.0076780095673948, "self": 0.0076446253490194, "bypass": 0.0076103949492135, "level": 0.0076031947375194, "state": 0.0075784941608631, "fistula": 0.0075223996059344, "changes": 0.0074008609404938, "survey": 0.0074008609404938, "vaccination": 0.0073613235973091, "emergency": 0.0073455925911302, "19 public": 0.0072907900230254, "echocardiography": 0.0072907900230254, "mindfulness": 0.0072907900230254, "study bmj": 0.0072907900230254, "challenges": 0.0072599139640202, "comparison": 0.0072444868261687, "children": 0.0072061183731137, "distress syndrome": 0.0071975243956345, "supportive": 0.0071671659906915, "vessel": 0.0071671659906915, "community health": 0.0071371585578311, "college students": 0.0070927880067128, "transmission": 0.0070926857158361, "assessment": 0.0070852109441105, "patient": 0.007025797098816, "19 quarantine": 0.0070204821046807, "indonesian": 0.0070062595264472, "psychological distress": 0.0070062595264472, "dermatitis": 0.006978046052652, "valve": 0.006978046052652, "hospital": 0.0069743620050504, "human": 0.0069670555604009, "chloroquine hydroxychloroquine": 0.0069640534902841, "effect": 0.0068586752550753, "lung ultrasound": 0.0068547483279474, "ventilated": 0.0068547483279474, "novel": 0.0068301519521814, "respiratory disease": 0.0068149171519512, "season": 0.0068149171519512, "model": 0.0068017845151084, "coinfection": 0.0067115954898, "respiratory distress": 0.0067115954898, "associated": 0.0067037017149031, "risk": 0.006682922922385, "19 prevention": 0.0066738861481021, "stop": 0.0066244443859276, "wake": 0.0066244443859276, "foot": 0.0065879714574661, "literacy": 0.0065879714574661, "heart failure": 0.006563937822486, "year old": 0.0065520039438393,