{"zhonghua": 0.512932220017616, "zhi zhonghua": 0.3584703706420767, "bing": 0.315601379723502, "xue za": 0.2894718435901403, "zazhi": 0.2775633126642846, "xue": 0.2400868796867057, "za zhi": 0.2356332765192583, "zhi": 0.2271630925516217, "za": 0.2122570349898872, "du": 0.1836012559550369, "virology": 0.1443405974639301, "chinese": 0.1249769037534409, "experimental": 0.1136486683648577, "clinical": 0.1017773679127188, "zhongguo": 0.0782020904913126, "sars": 0.0650444930293993, "respiratory syndrome": 0.0523281088509003, "severe acute": 0.0517674923553717, "acute respiratory": 0.046746978632543, "acute": 0.0408549036552913, "respiratory": 0.0405584714353109, "coronavirus": 0.040512125355528, "zhong": 0.0403397608347341, "yi xue": 0.0389356055648567, "syndrome": 0.0356550046124358, "severe": 0.035542042748837, "yi": 0.0339535156477354, "care medicine": 0.0283719774134015, "patients": 0.0281040168765169, "associated": 0.0233664672571007, "critical care": 0.0233292435719384, "protein": 0.0225049813310218, "sars cov": 0.0222865740344865, "cov": 0.0219927143246436, "human coronavirus": 0.0217352805226071, "recombinant": 0.0196466522101301, "characterization": 0.0182674326780896, "detection": 0.0182104843807382, "nucleocapsid protein": 0.0172366054646932, "molecular": 0.0167596770156154, "antibodies sars": 0.0167293479500238, "nucleocapsid": 0.0151581961265259, "critical": 0.0146935298425799, "spike protein": 0.0142753836671111, "virus": 0.0137323962736118, "medicine": 0.0136894629546534, "antibody": 0.0132000899202188, "care": 0.0131741090206199, "assays": 0.0127283338906698, "analysis": 0.0126186431208371, "spike": 0.0120603247792153, "domain": 0.0119250304859661, "rt pcr": 0.0117931866992947, "rt": 0.0109223895434955, "cases": 0.0107876016336997, "oncol": 0.0105146257225021, "human": 0.0104076065020652, "airway": 0.0102734627817669, "cov sars": 0.0101323716287152, "gene": 0.009899251337656, "province": 0.009809782706524, "chain": 0.0096845979042897, "receptor": 0.0095382707856234, "expression": 0.0095023270969451, "infection": 0.0094833210528817, "cells": 0.0094547876380128, "staff": 0.0094547876380128, "study": 0.009406253888468, "pcr": 0.0093262642349886, "receptor binding": 0.0092832083701873, "liver": 0.0091226102558693, "antibodies": 0.0090128422315219, "safe": 0.0084281103779292, "infected sars": 0.0083168033501767, "death": 0.0083130062601938, "identification": 0.0083035289344784, "oral": 0.0081911358182367, "corona": 0.0081542079488729, "19 patients": 0.0080539956887061, "method": 0.0080449810748615, "associated sars": 0.0078813326910795, "tract infections": 0.0078813326910795, "syndrome associated": 0.0078219061689435, "application": 0.0077730502519042, "pneumonia": 0.0077645120505746, "coli": 0.0076331405862972, "ifn": 0.0075613320836047, "neutralization": 0.0075436873743772, "monoclonal antibodies": 0.0074742888474932, "graft": 0.007308530798304, "diagnosis": 0.0072454678803587, "adenovirus": 0.0072294744880216, "infection patients": 0.0071985167543542, "children": 0.0071764840287235, "distress syndrome": 0.0071679253930019, "sars coronavirus": 0.0071679253930019, "transmission": 0.0070635178503819, "ace": 0.007049056640587, "inactivation": 0.0070201743304473, "patients sars": 0.0070058532973352, "development": 0.0069529673858328, "syndrome coronavirus": 0.0069215543096862, "potent": 0.0068804138147965, "factors": 0.006873373543551, "novel": 0.0068020637270499, "management": 0.0067317241422736, "respiratory distress": 0.0066839948146717, "modification": 0.006646440548364, "treatment": 0.0066143003163477, "cytokines": 0.0065250595708407, "nucleic acid": 0.0064780593694046, "seven": 0.0064664416425902, "lymphocyte": 0.0063641669453349, "identified": 0.0063419784840761, "donor": 0.0062981648950969, "beijing": 0.0062765334729233, "respiratory tract": 0.0062765334729233, "monoclonal": 0.006265785266731, "replication": 0.0062232338554453, "ability": 0.0061813715662097, "nucleic": 0.0061504138325423, "intern med": 0.0061299794188944, "difference": 0.0061097052768072, "diagnosis treatment": 0.0060795891319036, "sequence": 0.0060696278869561, "signs": 0.0060696278869561, "igg": 0.0060106533168914, "atypical": 0.0060009537187751, "discussion": 0.0059340569019874, "determination": 0.0058965933496473, "binding": 0.0058780632354223, "retrospective analysis": 0.0058780632354223, "intern": 0.0058596650092488, "19": 0.0058241937877869, "timing": 0.0057962832733405, "patients severe": 0.0057695883042688, "interferon": 0.0057344185118806, "preparation": 0.005648532210786, "serological": 0.0056149610913343, "mice": 0.0056066359960064, "significance": 0.0055087716951351, "mrna": 0.0054690636967437, "resolution": 0.0054690636967437, "letter editor": 0.005376181613666, "fluid": 0.005316064023523, "symptom": 0.0053012505740144, "persistent": 0.0052938755622642, "derived": 0.0051927756428609, "nasal": 0.0051576058504727, "tract": 0.0051367313908834, "transplantation": 0.0051298105303503, "pathogenesis": 0.0050616023549953, "korean": 0.0050481740657583, "distress": 0.0049820594677957, "differential": 0.0049625503950795, "fever": 0.0048922510353358, "cov infection": 0.0048796722277159, "mechanism": 0.0048361222709145, "editor": 0.004823813010202, "lower": 0.0048176802911569, "pathology": 0.0047932938851493, "preventive": 0.0047511635484725, "acid": 0.0047333157915048, "hospitalized": 0.0047038406732293, "letter": 0.0046344421463454, "follow": 0.0046173797750565, "neonatal": 0.0046004292889741, "functional": 0.0044955827775975, "common": 0.0044580025122668, "disease 2019": 0.0044526782264195, "risk factors": 0.0044209607749318, "cardiac": 0.0043792672925835, "distribution": 0.0043741025758504, "viruses": 0.0043741025758504, "failure": 0.0042978451324077, "therapeutic": 0.004161250495738, "infected": 0.0041376003777453, "novel coronavirus": 0.0041235134771332, "symptoms": 0.0041188348516659, "retrospective": 0.0041002045737965, "conditions": 0.0040909395464405, "isolation": 0.0040909395464405, "pediatric": 0.0040725085245772, "possible": 0.0040360361048374, "epidemiological": 0.0040224905374307, "levels": 0.0040224905374307, "coronavirus disease": 0.0039645997144102, "blood": 0.0039470448770597, "primary": 0.003929608454353, "studies": 0.0038190514128453, "different": 0.003773664231643, "changes": 0.0036852128696929, "characteristics": 0.0036459869293498, "therapy": 0.0036073473479338, "infections": 0.0036035149678916, "experience": 0.0035692768532446, "epidemic": 0.0035392190742794, "non": 0.0034984521526059, "effects": 0.0034510875882135, "2019": 0.0034438771515578, "effect": 0.0034152348655481, "med": 0.0033728578531198, "risk": 0.0033277200799689, "disease": 0.0031450214656271, "covid 19": 0.0029297416031209, "covid": 0.0029267924415175}