{"series earth": 0.4180418986410671, "earth environmental": 0.4141847361610798, "iop conference": 0.391129176102104, "iop": 0.3468038824387413, "conference series": 0.3163767306158913, "environmental science": 0.2807873393685212, "earth": 0.2421595426048796, "conference": 0.1703621737578337, "environmental": 0.145656463655946, "series": 0.1308951317423813, "science": 0.1257194493370618, "covid 19": 0.0983462538091845, "covid": 0.0982472556602475, "19": 0.0977539520682289, "adaptation": 0.0451290093490929, "immune system": 0.0307343799339682, "model covid": 0.0307343799339682, "algorithms": 0.0301439670200788, "impact": 0.0293003834669385, "impact covid": 0.0289216105513669, "19 treatment": 0.0286857285117228, "induction": 0.0277596678083766, "19 transmission": 0.0270334949207236, "district": 0.0269895875343728, "pandemic covid": 0.0259427996581739, "construction": 0.0250568415336877, "criteria": 0.0250568415336877, "fortschr med": 0.0250205862679025, "mmw fortschr": 0.0250205862679025, "contribution": 0.0245490040436791, "mmw": 0.024268256074944, "indonesia": 0.0238936214958516, "space": 0.0235304949513229, "19 case": 0.0231784196327925, "fortschr": 0.0226750552750701, "case": 0.0220660296298263, "communities": 0.0220385239907716, "tools": 0.0216453450047585, "behavior": 0.0194854484789846, "reduce": 0.0192137432543321, "initial": 0.0189701641014491, "immune": 0.018351550605674, "systems": 0.0178038958268895, "status": 0.0176269573880718, "screening": 0.017093175232378, "strategy": 0.0169634908050292, "experience": 0.0159752430931342, "big data": 0.0159733143229381, "transmission": 0.0158073216777742, "amidst covid": 0.0157103239810507, "indonesian": 0.0156147054204368, "model": 0.0151589961998687, "system": 0.0151432445535725, "poverty": 0.0149018303254833, "treatment": 0.0148020257028527, "climate change": 0.0147911132384915, "current status": 0.0147637619288675, "ppe": 0.01468247546901, "based": 0.014515224238169, "medium": 0.0143682919504676, "analysis": 0.0141195191385634, "protective equipment": 0.0139268649860805, "personal protective": 0.0138798339041883, "pandemic": 0.013778795155301, "intention": 0.0136954424781048, "an": 0.0134729230749394, "amidst": 0.0134294281992908, "animals": 0.0131337905965293, "big": 0.0126596858428793, "relevance": 0.0126407503392004, "class": 0.0123279827529155, "first": 0.0122922740518201, "consumption": 0.0122745020218395, "influencing": 0.0119804433496911, "climate": 0.0117328395970144, "equipment": 0.011684565676744, "oxygen": 0.011684565676744, "search": 0.0115577706563554, "areas": 0.0115421149195771, "source": 0.0114799122642404, "building": 0.0112524337598638, "number": 0.0110335630934204, "province": 0.010976569615571, "perceptions": 0.0109624085529087, "west": 0.0108642400432144, "nurses": 0.0108226725023792, "19 epidemic": 0.0107540502124057, "opinion": 0.0106727637525481, "temporal": 0.0105004662838511, "case study": 0.0104355408974025, "nature": 0.0104355408974025, "east": 0.0103841201925283, "rural": 0.0103713361183557, "flow": 0.0102700680406221, "area": 0.0100848401180859, "urban": 0.0100003891115364, "personal": 0.0099408129803456, "pandemics": 0.009893589932726, "distribution": 0.0097887267976976, "central": 0.0097771918163906, "small": 0.0096857307616429, "period": 0.0094960484828405, "scale": 0.0094523069420371, "evolution": 0.0094088936710495, "conditions": 0.0091550412619707, "crisis": 0.0091550412619707, "corona": 0.0091240788800674, "change": 0.0090830518200923, "protective": 0.0089817394020551, "recommendations": 0.0089317408953955, "multi": 0.00888217083022, "influence": 0.0088330219261669, "era": 0.0085559104082289, "quality": 0.0083994307790412, "perspective": 0.0082736694954689, "current": 0.0082117994810115, "population": 0.0081854849949588, "strategies": 0.0080728188333484, "epidemic": 0.0079203557745981, "data": 0.0077231278805525, "factors": 0.007690900548127, "effect": 0.0076428937065615, "research": 0.0075559027257851, "med": 0.0075480589398935, "control": 0.0074934482329533, "response": 0.0074547538331032, "study": 0.0070166964085649}