{"reactions weekly": 0.4551239650105795, "label use": 0.3850602393496162, "report reactions": 0.3200008046469279, "weekly": 0.317205825708778, "reactions": 0.2873994644901502, "off label": 0.2567951565570499, "label": 0.2548899551029017, "reports reactions": 0.2262257283773252, "case": 0.18196870257026, "off": 0.1811603708776224, "case report": 0.1514505478550145, "case reports": 0.1280147295643481, "use": 0.1232504486955625, "report": 0.120371870579468, "reports": 0.0909236963906249, "following": 0.0826457003766042, "lack": 0.06790776958773, "drugs": 0.0644965591819087, "multiple": 0.0595871606476273, "hydroxychloroquine": 0.0558111478840635, "efficacy": 0.0416140970849479, "azithromycin": 0.0411906874015067, "tocilizumab": 0.0359414643101351, "lopinavir ritonavir": 0.0273270689535302, "ritonavir": 0.026431992643449, "lopinavir": 0.0259330017525363, "sodium": 0.0242550089865262, "interval": 0.0222644079571104, "dexamethasone": 0.019237315237323, "acute": 0.0151149601184457, "treatment": 0.0146824312209687, "interaction": 0.0138220964450345, "bleeding": 0.0137071500286852, "heparin": 0.0126028249462177, "drug": 0.0121663570671188, "chloroquine": 0.0113282050000764, "secondary": 0.0110305130123625, "prolonged": 0.0097453812972663, "injury": 0.0096808173867447, "remdesivir": 0.0096507338287965, "syndrome": 0.0093114140017027, "thrombocytopenia": 0.0085827045770294, "liver": 0.0083383919388508, "infection": 0.0082553280990318, "liver injury": 0.0080313314521526, "acute kidney": 0.0076012441253928, "kidney injury": 0.0073035229511734, "clearance": 0.0070488596004401, "pulmonary": 0.0064319644626634, "gastrointestinal": 0.0062907600498753, "elevated": 0.006228516700235, "spontaneous": 0.005762903519571, "cardiac": 0.0057182955420428, "viral": 0.005676528594238, "therapy": 0.005652419059204, "delayed": 0.0055147050450265, "covid": 0.0053503858690747, "disorder": 0.0051436379953416, "de": 0.004992224737797, "invasive": 0.0049321216560673, "kidney": 0.0047764094328282, "covid 19": 0.0045906661263182, "19": 0.0045630183061578, "increased": 0.0044635424917483, "rhino": 0.0043193690012117, "cardiac arrest": 0.0040651265674098, "pneumonia": 0.0040554523557062, "bacterial": 0.0039602919291331, "level": 0.003954864241495, "colitis": 0.003817290545713, "delirium": 0.0037518168702171, "acid": 0.003708359885063, "pancreatitis": 0.0036742018255632, "arrest": 0.003615170347799, "2019": 0.0035975163966716, "effect": 0.0035675963127012, "disease 2019": 0.0034884917979872, "disorders": 0.0033554460898106, "toxicity": 0.0033416159409723, "coronavirus": 0.0032553433867317, "bowel": 0.0032504332834809, "10": 0.0032379556291353, "coronavirus disease": 0.0031061021890063, "block": 0.0030798269401487, "interferon": 0.0029951220258445, "muscle": 0.0028442329564981, "hepatitis": 0.0027308414047193, "renal": 0.0025618548935856, "skin": 0.0024940922150398, "disease": 0.0024639960557303, "active": 0.0023340211632974, "19 infection": 0.0021984962162944, "immune": 0.0021415620439986, "levels": 0.0021009715252644, "acquired pneumonia": 0.0020225621380006, "guillain": 0.0019746651052246, "hepatocellular": 0.0019700571351979, "infection case": 0.001965480405886, "elevation": 0.0019044652905368, "insulin": 0.0018799147672696, "malignant": 0.0018371009127816, "retinal": 0.0017968412072581, "allergic": 0.0017897723993413, "wall": 0.00176899952996, "ventricular": 0.0017197028180846, "gastric": 0.0016978743347465, "oxide": 0.0016887311025899, "cytokine storm": 0.0016708079704861, "lymphocyte": 0.0016620217511708, "use covid": 0.0016620217511708, "infarction": 0.0016252166417404, "replication": 0.0016252166417404, "antibiotics": 0.0016008629591183, "shedding": 0.0015825105476465, "atypical": 0.001567167501111, "form": 0.0015571291750587, "cutaneous": 0.0015374895357366, "complete": 0.001518405155596, "ratio": 0.001518405155596, "severe acute": 0.0015021377422341, "artery": 0.001488499601866, "sepsis": 0.0014840141037169, "sensitive": 0.0014817824818903, "leading": 0.001479558213032, "existing": 0.0014598628618168, "cerebral": 0.0014534234013405, "fatal": 0.0014449319058839, "acquired": 0.0013941512079465, "coronavirus infection": 0.0013844378750745, "11": 0.0013729634063912, "19 pneumonia": 0.0013598184711391, "19 case": 0.0013524204246292, "storm": 0.0013378632031283, "cytokine": 0.0013289218142943, "reaction": 0.0013131198316987, "dysfunction": 0.0013044981948695, "fever": 0.00127762638893, "adverse": 0.0012597535883959, "acute respiratory": 0.0012208117096261, "site": 0.0012192998053261, "agents": 0.0012147843036219, "ii": 0.0012117906624066, "resistance": 0.0012014162432685, "reduction": 0.0011825625047605, "chest": 0.0011670105816487, "increase": 0.0011572972487766, "like": 0.0010929566834132, "pre": 0.0010793185430451, "symptoms": 0.0010756463763049, "cell": 0.0010504857626322, "anti": 0.0010493107144891, "type": 0.001036518402561, "blood": 0.0010307828966255, "primary": 0.0010262293212636, "large": 0.0009908659506869, "long": 0.0009780681268768, "severe": 0.0009281913663957, "international": 0.0009194178351191, "non": 0.0009136315283689, "hospital": 0.0009069429316634, "respiratory": 0.0008826641190006}