{"za zhi": 0.4313149183495782, "zhi": 0.4158106705609239, "za": 0.3885258782976029, "zhonghua": 0.285475364569253, "xue za": 0.2506112191804633, "xue": 0.2482777910952937, "yi xue": 0.2210323094312499, "ke za": 0.2151732458289718, "yi": 0.1984187476172358, "ke": 0.1804705027269961, "zhongguo": 0.1175143175627764, "zazhi": 0.1029863008295909, "chinese": 0.0834679338190719, "respiratory": 0.0812629783878457, "acute respiratory": 0.0655635926580874, "sars": 0.0620586601709084, "pediatrics": 0.0610108501551584, "severe acute": 0.0576229886766645, "zhi zhonghua": 0.0532023300559061, "acute": 0.0522974703842576, "sars cov": 0.0510324496958053, "respiratory syndrome": 0.0504807483431696, "cov": 0.0503595611290396, "severe": 0.0498484411439345, "infection": 0.0485575691076933, "coronavirus": 0.047869557567627, "2019": 0.0460010292356649, "cov infection": 0.0456255999997725, "children": 0.0431364234811243, "clinical": 0.0424835827365034, "contemporary": 0.0419366087375935, "2019 ncov": 0.0408046975387276, "ncov": 0.0388313448793612, "novel coronavirus": 0.0385554126838181, "analysis": 0.0337102948549409, "2019 novel": 0.0328612611973379, "novel": 0.0318001111858094, "clinical features": 0.0315051148610518, "biomedical": 0.0312981168750456, "syndrome": 0.0309566353358776, "respiratory diseases": 0.0306607347377498, "engineering": 0.0288846578262197, "progress": 0.0282386615444566, "nucleic acid": 0.0259588874975596, "bao": 0.0249864380917245, "nucleic": 0.0246459458980034, "pneumonia": 0.0233354717015551, "features": 0.0218082983531366, "cases": 0.0216140452880288, "coronavirus 2019": 0.0201040933546071, "detection": 0.0194594867941794, "tuberculosis": 0.0191834062326504, "acid": 0.0189673488795748, "patients": 0.0187697418502785, "research": 0.0180396872076044, "respiratory failure": 0.0167675551176946, "diseases": 0.0164938128298644, "cells": 0.0157863486200606, "treatment": 0.0154611522264739, "patients severe": 0.0154132675808346, "support": 0.0153538692499209, "peripheral": 0.015067339693114, "cellular": 0.0148896943263676, "segmentation": 0.0148736008116709, "china": 0.0143028106100141, "vaccine": 0.0142424117554098, "plan": 0.0142215644037306, "immunology": 0.0141621185605015, "molecular": 0.0139915413363916, "development": 0.0139309697434606, "syndrome coronavirus": 0.0138680304847149, "vaccine development": 0.0135719963646347, "method": 0.0134324408703744, "based": 0.0129956396926217, "respiratory infections": 0.0128640896015692, "false": 0.0128186578443882, "expression": 0.012692578955544, "inter": 0.0126847058837702, "nosocomial": 0.0124058417106286, "infection prevention": 0.0123435661654295, "diagnosis": 0.0120975199289442, "computed tomography": 0.012082037083756, "therapy": 0.0120461389527526, "computed": 0.0117038262459184, "inflammatory": 0.0115758751666136, "conventional": 0.0115070113445537, "failure": 0.011481553544778, "syndrome children": 0.0114412902041456, "associated": 0.0111469210025793, "tomography": 0.0110857070573923, "clinical oncology": 0.0108351016602422, "profiles": 0.0107565102518878, "transfer": 0.0105627338880746, "blood": 0.0105444020674184, "study": 0.0104702089408582, "prevention control": 0.010390078329994, "positive": 0.0103258891265191, "damage": 0.0102642619298189, "mild": 0.0102093098269472, "way": 0.0100478675474913, "differential": 0.0099429690329219, "coronavirus pneumonia": 0.0098933856319909, "characteristics": 0.0097401355477505, "prevention": 0.0096780159431553, "transmission": 0.0094349791482856, "sequences": 0.0093389309666834, "obstet gynecol": 0.0090479975764231, "area": 0.0090290681274983, "advances": 0.0089641922841298, "caused": 0.0089641922841298, "cardiovascular": 0.0088789362502282, "negative": 0.0087743026489403, "reduce": 0.0086011376876717, "reprod": 0.0085307270297301, "vertical": 0.0085008325451032, "disease": 0.0084018225982111, "beijing": 0.0083837775588473, "respiratory tract": 0.0083837775588473, "challenge": 0.0082244791313107, "diagnosis treatment": 0.0081207123567406, "rate": 0.0080775419824908, "detected": 0.0079899091622791, "lung": 0.0079788878166657, "induced": 0.0078820777623459, "gynecol": 0.0078762787152629, "retrospective analysis": 0.0078515274164014, "covid 19": 0.0078267094444496, "investigation": 0.0078214003992805, "covid": 0.0078188308551058, "19": 0.0077795721773922, "sampling": 0.0076480111359531, "strategy": 0.00759379982059, "influenza": 0.0075691173889274, "obstet": 0.0075675764176114, "antigen": 0.007556237190982, "13": 0.0075449350813638, "wuhan china": 0.0075112490443627, "medication": 0.0073904713715948, "emergency": 0.0073285546236429, "results": 0.0073285546236429, "clinical characteristics": 0.0073157558137773, "infections": 0.0072200048126348, "the": 0.0071307405892601, "hospital": 0.0069581851001087, "human": 0.0069508956026237, "effects": 0.006914601220681, "tract": 0.0068613054557099, "bing": 0.0067993453667192, "time": 0.0067930688247072, "system": 0.0067789565895232, "control": 0.0067089665094322, "response": 0.0066743229882352, "mediated": 0.0065095724496039, "mechanism": 0.0064597717102351, "preventive": 0.006346289477772, "oncology": 0.006259669871464, "pcr": 0.0062287029248296, "kidney": 0.0061075399173807, "wuhan": 0.0061075399173807, "tests": 0.0060926891787645, "biol": 0.0060266401453101, "of": 0.0060193787516655, "protein": 0.0060121325970534, "forum infectious": 0.0060042971837634, "disease 2019": 0.0059475925608402, "east respiratory": 0.0059239852286816, "pregnancy": 0.0058912192040203, "obstructive pulmonary": 0.0057918467684528, "syndrome sars": 0.0057918467684528, "mesenchymal stem": 0.0057737691613602, "communication": 0.0057340917917811, "chronic obstructive": 0.0057032942454445, "trial": 0.0055966165345566, "like": 0.0055902046638089, "2nd": 0.0055864886454685, "cell carcinoma": 0.0055545174409849, "infected sars": 0.0055545174409849, "injury": 0.0055016666997733, "learning based": 0.0054922982495145, "pulmonary": 0.0054829860875405, "retrospective": 0.0054767816089519, "auf": 0.0054620098287263, "eur": 0.0054336596571383, "open forum": 0.0053885350932848, "epidemiological": 0.0053729763481497, "chest ray": 0.0053043039635284, "server": 0.0053043039635284, "coronavirus disease": 0.0052956496223389, "pulmonary disease": 0.0052109625450702, "open label": 0.0051980306815866, "surgery": 0.0051970745749822, "stem cells": 0.0051472506765666, "mesenchymal": 0.0050618285183375, "nucleocapsid": 0.0050618285183375, "klin": 0.0050499632090698, "respiratory viral": 0.0050033010252095, "open": 0.0050025779496722, "low": 0.004986405595022, "angiotensin converting": 0.0049691138545431, "detection sars": 0.0049691138545431, "converting enzyme": 0.0049466928159954, "official american": 0.0049355905545646, "leader": 0.0049135979552058, "macrophages": 0.0048918819996586, "kidney disease": 0.0048598118074337, "human coronavirus": 0.0048387579403712, "strategies": 0.004818455581101, "testing": 0.0048082250805633, "rat": 0.0047770943960581, "spike protein": 0.0047670279202907, "conf": 0.0047570198012324, "microscopy": 0.0047570198012324, "habits": 0.0047371759539866, "activated": 0.0047273389148203, "transactions": 0.0047273389148203, "viral infection": 0.0046981597012828, "bcg": 0.0046885418730498, "patient": 0.0046730005940775, "kidney injury": 0.0046694654833417, "respiratory infection": 0.0046134693626654, "medicine": 0.0045713694034694, "postgraduate": 0.0045592325764927, "extracellular": 0.0045415257986793, "electron": 0.0045153015622471, "health sciences": 0.0045066479315833, "treatment patients": 0.0045066479315833, "noninvasive": 0.0044894697231579, "autopsy": 0.0044724607609169, "converting": 0.0044640187113187, "specimens": 0.0044640187113187, "library": 0.0044306573697533, "climate change": 0.0044142153816392, "lungs": 0.0044142153816392, "recombinant": 0.0043737827208901, "obstructive": 0.0043578711271237, "american society": 0.0043033078049745, "workplace": 0.0042804413024319, "breathing": 0.004265363514865, "version": 0.0042429909032435,