{"reactions weekly": 0.528467314661632, "weekly": 0.3683236300321977, "reactions": 0.3306523696528631, "chest": 0.2926961247190652, "arch": 0.2733546507827374, "dis": 0.2484899355336931, "adverse": 0.1995516980543796, "reaction": 0.1906714297382361, "covid": 0.1412549506049943, "research": 0.1396735196637873, "covid 19": 0.1312974790698006, "19": 0.1305067247459296, "pulmonary": 0.0849047942240966, "techniques": 0.0821005822187696, "patient": 0.0723620573743259, "recovered": 0.0618624215401607, "19 infection": 0.0580422575188285, "clinical": 0.0548220104968876, "cov virus": 0.0531372567838324, "dis covid": 0.0497378258257049, "infective": 0.0490060150032389, "virus": 0.047340195210706, "infection": 0.0435896023723024, "patients": 0.0430595608817015, "patient covid": 0.0417796874299759, "laparoscopic": 0.0415760015933769, "medicines": 0.0407837682023349, "clinical practice": 0.0372779350373373, "experience": 0.0369134984806003, "severe": 0.0367576177178289, "respiratory": 0.0349546779189045, "case": 0.0339915266167286, "sars cov": 0.0329268544776173, "invasive": 0.0325531007460821, "disease": 0.032525844832504, "cov": 0.03249269730802, "centre": 0.0321507740291028, "sars": 0.0320328964759278, "tertiary": 0.0315638170286687, "laparoscopic surgery": 0.0293500964832837, "19 patients": 0.0277648358329271, "following": 0.0272740009087216, "india": 0.0271233464468509, "induced": 0.0271233464468509, "surgery": 0.0268258050334325, "pneumonia": 0.0267668882303094, "colon": 0.0257663910982137, "practice": 0.0254629259871194, "diagnosis": 0.024977568154525, "posterior": 0.0243004724570873, "inpatients": 0.0237661285269031, "2019": 0.0237444089710294, "radical": 0.0234420506906217, "wall": 0.0233515813008057, "management": 0.023206520453552, "lombardy": 0.0231293463828237, "pandemic era": 0.0229125191806857, "treatment": 0.0228017209756634, "northern italy": 0.0227849109138167, "care": 0.0227077955054977, "operational": 0.0225350489836132, "port": 0.0224126970611928, "anterior": 0.0222920023264333, "corticosteroids": 0.0222124378839588, "del": 0.0221729204872371, "cervical": 0.0217870957948125, "le": 0.0215266258590673, "coronavirus": 0.0214859909428652, "gaps": 0.0213451295982917, "heterogeneity": 0.0211321037163566, "potentially": 0.0210274705178573, "diagnosis treatment": 0.0209583914249734, "radiological": 0.0208898437149879, "igg": 0.0207207464521179, "fusion": 0.0205547982978056, "myocardial": 0.0202002389007831, "procedure": 0.0200747275532783, "tertiary care": 0.0200436240021296, "physiological": 0.0200126286374643, "mortality covid": 0.0198897141596725, "containing": 0.0198288869039902, "look": 0.0197684720396519, "address": 0.0196192029153465, "extended": 0.0192140805006587, "fatal": 0.0190737443978515, "spontaneous": 0.0190182229823717, "significance": 0.0189905914614507, "eastern": 0.0183776244963252, "pregnant women": 0.0182751962610459, "space": 0.0181237281663386, "metabolic": 0.0180241611153372, "rare": 0.0180241611153372, "paper": 0.0179747916906832, "solution": 0.0179747916906832, "19 pneumonia": 0.0179502091692811, "mild": 0.01756584087145, "position": 0.0172880679917045, "involvement": 0.0171748370100569, "archives": 0.0170852768757243, "variation": 0.017063026780876, "literature review": 0.0167787203145359, "rehabilitation": 0.016693035439389, "northern": 0.0166717423387987, "post covid": 0.0166717423387987, "reduced": 0.0166717423387987, "frequency": 0.0165660334081361, "tuberculosis": 0.0165032047693219, "asia": 0.0164615637666468, "normal": 0.0164201164437539, "europe": 0.0163994648508328, "pregnant": 0.0161955392845912, "managing": 0.0159961761964884, "profile": 0.0158592292454871, "longitudinal": 0.0158011758912612, "issues": 0.0155914919026176, "italian": 0.0154977880070585, "systemic": 0.0154977880070585, "active": 0.0154050591957402, "overview": 0.0153866286651638, "disease 2019": 0.0153498815683185, "risk factors": 0.0152405408301766, "central": 0.0150612358198994, "work": 0.0149553594256079, "update": 0.0149203450058743, "patients covid": 0.0149028892542454, "setting": 0.0148161197433935, "uk": 0.0146450749843169, "second": 0.0146112565059397, "crisis": 0.0141028464999834, "italy": 0.0139605179637732, "exposure": 0.0139135758445606, "region": 0.0138824179164635, "implementation": 0.0138513685527959, "effective": 0.0137588643481736, "recommendations": 0.0137588643481736, "lung": 0.0137282417807287, "literature": 0.0137129698689238, "women": 0.0137129698689238, "epidemiology": 0.0136977240852955, "coronavirus disease": 0.013667310546022, "spread": 0.0134572735213719, "era": 0.0131799177854158, "influenza": 0.0130232027281889, "mortality": 0.0128000634736659, "survey": 0.0127041699910385, "critical": 0.0126633865864095, "cancer": 0.0126498334912386, "post": 0.0124887840772625, "children": 0.0123698787916252, "vaccine": 0.0122525392392763, "association": 0.0121239488642499, "high": 0.0119095157404024, "effects": 0.0118970612892387, "factors": 0.0118474168245884, "evaluation": 0.0118350488026765, "approach": 0.0118226979228655, "acute": 0.011736717781687, "time": 0.0116879561915789, "associated": 0.0115074403964768, "response": 0.0114836455669657, "review": 0.0114717719364853, "risk": 0.0114717719364853, "study": 0.0108088417687454, "pandemic": 0.0106127447965262}