{"nursing": 0.3766321615231752, "communications": 0.2931124769973525, "notes": 0.2921326108346626, "covid": 0.263693246398287, "data": 0.248744250349097, "covid 19": 0.2463616913557244, "19": 0.2448779494434205, "engineering": 0.2309088752358384, "technologies": 0.2218714422367703, "care": 0.1285850391713656, "de": 0.1263012057642049, "vital": 0.1177909344528505, "revue": 0.1148788164361929, "impacts covid": 0.1144772732853335, "19 pandemic": 0.1037519368875148, "reference": 0.0967380472707386, "la": 0.0961948490791638, "health": 0.0943553696581814, "pandemic": 0.0924548782951007, "health care": 0.0901411264567704, "lessons learned": 0.0852908726689903, "impacts": 0.0822914286287748, "role": 0.081882511017781, "learned": 0.0790978673568464, "based": 0.0779170181566829, "internet res": 0.0736834000011988, "prim": 0.0734817592739145, "med internet": 0.0701222784176437, "lessons": 0.0690420635738675, "ct": 0.0684928057496391, "learning": 0.0671949255449262, "palliative care": 0.0665819184655207, "ray images": 0.0647612651459037, "big data": 0.0643079811428272, "convolutional neural": 0.0600198366653629, "palliative": 0.0559741855824541, "prim care": 0.0541852415552822, "convolutional": 0.0539992963506481, "big": 0.0509674336833718, "19 chest": 0.0493946638123909, "19 detection": 0.0482048380289972, "transfer": 0.0474976654251535, "study": 0.0470816065683335, "neural network": 0.0460680956230545, "fuzzy": 0.0441901564846913, "detection": 0.0437519397387565, "machine": 0.0430223821576449, "scan": 0.042781979993809, "suspected covid": 0.0424270790786912, "cns": 0.0420801095779464, "case study": 0.0420131072160559, "analytics": 0.041657025116341, "early": 0.0412843803042237, "internet": 0.0406501773536464, "med": 0.0405176134944497, "chest ct": 0.0401468917892979, "die": 0.038701547631129, "deep learning": 0.0383602978722103, "time series": 0.0380925974645247, "disease": 0.0377806506307873, "images": 0.0374428692337417, "tool": 0.0363224512334952, "ray": 0.0362786216736105, "diagnosis covid": 0.0357561942536366, "disord": 0.0349769362842523, "forecasting": 0.0346545806426772, "smart": 0.0342349270150292, "neural": 0.0341832589506715, "proposed": 0.0341832589506715, "spread covid": 0.0341832589506715, "res": 0.0337427946544754, "thoracic": 0.0330400114958053, "social media": 0.0328022390233414, "triage": 0.0325680529997058, "government": 0.0324292183427888, "engagement": 0.0322916141421427, "china": 0.0321578731506608, "19 disease": 0.0319305225415317, "accuracy": 0.0315776382829969, "2019": 0.0310280679083723, "search": 0.0310207755424803, "facilities": 0.0308533751174995, "time": 0.0305465340379598, "classification": 0.0302412233344262, "19 cases": 0.0301613967369311, "machine learning": 0.0298071705969719, "case": 0.0296123436176753, "impact": 0.0294905689166157, "res public": 0.0294834034121263, "suspected": 0.0291220783296368, "ban": 0.0286400659220738, "child adolesc": 0.0285267336975297, "preventing": 0.0285016760223613, "technique": 0.028253250898357, "deep": 0.0280434336646453, "stage": 0.0274973997572199, "adolesc health": 0.0274760626399734, "chest": 0.0268408013266685, "media": 0.0267127491450612, "testing sars": 0.026550787936754, "obstructive pulmonary": 0.0260443179688846, "chronic obstructive": 0.0256461219947202, "models": 0.0250800850634198, "education": 0.0245164573311525, "spread": 0.0234471026950457, "pulmonary disease": 0.0234322437856915, "series": 0.023421290155416, "application": 0.0233441090237666, "network": 0.0232928672643474, "adolesc": 0.0232022085997088, "screening": 0.022938833446237, "social": 0.0226171628059419, "iot": 0.0226026524161063, "burn": 0.0221443680555831, "population": 0.0219696427870658, "diagnosis": 0.0217596679097575, "cases": 0.0215982950048347, "microscopy": 0.0213909899969045, "risk management": 0.0213909899969045, "online": 0.0213480498380404, "health professionals": 0.0213017577557803, "epidemic": 0.021258042403298, "outbreak": 0.0209911090833333, "education covid": 0.0209547449249207, "universities": 0.0208703623603594, "public": 0.0208156694877414, "na": 0.0207454837506106, "medical education": 0.0206225821941855, "model": 0.0203431886886794, "management": 0.0202167871302077, "fam": 0.0201114074348682, "matrix": 0.0198127890998676, "tackling": 0.0197398954234057, "obstructive": 0.0195961298424595, "patients chronic": 0.0195606006293885, "authors reply": 0.0195252332811752, "data analysis": 0.01949002632965, "transportation": 0.0193853534696464, "industrial": 0.0192139752184065, "identified": 0.0190462987322623, "analysis": 0.0189482231040934, "tobacco": 0.0188174744335721, "cultural": 0.0187214346168708, "coronavirus": 0.0187179162013058, "suicide": 0.0186896835725873, "vector": 0.0185018570031614, "road": 0.0184709896881184, "out": 0.0183791173791213, "disability": 0.0181098492473443, "flu": 0.0178780971268183, "afr": 0.0177647649022742, "occurrence": 0.0174613717114559, "inpatient": 0.0174343695294306, "pathogen": 0.017407460942678, "comparative analysis": 0.0172742995387563, "doctors": 0.0172479391755487, "south africa": 0.0170402178999816, "care covid": 0.017014639229376, "fighting": 0.0166895658005987, "authors": 0.0166164432552116, "schools": 0.0163073042369506, "student": 0.0158106563415672, "19 case": 0.0155525787419675, "15": 0.01514064553512, "mental health": 0.0150409892307064, "time covid": 0.0150212105715858, "comment": 0.0149818037889709, "occupational": 0.0149230661606675, "ethical": 0.014864769620092, "standard": 0.0147877156921557, "cov infection": 0.0146546846852224, "professionals": 0.0146170908126963, "rehabilitation": 0.0145424448577118, "nurses": 0.0145238949814889, "reduced": 0.0145238949814889, "america": 0.0143952723077363, "techniques": 0.0143046864548703, "centre": 0.0140043690720186, "pain": 0.0139353631109399, "issues": 0.0135828149449838, "mental": 0.0133883216114662, "disease 2019": 0.0133723316583248, "pandemics": 0.0132770774631902, "reply": 0.0131985821583742, "lancet": 0.013136352410275, "prevent": 0.0131208726055336, "child": 0.0130746175361848, "wave": 0.0130746175361848, "africa": 0.0127730992685746, "co": 0.0127583264391775, "key": 0.0127583264391775, "digital": 0.0123697296057779, "challenge": 0.0123277288567685, "pulmonary": 0.0123277288567685, "corona": 0.0122444029815915, "people": 0.0122306018766134, "possible": 0.0121210675091288, "method": 0.0120803873138282, "lockdown": 0.0120668744827304, "chronic": 0.0119596103305757, "coronavirus disease": 0.0119065289647538, "south": 0.0117884065242727, "comparative": 0.0115700744640218, "support": 0.0115070105956445, "healthcare": 0.0114071620229684, "strategy": 0.0113823992603275, "level": 0.0113700474367105, "open": 0.0112475982181584, "perspective": 0.0111031639216027, "vaccination": 0.0110083460160969, "community": 0.0109965747939696, "emergency": 0.0109848213935329, "future": 0.010973085760904, "strategies": 0.0108336247737666, "testing": 0.0108106229213665, "assessment": 0.0105954388010215, "approach": 0.0102995607501656, "novel": 0.0102140158679639, "medical": 0.0100457031611219, "response": 0.0100041890541399, "2020": 0.0099938451225555, "risk": 0.0099938451225555, "sars cov": 0.0095616116337312, "infection": 0.0094934709623427, "cov": 0.0094355369658181, "patients": 0.0093780321139477, "sars": 0.0093020156484897}