{"metab syndr": 0.3534584341355781, "diabetes metab": 0.3359558341195635, "syndr": 0.3297345329948174, "diabetes": 0.32745361166626, "metab": 0.2403817955266612, "regression": 0.2313827661344703, "containing": 0.2214236206120778, "coronavirus infection": 0.2040739928121126, "nationwide": 0.1907864966551108, "estimation": 0.1893049545442598, "complications": 0.1764473009862842, "increase": 0.1705921765652482, "simulation": 0.1699847988487577, "lockdown": 0.1546743491070685, "effects": 0.1328511478259998, "related": 0.1321586717750619, "model": 0.1303804673566048, "infection": 0.1216882171078118, "analysis": 0.1214400663384538, "coronavirus": 0.1199640184051422, "article": 0.1071214252723883, "letter editor": 0.1034792482137917, "editor": 0.0928474109860341, "letter": 0.0892024532755913, "reply": 0.0845903430670624, "learning": 0.0478506094737743, "algorithms": 0.0432106943432703, "analyzing": 0.0409035454501872, "ability": 0.0396591068138735, "turkish": 0.0352925017984674, "comparing": 0.0320905518559008, "machine learning": 0.0318392631925812, "rehabilitation": 0.0310677410847794, "machine": 0.030636944539518, "predicting": 0.0287739948311835, "risk factors": 0.0283644744074937, "students": 0.0275104182004584, "tool": 0.0258658137502085, "factors": 0.0220494636680197, "risk": 0.0213503434771004, "pandemic": 0.0197515909394958}