{"computational science": 0.498019179977646, "iccsa 2020": 0.3855039051343051, "applications iccsa": 0.3650566950135898, "iccsa": 0.3650566950135898, "science applications": 0.29817562731138, "computational": 0.2515475708237105, "science iccs": 0.2322194715407481, "iccs": 0.223663608988809, "science": 0.1688840486686569, "2020": 0.1482288088874674, "applications": 0.1418507279383924, "learning": 0.0287096731011776, "based": 0.0231846569577982, "networks": 0.021946692420215, "neural networks": 0.0186162989498593, "analysis": 0.0156133461635121, "data": 0.0151826220621916, "algorithms": 0.0148147378173506, "classification": 0.0138437691707612, "learning approach": 0.0131709272422982, "model": 0.0130377322175259, "neural": 0.0125186773348217, "hybrid": 0.0115167250646062, "problem": 0.0114851357749477, "machine learning": 0.0109160554734102, "problems": 0.0106108767106795, "deep learning": 0.0105363021169844, "machine": 0.0105038418793276, "convolutional": 0.0098878776932399, "potential": 0.0097007192733033, "approach": 0.0094298263009227, "smart": 0.0094031995055119, "scale": 0.0092909767995783, "large scale": 0.0090881783498971, "cities": 0.0090618539259664, "performance": 0.0086822616203041, "study": 0.0086211709931538, "quantum": 0.0082775990702549, "planning": 0.0078978092174183, "deep": 0.0077026015405987, "simulations": 0.0075524528738584, "traffic": 0.0075524528738584, "linear": 0.0073375121078248, "port": 0.0071505790506072, "diffusion": 0.0069389650431882, "series earth": 0.0068484473426137, "thermal": 0.0068099807944273, "prediction": 0.0068028279228718, "theoretical": 0.0067871450993115, "earth environmental": 0.0067852585229715, "preliminary": 0.0067490885943834, "interface": 0.0066214849178812, "domain": 0.0065578323615607, "virtual": 0.006490103545627, "application": 0.0064118528522796, "iop conference": 0.0064075576524807, "network": 0.0063977784397178, "monitoring": 0.0063558317756053, "order": 0.0063456429632013, "large": 0.0062595315483103, "chemistry": 0.0061210766383596, "agent": 0.0060151129911408, "detection": 0.0060086036978559, "optimization": 0.0059978300883311, "sustainable": 0.005989227876755, "uncertainty": 0.0059806516145745, "decision making": 0.0059129572556175, "investigating": 0.005887981732566, "processing": 0.0058305448546948, "lesions": 0.0058143452168083, "recognition": 0.0058143452168083, "transfer": 0.0057982373620653, "accuracy": 0.0057822202562811, "non": 0.0057716236705802, "solution": 0.0057347033492446, "iop": 0.0056814116834135, "energy": 0.0056802524336933, "reality": 0.0056419876736073, "convolutional neural": 0.0054951531244186, "dual": 0.0054938797724282, "differential": 0.0054580277367051, "estimation": 0.0054085825120424, "theory": 0.0052852510840823, "sars cov": 0.0052525154644979, "mobile": 0.0052059055968949, "cov": 0.0051832584011218, "conference series": 0.0051829478985109, "patients": 0.0051516690482696, "case study": 0.0051287145542018, "sars": 0.0051099106422948, "modelling": 0.0051097398758247, "profile": 0.0050597512691996, "decision": 0.0050045450927037, "making": 0.0049743319629126, "internet": 0.0049623360431874, "of": 0.0049563570110007, "cov detection": 0.0049271159949135, "urban": 0.0049148522044299, "simulation": 0.0048565913796592, "action": 0.0048165077322068, "service": 0.0047825944622079, "environmental science": 0.0045999152582286, "rev": 0.0045198092075681, "acute coronary": 0.0044974193892138, "education": 0.0044892387113311, "features": 0.0044892387113311, "sustainable development": 0.0044369202853759, "computers": 0.0044134236449865, "systems": 0.0043750055960965, "multiple": 0.0043267356970846, "general": 0.0043029046375419, "blockchain": 0.0043014354943708, "investigation": 0.0042934278662441, "methods": 0.0042934278662441, "nat rev": 0.004290707033043, "state": 0.0041504392712548, "social": 0.0041414565504901, "iot": 0.0041387995351274, "implications": 0.0040575071002831, "fuzzy": 0.0040458570027322, "cancer": 0.0040358210397061, "characteristics": 0.0040100142474697, "graph": 0.0039928751791228, "comparison": 0.0039675167632503, "contrast": 0.0039671068412806, "earth": 0.0039671068412806, "investment": 0.0039417973113611, "programming": 0.003884437364585, "capital": 0.0038526703581747, "human": 0.0038155787138073, "analytics": 0.0038139345996279, "data driven": 0.003806312520356, "high": 0.0037996290015293, "cooperation": 0.0037911898843438, "organic": 0.003783688471799, "evaluation": 0.0037758709627974, "effect": 0.0037562231392161, "role": 0.0037484018722286, "alzheimer": 0.0037394927552443, "potential role": 0.0037250610132328, "virtual reality": 0.0037178997165835, "automatic": 0.0037107743163087, "manufacturing": 0.0036966297779305, "delivering": 0.0036756734124698, "location": 0.0036687560539124, "speed": 0.003655021508628, "generating": 0.0036482036807939, "things": 0.0036482036807939, "vein": 0.0036346653462869, "numbers": 0.0036279442255935, "case": 0.0036149018189722, "disasters": 0.0036145965746762, "based approach": 0.0036079694560138, "candidates": 0.0036079694560138, "surfaces": 0.0035882714819998, "data analysis": 0.0035688427370275, "measurements": 0.0035688427370275, "new": 0.003559552333821, "assist": 0.0035307641822249, "plants": 0.0035307641822249, "industrial": 0.0035182946778947, "micro": 0.0035121007056614, "mri": 0.0035059336054095, "user": 0.0035059336054095, "factors affecting": 0.0034997931449825, "parallel": 0.0034875912299042, "quantifying": 0.0034875912299042, "mediterranean": 0.0034815293257138, "robotic": 0.0034815293257138, "multiple sclerosis": 0.0034754931621707, "leveraging": 0.0034398047342985, "cultural": 0.0034281049614341, "images": 0.0034281049614341, "aortic": 0.0034222909885913, "feature": 0.0034165006979847, "sensors": 0.0034107338974653, "strategic": 0.0034049903972136, "ability": 0.0033992700097015, "breast cancer": 0.0033992700097015, "historical": 0.003387897834022, "road": 0.0033822456819295, "ieee": 0.0033766159146563, "migration": 0.0033766159146563, "set": 0.0033766159146563, "extraction": 0.0033710083555958, "glucose": 0.0033323628662587, "heat": 0.0033269268581869, "white": 0.0033215115587675, "regression": 0.0033053883494906, "text": 0.0033053883494906, "smartphone": 0.0032894459650644, "environments": 0.0032841713230998, "form": 0.0032789161807803, "fusion": 0.0032789161807803, "interactive": 0.0032789161807803, "cold": 0.0032736803944617, "gas": 0.003268463822081, "quantification": 0.0032580877586506, "utilizing": 0.0032580877586506, "aid": 0.003242664304866, "dent": 0.0032375601184899, "departments": 0.0032375601184899, "binding": 0.0032324741940003, "left": 0.0032274064011873, "sclerosis": 0.0032223566112287, "genes": 0.0032023349509699, "complete": 0.0031973732901614, "costs": 0.0031973732901614, "dementia": 0.0031825913783296, "recurrent": 0.0031776980365665, "forecasting": 0.0031728214816006, "integrating": 0.0031728214816006, "comparative analysis": 0.0031631182741062, "reconstruction": 0.0031486865320947, "balance": 0.0031439083280043, "art": 0.0031391461313278, "computer": 0.0031391461313278, "shared": 0.0031391461313278, "california": 0.0031343998351706, "coronary": 0.0031343998351706, "processes": 0.0031296693337054, "older adults": 0.0031062501157379, "manag": 0.0031016122180562, "enhancing": 0.0030969894029952, "paradigm": 0.0030877886305607, "quality life": 0.0030832104804571, "construction": 0.0030786470274899, "task": 0.0030786470274899, "financial": 0.0030740981775972, "image": 0.0030560469587974, "class": 0.003029392783299, "affecting": 0.0030249986086146, "attention": 0.0030249986086146, "thoracic": 0.0030249986086146, "3d": 0.0030206179753221, "exploration": 0.0030206179753221, "vulnerability": 0.0030206179753221, "security": 0.0030162508002176, "content": 0.0029989150441655, "detecting": 0.0029775384852704, "behaviors": 0.0029606657129522, "fast": 0.0029606657129522, "reference": 0.0029523038395556, "the": 0.0029357262245233, "nat": 0.0029316118529725, "one": 0.0029316118529725,