{"syndrome coronavirus": 0.4542098365501973, "respiratory syndrome": 0.4041547648756256, "severe acute": 0.3970288801687431, "acute respiratory": 0.3272164846047387, "syndrome": 0.2478424366940859, "severe": 0.2453295516257415, "acute": 0.2383112653125079, "respiratory": 0.2365821427078147, "coronavirus": 0.2120746930186648, "emerg infect": 0.1187818336463492, "infect dis": 0.0889898979207484, "infect": 0.0861896286879096, "dis": 0.0739699480360283, "emerg": 0.0675695755566593, "vertical": 0.0649650824745283, "transmission": 0.0618034455796833, "jama": 0.0584999471674429, "infant": 0.0519725308800648, "coronavirus infection": 0.0515379884665089, "med": 0.0459066081462895, "obstet gynecol": 0.042805055653964, "gynecol": 0.0372617859261456, "obstet": 0.0358013501866498, "intern med": 0.0357568619909638, "intern": 0.0341800875225086, "infection": 0.0338050058595424, "pediatrics": 0.029603635719665, "seroprevalence": 0.029217349472273, "pediatr": 0.0292140334887768, "ann intern": 0.0285446399214585, "2020": 0.0258812892100417, "specimens": 0.0194942481698934, "asymptomatic": 0.0178026612108123, "complicated": 0.0175873089951734, "coronavirus sars": 0.0173114799599722, "healthcare": 0.0166170309191314, "prophylaxis": 0.015973853225851, "exposure": 0.0156951028303501, "china": 0.0156149961273476, "antibodies": 0.0153337701522201, "prevent": 0.0148659979029152, "ann": 0.0146240592517393, "igg": 0.0146086747361365, "pfizer": 0.0144996146383523, "patient": 0.0136045775746156, "sars": 0.0135504239643451, "hydroxychloroquine": 0.0135499711270587, "transmission dynamics": 0.0135121136445206, "june": 0.013427892171122, "june 2020": 0.013325447235394, "bnt162b2": 0.0131454659890751, "review": 0.0129406446050208, "milk": 0.0125059966964715, "viral": 0.0123268927014107, "host": 0.0122046341766256, "labor": 0.0121830109443729, "bras": 0.0117630940036827, "maternal": 0.0116794920630234, "workers": 0.0116145286177105, "case": 0.0111836321499711, "individuals": 0.0109791460682121, "jama netw": 0.0109752385766231, "netw open": 0.0109498542280752, "wuhan china": 0.0109338066889827, "trop": 0.0108212177438744, "soc": 0.0107577672212708, "rehabil": 0.0106113329221579, "child": 0.0105811362398242, "testing": 0.0104986940063159, "cases": 0.0104875496982572, "pol": 0.0103868879759833, "brazil": 0.0103731245563876, "obstetrics gynecology": 0.0101340852333904, "specificity": 0.0101137640978461, "randomized trial": 0.0099940854265455, "breast": 0.0099608338624632, "usa": 0.0098810531076831, "breastfeeding": 0.0096742800498054, "lower": 0.0093673576758682, "health": 0.0091632846793332, "gynecology": 0.0090752064118179, "paulo": 0.0089244038420852, "adolesc health": 0.0088944234528588, "wuhan": 0.008890486842798, "path": 0.0088367356695238, "netw": 0.0087794028302726, "covid": 0.0085361553649729, "syndrome sars": 0.0084309457141485, "rates": 0.0084153905418586, "obstetrics": 0.008336993292384, "forward": 0.0083117787400801, "narrative review": 0.0082371315183393, "management": 0.0081806056033466, "dynamics": 0.0081654764774973, "birth": 0.0081518712420683, "medicina": 0.0080450103740462, "delivery": 0.0080358833898782, "rev": 0.0079903981742941, "anti": 0.0078124651852959, "phys": 0.0077849375009173, "clinical": 0.0077301937126713, "responses": 0.0076745194557614, "induced": 0.0076490708848394, "south": 0.0076321764755903, "sensitivity": 0.0076245064163342, "study": 0.0076205195618243, "test": 0.0075651610558339, "nasal": 0.0075212242976992, "adolesc": 0.0075109112623413, "narrative": 0.0073131273342098, "open": 0.0072820405667861, "estimation": 0.0071712199307073, "healthcare workers": 0.0071526962496267, "universal": 0.0071526962496267, "vaccination": 0.0071271413423195, "community": 0.0071195202915503, "rio": 0.0069833792496936, "care med": 0.0069101075576682, "assessment": 0.0068598125284539, "randomized": 0.0067499939039357, "co infection": 0.0066890384236877, "virus": 0.0066752181479226, "vaccine development": 0.0065853931775329, "clearance": 0.0065601362713724, "active": 0.0065165847070676, "lungs": 0.0064255861283949, "arch": 0.0064240754873754, "care": 0.0064038387667373, "work": 0.0063263545620497, "new": 0.0062927967007641, "setting": 0.0062674539650311, "neonates": 0.0062529983482357, "curr opin": 0.0062419032264179, "new zealand": 0.0062308568745238, "case covid": 0.0062198588656809, "zealand": 0.0062198588656809, "reprod": 0.0062089087785972, "sars cov": 0.0061904810653954, "modeling": 0.0061594362157299, "trial": 0.0061100680066451, "cov": 0.0061088564528888, "correction": 0.0060751966986286, "patients": 0.0060716260454733, "crit care": 0.0060604159085445, "description": 0.0060604159085445, "infected": 0.0060337725288596, "isolation": 0.0059657280546722, "opin": 0.0059397667718885, "shedding": 0.0058911571130159, "adults": 0.0058527988238757, "mothers": 0.0058152859615576, "according": 0.0058059611233646, "women": 0.0058008040476091, "systematic review": 0.0057431545745921, "prevalence": 0.0057368031636295, "covid 19": 0.0056965045075074, "19": 0.0056621966472029, "airborne": 0.0055919560587146, "anaesthesia": 0.0055749184272879, "crit": 0.0055749184272879, "screening": 0.0055692395101929, "studies": 0.0055692395101929, "perinatal": 0.0055328229537457, "providers": 0.0055244878183777, "health prep": 0.0054347475222135, "ke za": 0.0054003201493352, "implications": 0.0053798339438754, "systematic": 0.0053798339438754, "critically": 0.0053400352198141, "population": 0.0053339330843183, "detection": 0.0053111905627579, "challenges": 0.0052717183537719, "evidence": 0.0052605160824831, "symptomatic": 0.0052489180121162, "children": 0.0052326551905802, "pregnant women": 0.0051537988466508, "global": 0.0051448593963404, "oncol": 0.0051110832401722, "non": 0.0051017165904808, "early": 0.005011645480643, "related": 0.005006413610942, "facilities": 0.0049938556852337, "canadian medical": 0.0049252722998873, "reveals": 0.0048689992129062, "risk": 0.0048527417268828, "good": 0.0048308257040767, "hosp epidemiol": 0.0048140031403565, "control hosp": 0.0047516835668386, "mediated": 0.0047378542750698, "curr": 0.0047196657203302, "suspected": 0.0047136320055238, "france": 0.0046956172974869, "right": 0.004677730809099, "frequency": 0.0046717968252093, "expression": 0.0046190122263594, "child adolesc": 0.0046172709051775, "gen intern": 0.0046172709051775, "zhonghua": 0.0046172709051775, "identifying": 0.0045901595442145, "pregnant": 0.0045673135595118, "forum infect": 0.0045637938769831, "settings": 0.0045559679826355, "vs": 0.004544673397288, "ke": 0.0045293665041047, "tertiary": 0.004450665302703, "tests": 0.0044344346262, "disaster med": 0.0044314062286608, "frontiers": 0.0044290476123266, "biol": 0.0043863622377384, "care community": 0.0043851487165683, "protein": 0.0043758032263654, "japan": 0.0043082303174177, "scientific": 0.0043031068885083, "antibody": 0.0042776452622948, "immunity": 0.0042624912002359, "surg": 0.0042574600854231, "differences": 0.0042424268939749, "za zhi": 0.0042422083445124, "validation": 0.0041978594814277, "co": 0.0041300662102421, "zhi": 0.0040897159392043, "prep": 0.004066007301781, "identification": 0.0040362851414171, "med public": 0.0040198912817786, "retrospective": 0.0039861593615377, "oral": 0.0039816516634509, "eur": 0.0039547739632906, "medicale": 0.0039537433512039, "med case": 0.0039219310063346, "open forum": 0.0039219310063346, "server": 0.0038606251646223, "following": 0.0038457785191216, "center": 0.0038330111368271, "za": 0.0038213557028817, "syndrome associated": 0.0038021718110926, "microbes infect": 0.0037646609507655, "positive": 0.0037577397225952, "lineage": 0.0037372448703185, "infectious": 0.0036449561354264, "angiotensin converting": 0.0036166641513435, "mortality": 0.0036097534289277, "converting enzyme": 0.003600345473864, "outcomes": 0.0035865559625836, "results": 0.0035559553895455, "characteristics": 0.0035445755617542, "strategies": 0.0035070107216554, "dis covid": 0.0035066483789538, "clin infect": 0.0034991467417181,