{"br dent": 0.6329792515692026, "dent": 0.4073219677656315, "br": 0.3363094751799205, "dental": 0.2853188869062404, "british": 0.2750259909946352, "sci pollut": 0.1989531174276872, "pollut res": 0.188846628156826, "pollut": 0.1302871533145242, "environ sci": 0.1230073378333566, "res int": 0.1154749725309865, "environ": 0.0680897494462139, "sci": 0.0577237408131764, "res": 0.0567926185825258, "int": 0.0560031585350931, "covid": 0.0471561988307875, "19 pandemic": 0.0392906827610858, "covid 19": 0.0388736480089235, "19": 0.0386395269468477, "internet": 0.0384853832732687, "pandemic": 0.0350125058074433, "dentistry": 0.0275952219288288, "air": 0.0236092342961213, "egypt": 0.022676701299181, "protection": 0.0225198914934153, "special": 0.020826169613386, "patients": 0.0207167617810608, "ppe": 0.0186543980018666, "virtual": 0.0186422147614933, "help": 0.0185467009412652, "greater": 0.0173143891613895, "sectional study": 0.0167921347206291, "business": 0.0166606517773071, "non": 0.0165784485922373, "leading": 0.0161085376406159, "control": 0.0158676428052996, "digital": 0.0156146521649344, "surgical": 0.01554402410648, "new": 0.0153367211929718, "university": 0.0149799855792878, "study": 0.014858103882631, "efficiency": 0.0145854731959645, "treatments": 0.0142399928619479, "quality": 0.0142288744221711, "cross sectional": 0.0142212675001797, "sectional": 0.0142025897251509, "innovation": 0.0141653759721363, "world": 0.0140913875119514, "air quality": 0.0139147008390306, "solutions": 0.0138564432048191, "acid": 0.0134581287547699, "staff": 0.0134412909455307, "effects": 0.0130831980939659, "remote": 0.0128439504551331, "free": 0.0127668280211651, "cost": 0.0126753367917801, "environment": 0.0125999545871847, "arch": 0.012525337697373, "work": 0.0123348063762187, "going": 0.0123236212852358, "advice": 0.0122135087783658, "students": 0.0121915328233469, "foundation": 0.0120633937448091, "correction": 0.0118451114682305, "undergraduate": 0.0117762940384896, "environmental": 0.0115662275850444, "app": 0.0110209864842014, "cross": 0.0106947681014555, "success": 0.0106749745039629, "frontline": 0.0105648619970929, "infection control": 0.0104724101911778, "uncertainty": 0.0103073170739495, "testing": 0.0102349114723912, "efficient": 0.0100626359729821, "assessment": 0.0100311868176683, "forum": 0.0098295945539535, "energy": 0.0097895959616627, "policies": 0.0097895959616627, "protect": 0.0097763353301709, "approach": 0.0097510655259388, "eye": 0.0095689053996638, "educational": 0.0095058440357037, "care": 0.0093644108717132, "communities": 0.0093334714745542, "guidance": 0.0091786653919598, "clinical": 0.0090431645992574, "health": 0.0089330546668828, "hand": 0.0089051171355474, "local": 0.0082232042508125, "update": 0.0082039515724248, "uk": 0.0080525943534525, "practices": 0.0080432879872254, "times": 0.0079878179569283, "training": 0.0078697447653737, "technology": 0.0076076608883665, "india": 0.0074568859045973, "general": 0.0074158144122676, "expert opinion": 0.0073043800457434, "support": 0.0072628090360713, "partner": 0.0072516919898565, "supply chain": 0.0070838249612418, "learning": 0.0070685012463988, "pandemic world": 0.006988362228199, "minimally invasive": 0.0068517999343956, "therapy": 0.0068377922524986, "health impact": 0.0067506097325934, "students covid": 0.0067224496504522, "potential": 0.0066874578784455, "patient": 0.0066313794368949, "minimally": 0.0066129386743976, "risk perception": 0.0066129386743976, "hospital": 0.0065828318317855, "fractures": 0.0065731020215042, "high": 0.0065484471268476, "addiction": 0.0065468996308491, "factors": 0.0065143020385244, "optical": 0.0063953110685889, "management": 0.0063800525353291, "medical": 0.0063404846189941, "emergency medicine": 0.0063348166327371, "hearing": 0.0063348166327371, "response": 0.006314282415667, "poverty": 0.0063110310073299, "risk": 0.0063077537000501, "generating": 0.0062874740934008, "speech": 0.0062757800369599, "treatment": 0.0062687630406212, "governance": 0.0062641415344407, "aerosols": 0.0062525580605078, "range": 0.0062067642006116, "impact": 0.0062044602759396, "loop": 0.0061396394490139, "fit": 0.0061067543891829, "navigating": 0.0061067543891829, "factors affecting": 0.0060316968724045, "vertical": 0.0060316968724045, "parallel": 0.0060106675572518, "rapid review": 0.0060106675572518, "infection": 0.0059919356218443, "health covid": 0.0059486414550965, "new normal": 0.0059283102166469, "published": 0.0058782082625196, "seeking": 0.0058584508959822, "referral": 0.0058388515900698, "accurate": 0.0058194078358439, "metropolitan": 0.0058001171836332, "waste": 0.0057905285210101, "operating": 0.0057619856718698, "concentration": 0.0057058786355867, "solid": 0.0056782997307717, "medical students": 0.0056151312176968, "aid": 0.0055885497615647, "disinfection": 0.0055885497615647, "sites": 0.00556225362174, "confinement": 0.0055448783703791, "complete": 0.0055104932421007, "far": 0.0055019718416041, "english": 0.0054934799780836, "art": 0.0054101420049627, "contemporary": 0.0054101420049627, "contamination": 0.0054019620301754, "address": 0.0053938092766524, "risk assessment": 0.0053614668904691, "controlling": 0.0053534475701409, "ecological": 0.0053295459154565, "paradigm": 0.0053216302375757, "green": 0.0053058751982444, "financial": 0.0052980355110016, "industry": 0.0052902208307781, "reduces": 0.0052746658567911, "arabia": 0.0052438490960891, "saudi arabia": 0.0052438490960891, "affecting": 0.0052134151621981, "3d": 0.0052058653868157, "cities": 0.0052058653868157, "demographic": 0.0051983388058642, "sustainable": 0.0051610488900082, "triage": 0.0051389443775918, "restrictions": 0.0051097785548846, "behaviors": 0.0051025410306466, "trust": 0.0050881298116047, "options": 0.0050738028691793, "professional": 0.0050243082530313, "adherence": 0.0049895573133136, "student": 0.0049895573133136, "supply": 0.004982665887749, "equipment": 0.0049484965727338, "problem": 0.0049484965727338, "management covid": 0.0049147972769767, "situation": 0.0048422511906313, "commentary": 0.0048228331219509, "introduction": 0.0048163944844137, "building": 0.0047654856360152, "view": 0.0047217919907121, "machine learning": 0.0047033020903219, "nationwide": 0.004697169671168, "tissue": 0.004691052563938, "standard": 0.0046667357372771, "procedures": 0.0046486552111334, "southern": 0.0046486552111334, "19 related": 0.0046366752353163, "response covid": 0.004624753556449, "perception": 0.0045952007231512, "chain": 0.0045893326959799, "matter": 0.0045718124770481, "aerosol": 0.0045660001370198, "confirmed": 0.0045486453997047, "expert": 0.0045428876998213, "machine": 0.0045256953473523, "opinion": 0.004519991269868, "normal": 0.0045143004422852, "enhanced": 0.0045086228031907, "preventive": 0.0045029582915971, "invasive": 0.0044748305409154, "obesity": 0.004463669245197, "saudi": 0.004463669245197, "brazilian": 0.00445810760791, "iran": 0.00445810760791, "technique": 0.00445810760791, "oncology": 0.004441498051593, "deep": 0.0044250003449884, "advanced": 0.0043125261598309, "end": 0.0042813168183777, "loss": 0.0042658599836809, "index": 0.0042454014082333, "antibody": 0.0041701682650759, "viruses": 0.0041455953391784, "services": 0.0041309690260466, "psychological": 0.004121266438423, "major": 0.0041164295164712, "course": 0.004078074131528, "reduce": 0.0040685783825361, "assessing": 0.0040449987955776, "years": 0.0040356301410524, "guidelines": 0.0040309592146179, "co": 0.0040262971767262, "developing": 0.0039710339273743, "molecular": 0.0039710339273743, "nursing": 0.0039619433782696, "models": 0.0039574107217079, "prediction": 0.0039080972509016, "challenge": 0.0038904083641438, "oral": 0.0038816115856699, "countries": 0.0038772250130158, "features": 0.0038684753602414, "tool": 0.0038209029883448, "epidemiological": 0.0038123518446798, "information": 0.0038080874394729, "need": 0.0038080874394729, "knowledge": 0.0037868760500626, "effective": 0.0037826557214172, "effectiveness": 0.0037826557214172,