{"fortschr med": 0.502409938845127, "mmw fortschr": 0.502409938845127, "mmw": 0.4873032518079605, "fortschr": 0.4553119983712052, "survey": 0.1656000882723177, "med": 0.1515639877414125}