{"conf": 0.5134310238860038, "dengue": 0.4059531884256184, "proc": 0.386442184734392, "epidemics": 0.3512930981487975, "simple": 0.3499444889737669, "models": 0.30098872831793, "insights": 0.2929007163385198}