{"coronavirus sars": 0.4256009451246602, "syndrome coronavirus": 0.3850586853301553, "respiratory syndrome": 0.3474161927355434, "severe acute": 0.3318426314416238, "acute respiratory": 0.2793258140899853, "syndrome": 0.2130482756551368, "acute": 0.2104474791907358, "severe": 0.2050500808588004, "respiratory": 0.2019565111178277, "sars cov": 0.2000804430518377, "sars": 0.1978392517471135, "cov": 0.1974422815807443, "coronavirus": 0.1894188607077147, "phylogenetic": 0.0378133775727123, "jurnal": 0.0306604531943714, "molecular": 0.0302157394228889, "spike glycoprotein": 0.02600308023189, "development": 0.0250707755943536, "spike": 0.0248495501976661, "antiviral": 0.0246283441848096, "genomic": 0.0230359668656849, "analysis": 0.0227499391578007, "ischemic stroke": 0.0221535976593471, "innate": 0.0212649980329914, "glycoprotein": 0.0211813411211625, "gene": 0.0203967925854151, "infection": 0.0195397940651065, "ischemic": 0.0189456628327702, "assay": 0.018487267780655, "immunity": 0.018067742326545, "plos": 0.0173655980035265, "origin": 0.0172514913570656, "identification": 0.0171089056764621, "immune": 0.0168964337598686, "molecular biology": 0.0167590295766217, "new": 0.0166710944318847, "carotid": 0.0160364585196596, "drug": 0.0159982948629757, "analyses": 0.0159188266068869, "molecular docking": 0.0154713238035651, "current": 0.0151213517551302, "acad dermatol": 0.0150919583927215, "cov infection": 0.0150813923576616, "animal": 0.0150234296215732, "microbiol": 0.0150042017853844, "stroke": 0.0149658843878074, "translational medicine": 0.0147690651062314, "biology": 0.014702688188174, "microscopy": 0.014675894659471, "occlusion": 0.0145843260764958, "technique": 0.0145379573607355, "inactivation": 0.0144646332179596, "docking": 0.0143187033208817, "addiction": 0.0142330268130548, "epilepsy": 0.0141487067186673, "life sci": 0.014120894080775, "protein": 0.0139110349062875, "medical": 0.0137842784643698, "alternative": 0.0137125361965383, "modulation": 0.0136183078170853, "particles": 0.013593125226184, "continuing": 0.0135431144544875, "wave": 0.0134553176151516, "royal": 0.013205601043381, "thrombotic": 0.0131359777244706, "version": 0.0130900627155183, "candidate": 0.013067252796058, "health": 0.0129470348577537, "bayesian": 0.0129324074150587, "medical sciences": 0.0129324074150587, "new coronavirus": 0.0128443705668195, "thermal": 0.012757765275652, "nerve": 0.012693723124656, "understanding": 0.0126009292944333, "rapidly": 0.012567903697759, "ai": 0.0125060913051037, "possible": 0.0124740026022676, "tool": 0.0124600233124715, "cell": 0.0124321379016825, "silico": 0.0123446817390959, "sequencing": 0.0122853923544583, "cov pandemic": 0.0122267557102501, "profiling": 0.0120923963101859, "length": 0.011998458988878, "genome": 0.0119613431031121, "sexual": 0.0119428817048939, "mortality covid": 0.0118878783790201, "optimizing": 0.0118878783790201, "smoking": 0.0118154132060342, "sci": 0.0117648753188901, "peripheral": 0.0116210726134311, "revista": 0.0116037519215698, "construction": 0.0115350269931571, "insight": 0.0113835634768247, "consumption": 0.011301241775355, "evidence": 0.0111490727626241, "therapy": 0.0111490727626241, "conf ser": 0.01110782513377, "nigeria": 0.0110929764314238, "experience": 0.0110314099277318, "indonesia": 0.0109995335425009, "transmission": 0.0109154548866922, "potential": 0.0109039514115873, "dermatol": 0.0108025284252996, "sensitivity": 0.0107728564373959, "nutr": 0.0107580822030863, "translational": 0.0107580822030863, "iop": 0.0106435126440663, "vascular": 0.0106413409146191, "evaluation": 0.0106105311252725, "mol": 0.0105129947510869, "research": 0.0104351789648853, "acad": 0.0104014491442063, "combination": 0.0103465403274408, "response": 0.0102954859545937, "review": 0.0102848408336582, "professionals": 0.0100284692305543, "revista brasileira": 0.0099448224331155, "receptor": 0.009826507288376, "structural": 0.0095962187377532, "teaching": 0.0095372357644835, "brasileira de": 0.0095284644008038, "pandemic": 0.0095146932526928, "characterization": 0.0094097276322729, "mechanisms": 0.0093076265877088, "cov vaccination": 0.0092619367434881, "environ": 0.0092517382674122, "living": 0.0092074460532911, "old": 0.0090875081528623, "covid 19": 0.0090548259311904, "covid": 0.0090457110847025, "brain": 0.0090445554357689, "surg": 0.0090232082807253, "19": 0.00900029218989, "service": 0.0089596754233744, "major": 0.0089491599055392, "inflammatory": 0.0089281909491102, "meta": 0.0088968914973104, "food": 0.0087735012362977, "co": 0.0087532112763181, "evolution": 0.0086628510082076, "delivery": 0.0085155759644996, "prediction": 0.0084962434276535, "digital": 0.0084866034104455, "cov antibodies": 0.0084486889119723, "design": 0.0083816990548283, "mol biol": 0.0083795147883108, "environ sci": 0.0083568503619207, "sciences": 0.008316001734845, "cardiothorac": 0.0083120920978112, "amp": 0.008288091934455, "method": 0.008288091934455, "anti": 0.0082788210738838, "extracorporeal membrane": 0.0082463343364228, "membrane oxygenation": 0.0082463343364228, "systems": 0.0081961015984564, "epidemiology": 0.008186989349778, "brasileira": 0.0081611093345385, "status": 0.0081146472114322, "care professionals": 0.0080989340428337, "public health": 0.0080877702424377, "diagnostic": 0.0080255797837702, "positive": 0.0079641071205395, "de": 0.007877501829372, "ser": 0.0078081304286541, "activity": 0.0077669800588588, "res": 0.0077167333838048, "mortality": 0.0076504667989247, "cov transmission": 0.0076305276952497, "life": 0.0076176401430631, "retrieval": 0.0075794771729676, "rapid": 0.0075606758775651, "diagnosis": 0.0074644182928159, "isolates": 0.0074479415969977, "terminal": 0.0074479415969977, "earth": 0.0074319472304397, "derivatives": 0.0073689134231409, "spike protein": 0.0073533853673279, "conf": 0.0073379473297355, "health professionals": 0.0073073371763214, "epidemic": 0.0072923410983436, "association": 0.0072463600238101, "patient": 0.0072083433880766, "sequences": 0.0072028902982288, "indonesian": 0.0071882981848601, "los": 0.0071593516604408, "obstetrics gynecology": 0.0071593516604408, "chloroquine hydroxychloroquine": 0.0071449955392764, "public": 0.0071405898631308, "anti inflammatory": 0.0071023857658253, "related": 0.0070736874168483, "approach": 0.0070663054225226, "medicine": 0.0070515720575164, "effect": 0.0070368793363273, "extracorporeal": 0.0069785004508669, "obstet gynecol": 0.0069785004508669, "vaccine development": 0.0069785004508669, "lombardy": 0.0069120866840492, "clin microbiol": 0.0068859781021142, "associated": 0.0068778792288783, "northern italy": 0.0068091539085426, "low cost": 0.006796562613092, "revealed": 0.0067222400025166, "year old": 0.0067222400025166, "based": 0.006682147196162, "dilemma": 0.0066499354517558, "mutations": 0.0066380732761216, "obstetric": 0.0066145062725236, "cytokine storm": 0.0065911459996902, "myocarditis": 0.0065450313577591, "identified": 0.006533626398029, "swab": 0.0065222700736693, "disease": 0.0064801214074704, "labor": 0.0064551307018599, "injection": 0.0064441035472769, "patients": 0.0064340645962318, "oxygenation": 0.0064221852834097, "gynecology": 0.0064112934317165, "provision": 0.0064112934317165, "replication": 0.0064112934317165, "involved": 0.006378882637826, "emerg med": 0.0063574925306445, "extraction": 0.0063152209442567, "mutation": 0.0062839518488795, "notes": 0.0062633079158359, "questionnaire": 0.0062023192802338, "immunological": 0.0061922889330589, "interdisciplinary": 0.0061922889330589, "scand": 0.0061822962232976, "second wave": 0.0061822962232976, "elevated": 0.0061426961772291, "despite": 0.0061231148093973, "discussion": 0.006113377855125, "neurosci": 0.0061036763725316, "gynecol": 0.006074782193669, "rt pcr": 0.006074782193669, "analysis covid": 0.0060556921188977, "nasopharyngeal": 0.0060556921188977, "fetal": 0.0060179176695652, "genes": 0.005999229494439, "hope": 0.005999229494439, "detect": 0.0059622420383723, "prospects": 0.0059167186387808,