{"zhonghua": 0.5230588951450632, "za zhi": 0.3003566467108987, "xue za": 0.29518680397707, "zhi": 0.2895598862060817, "zhi zhonghua": 0.2741606620127799, "za": 0.2705594566782248, "xue": 0.2487756668675158, "yi": 0.2142350735027592, "zazhi": 0.2122823747307173, "yi xue": 0.2010030195920112, "chinese": 0.1294998402864462, "respiratory syndrome": 0.1067224156815203, "severe acute": 0.1055790465059936, "respiratory": 0.1008130641782105, "acute respiratory": 0.0858058037167611, "syndrome": 0.081807595292508, "acute": 0.0703037650732928, "bing": 0.0700763678972112, "preventive": 0.0654070196821227, "severe": 0.0652387305663511, "respiratory diseases": 0.0526666615582848, "clinical": 0.051082530964544, "medicine": 0.0471140892003476, "du": 0.0468065108503953, "patients": 0.0429882997486421, "virology": 0.0367975682203531, "health": 0.0360432485948304, "tuberculosis": 0.0329517858013417, "health care": 0.029514368691797, "infection": 0.0290116427004091, "experimental": 0.0289731004359545, "care workers": 0.0286059531913128, "genetics": 0.0279902283277121, "workers": 0.0274110446371315, "patients severe": 0.0264757304131935, "diseases": 0.0242844070916161, "oncol": 0.0241249792310681, "airway": 0.0235716498886752, "management": 0.0231681149773228, "control": 0.0230482975427917, "medical": 0.0230244305750413, "care": 0.0226702153907945, "province": 0.0225077725353276, "analysis": 0.0217143608756535, "staff": 0.0216932643558651, "covid 19": 0.0201661829511711, "covid": 0.0201458830952441, "19": 0.0200447297711284, "safe": 0.019337634376234, "oral": 0.0187939149437261, "corona": 0.0187091868606767, "19 patients": 0.0184792577353775, "method": 0.0184585744150657, "tract infections": 0.0180830961085494, "prevalence": 0.018052305897047, "care professionals": 0.0180372971118816, "general": 0.0179528763023516, "pneumoniae": 0.0169559587890425, "19 sars": 0.0163083042751986, "marketing": 0.0160743777053722, "disease patients": 0.0159768805959458, "respiratory infection": 0.0158493285703203, "industrial": 0.014679272367874, "early stage": 0.0144010109036336, "respiratory tract": 0.0144010109036336, "study": 0.0143879383308784, "undergraduate": 0.0142545604851833, "nosocomial": 0.0142065364122948, "clinical features": 0.0135292682639059, "13": 0.012960111550105, "peripheral": 0.0129407609926569, "clinical trials": 0.0128070465234367, "annual": 0.012750650466846, "significance": 0.0126394420725235, "clinical characteristics": 0.0125664449590924, "uncertainty": 0.0124764441334737, "reflections": 0.0124054140558012, "immunization": 0.0123702154919762, "variant": 0.0123004389154383, "perceived": 0.0122831222882559, "retrospective study": 0.0122486399783532, "one": 0.0122314737128333, "relation": 0.0121633012312636, "gastroenterology": 0.011930685511392, "policies": 0.0118497710149674, "optimal": 0.0117858249443376, "tract": 0.0117858249443376, "social distancing": 0.0115519862240293, "gene": 0.0113565256256807, "predictive": 0.0112538862676638, "professionals": 0.0111673016555141, "lower": 0.0110537873656648, "confirmed": 0.0110117734431261, "genetic": 0.0109011699470204, "distancing": 0.0108330757363808, "affected": 0.0107925913430333, "hospitalized": 0.0107925913430333, "reviews": 0.0107124422774152, "stage": 0.0105038602334061, "ct": 0.0104655547788534, "trials": 0.0104274951363969, "caused": 0.0102653352397843, "hospitals": 0.0101074912713626, "reply": 0.0100835761559083, "comprehensive": 0.0100478833264388, "behavior": 0.0099888685052314, "work": 0.0099537394355225, "students": 0.0098381228972656, "brazil": 0.0097925000523256, "key": 0.0097472254767728, "practices": 0.0097359606289482, "retrospective": 0.0094075959331848, "education": 0.0093651561056087, "features": 0.0093651561056087, "group": 0.0092396288676887, "region": 0.0092396288676887, "information": 0.0092189635485352, "stress": 0.0091676130927234, "vaccines": 0.0091268504539396, "type": 0.009106573714201, "university": 0.0090662270239355, "blood": 0.0090561830916508, "measures": 0.0089764381511758, "investigation": 0.0089566683308815, "surveillance": 0.00889775121794, "support": 0.0087912335033961, "strategy": 0.0086960317707796, "level": 0.0086865951091282, "social": 0.0086396357141888, "perspective": 0.0084826989468697, "implications": 0.0084645058632891, "changes": 0.0084554302064353, "characteristics": 0.0083654293808166, "diagnosis": 0.0083120772315721, "strategies": 0.008276773909499, "infections": 0.0082679808158251, "children": 0.0082329382288202, "china": 0.0081894241627811, "online": 0.0081548413207938, "epidemic": 0.0081204589601761, "outbreak": 0.0080184918538569, "public": 0.0079514748628769, "effects": 0.0079182482180103, "early": 0.0078852066807606, "system": 0.0077629149132152, "risk": 0.0076351912026931, "impact": 0.0075101601566872, "new": 0.0074257052065812, "sars cov": 0.0073049694220961, "disease": 0.0072160036450126, "cov": 0.007208649718966, "coronavirus": 0.0071501442818243, "sars": 0.0071066408550167}