{"coloproctology": 0.5576157684810904, "britain": 0.4411402125781684, "colorectal": 0.352564262186785, "ireland": 0.322453394485546, "great": 0.3089444048594442, "official": 0.21536689358328, "association": 0.1822263644791831, "disease": 0.1629575347604905, "laparoscopic": 0.1171685640251978, "video": 0.0727149524626504, "rectal": 0.0657611686578248, "reconstruction": 0.0494456619766068, "hernias": 0.0460360653317302, "dissection": 0.0443008164722724, "abdominal wall": 0.0437502658285591, "surgery": 0.0419999376527069, "bowel": 0.0403066743106932, "oto": 0.0369849205207744, "rhino": 0.0357079368350341, "single": 0.0334526039120369, "hernia": 0.033440773894705, "wall": 0.0292484033937813, "resection": 0.0288063085777709, "small": 0.0280321232137164, "abdominal": 0.0262508769314581, "external": 0.0262078655684326, "anal": 0.024172895382711, "hernia repair": 0.0238361852319953, "single incision": 0.0232776477287271, "en": 0.0226690863071662, "single port": 0.0225324467562609, "follow up": 0.0214276486224658, "right": 0.0207757007036144, "technique": 0.0203105736159293, "assisted": 0.0202097924807095, "sars": 0.0200609771546145, "follow": 0.0199372466775336, "incision": 0.0198229648183486, "cell therapy": 0.0181640880553524, "up": 0.0181330972561418, "cov antibodies": 0.0177051404657598, "laparoscopy": 0.0176080820637838, "angiography": 0.0173725738092338, "mesh": 0.0173725738092338, "amp": 0.0173685921474413, "following": 0.0170806629851898, "systematic review": 0.017005119990263, "fistula": 0.0161735859730081, "systematic": 0.0159293504214606, "cancer": 0.0158442132055163, "european society": 0.0157097451630701, "global": 0.0152336055440428, "posterior": 0.0152184559137295, "randomised controlled": 0.0150944348665606, "docking": 0.0150031949468813, "anatomy": 0.0147380978428649, "role": 0.014715835479135, "stem cell": 0.0145960871918561, "colorectal cancer": 0.0144850244727534, "review": 0.0143686634715485, "robot": 0.0143492338940944, "prospective observational": 0.0140871802393447, "port": 0.0140362144289938, "september": 0.0138860515370446, "mri": 0.0137639303085992, "sars cov": 0.0137472192260267, "bilateral": 0.013691920052113, "robotic": 0.0136681216474069, "cov": 0.0135659552126949, "study": 0.0135383278844979, "23": 0.0135274238396106, "base": 0.0135274238396106, "extraction": 0.0132342278258025, "repair": 0.0130611684565953, "complicated": 0.013018729336133, "applying": 0.0127504731606599, "carcinoma": 0.0126704615041563, "covid 19": 0.0126502440536504, "covid": 0.0126375099565557, "controlled trial": 0.0125915807923851, "19": 0.0125740564889362, "randomised": 0.0125525546372171, "balance": 0.0123426567623836, "materials": 0.0121584579478416, "21": 0.0121223366732178, "paradigm": 0.0121223366732178, "annual": 0.0119977221747133, "formation": 0.0119451561586321, "stem": 0.0115740956995243, "changing": 0.0110155581962561, "conference": 0.0109568132596512, "selection": 0.010812600649946, "standard": 0.0106305284746693, "observational study": 0.0106167659092569, "procedures": 0.0105893421811169, "19 era": 0.0104010591566633, "lower": 0.0104010591566633, "preventing": 0.0102445801920656, "invasive": 0.0101933805903217, "cohort study": 0.0100054598912989, "risks": 0.0098595504704788, "elderly": 0.0097880018308875, "antibodies": 0.0097290707928255, "observational": 0.0097056715239689, "advances": 0.0096591652761141, "survival": 0.0096130433818085, "scientific": 0.0095559219266541, "risk factors": 0.0095445674620121, "controlled": 0.0095219276035933, "antibody": 0.0094993792195994, "central": 0.0094322755961303, "impact covid": 0.0093004414944287, "safe": 0.0090978717268386, "prospective": 0.0090665486280709, "trial": 0.0090457638090864, "pulmonary": 0.0088621038818996, "preliminary": 0.0088320730429047, "cohort": 0.0087626232183989, "italy": 0.0087429381276308, "possible": 0.0087135400748565, "cell": 0.0086842960737206, "year": 0.0086745820287154, "effective": 0.0086166501855232, "type": 0.0085688288350952, "era": 0.0082540781097213, "large": 0.008191423045632, "open": 0.0080856242856494, "society": 0.0080421266574413, "european": 0.007913631707513, "therapy": 0.0077880288638833, "report": 0.0077140020496224, "experience": 0.0077058371360278, "syndrome": 0.0076976841507261, "factors": 0.0074195837531542, "related": 0.0074118381343585, "acute": 0.0073502571790696, "2020": 0.0071843317357742, "risk": 0.0071843317357742, "treatment": 0.0071399226092842, "case": 0.0070958640848177, "impact": 0.0070666837963932, "based": 0.0070015807158718, "analysis": 0.0068107079364293, "patients": 0.0067416387695746}