{"innov": 0.6534202858928226, "care": 0.5106387315361839, "covid 19": 0.2137582447661122, "covid": 0.2135430696096398, "19": 0.2124708608992672, "health": 0.2005775870588034, "health care": 0.1564237432094712, "intellectual": 0.0677030967999215, "critical": 0.0670038431295122, "experience covid": 0.0648245103960482, "19 pandemic": 0.0630150014747859, "disabilities": 0.0616595609806428, "leaders": 0.0616595609806428, "converting": 0.0609592582366315, "insurance": 0.05994632854742, "racism": 0.0574404186272477, "patients": 0.0569586193009297, "complexity": 0.0561866400433819, "pandemic": 0.0561535954594599, "rapidly": 0.0556297214167424, "clinicians": 0.0550856559127252, "equity": 0.0511335482740245, "era covid": 0.0488246585932233, "fear": 0.0483483772322926, "management covid": 0.0472945649033674, "addressing": 0.0470383110159801, "transition": 0.0465340110270675, "outpatient": 0.0459792765969852, "intelligence": 0.0442757246540834, "australia": 0.0438266610666478, "affected": 0.0428998894005637, "individuals": 0.0411986506721586, "unit": 0.0402243332757434, "small": 0.0394728712335414, "impact covid": 0.039288689628587, "practices": 0.0386998470445869, "times": 0.0384329559807006, "crisis": 0.0373101187473262, "united states": 0.0373101187473262, "insights": 0.037058424625056, "systems": 0.0362786714149273, "virtual": 0.0358784049999434, "public health": 0.035799160805923, "south": 0.035799160805923, "states": 0.0352904661622258, "united": 0.0349064979755408, "era": 0.0348684428816864, "quality": 0.0342307315509047, "science": 0.0341568282755763, "learning": 0.0340097131303226, "safety": 0.0336458922443987, "survey": 0.0336098170644079, "emergency": 0.0333588247641203, "population": 0.0333588247641203, "evidence": 0.032899669229131, "experience": 0.0325524593372471, "patient": 0.0319065250815394, "public": 0.0316066254476481, "early": 0.0313432134835323, "management": 0.0306972792278247, "impact": 0.0298524265268671, "new": 0.0295167232741708}