{"abstract": 0.6076873026526843, "rheumatol": 0.5276579047370269, "arthritis": 0.5153341096059479, "2020": 0.2944894450398529}