{"natl med": 0.6063399204836066, "natl": 0.4374743643510927, "bull": 0.396579849099453, "acad": 0.3222435723023373, "med": 0.2153019585496526, "pour": 0.137005754486235, "les": 0.1222350896058002, "le": 0.111888979937439, "du": 0.1066141884944672, "covid": 0.1048858710920478, "covid 19": 0.1017105723885623, "19": 0.1010980086480438, "la": 0.0657631354438949, "de": 0.0642237010773943, "la covid": 0.060827130489395, "mmwr": 0.0474997089915415, "med covid": 0.0431218607660164, "health": 0.0387033506310712, "sars": 0.0346869667998412, "2003": 0.0296623016399457, "morbidity mortality": 0.0289667946267696, "sars cov": 0.0285239946115171, "des": 0.0282669800265208, "cov": 0.0281478913680518, "par": 0.0279416966754645, "un": 0.0278301648490844, "respiratory syndrome": 0.0260451946641607, "severe acute": 0.025766159818862, "weekly": 0.0251899521043111, "syndrome": 0.023957794404789, "morbidity": 0.0239138674341436, "sleep": 0.0230413672344812, "sequelae": 0.0225840322892057, "risk": 0.0223600682089878, "patients": 0.0209822580961039, "acute respiratory": 0.0209405760434336, "tests": 0.0204326268098802, "vaccine": 0.0199015762807733, "update": 0.0193878756702452, "worldwide": 0.0191202683343932, "containment": 0.0179354005756077, "manage": 0.0177363193237407, "en": 0.0176384643243732, "variants": 0.0176384643243732, "une": 0.0174322729991461, "de la": 0.016896189201099, "mortality": 0.0166327279363163, "report": 0.0160057208137109, "severe": 0.0159212610246187, "increased risk": 0.0157236359124347, "non": 0.0156715162089553, "allergic": 0.0153499776965295, "acute": 0.0152509895071807, "respiratory": 0.0151403324189972, "medical": 0.0149840630331544, "patients chronic": 0.0145881909955013, "19 patients": 0.0135293751146914, "risk covid": 0.0131862744619872, "innovations": 0.0129226001507547, "children adolescents": 0.0128048396258751, "criteria": 0.0125390365554042, "future": 0.0122755027253288, "convalescent": 0.0121793126251027, "on": 0.0116306675219133, "follow up": 0.0111150139492856, "rna": 0.0110429122344691, "adolescents": 0.0109013478989918, "19 epidemic": 0.0107631625119801, "internal": 0.0107087987991914, "follow": 0.0103419081970009, "complications": 0.0102662248595068, "maladies": 0.0101378550815658, "issues": 0.0101299905063379, "antibody": 0.009855092772494, "dans": 0.0098047470422513, "syndrome sars": 0.0097118562992084, "health care": 0.009603824064623, "increased": 0.0095703897491465, "int health": 0.0095345654089026, "up": 0.00940605441581, "face": 0.0093202796192175, "psychiatry covid": 0.0092612638702104, "conditions": 0.009162798662852, "united states": 0.009162798662852, "adults": 0.00898934995794, "chronic": 0.0089194132143407, "public health": 0.0087917303342071, "general": 0.0087626606854873, "states": 0.0086668026535252, "united": 0.0085725058968903, "pfizer": 0.0083512679677952, "vaccination": 0.0082099653926837, "19 public": 0.0081313004357318, "challenges": 0.0080968648654782, "children": 0.0080368675112275, "health research": 0.0079766427823504, "epidemic": 0.0079270669813647, "outbreak": 0.0078275282624755, "antibody response": 0.0077668964544543, "public": 0.0077621073079465, "june 2020": 0.0076749888482647, "post pandemic": 0.0076301066091153, "19 medical": 0.0076152991781762, "noninvasive": 0.0075280107630685, "2020": 0.0074533560696626, "care": 0.007376771713935, "19 health": 0.0073609540454297, "december": 0.0073474582334019, "22": 0.0073206539082234, "cytokines": 0.0073073442459874, "portugal": 0.0072940954977506, "port": 0.007280907108485, "study int": 0.0072287463020338, "breathing": 0.0071522260819966, "study": 0.0070226419117414, "care workers": 0.0069811727429875, "coronavirus": 0.0069798607352624, "nosocomial": 0.006934101032081, "pandemic": 0.0068952352158775, "qualitative study": 0.0067641003471158, "second wave": 0.0067204037221806, "discussion": 0.0066454866943862, "medicines": 0.0066244331729566, "responding": 0.0066035316638376, "caring": 0.0065519287566789, "confinement": 0.0065519287566789, "ncov": 0.0065112986660401, "well being": 0.0064811960054942, "being": 0.0064712309476787, "exploratory": 0.0064712309476787, "providers": 0.0063638212886099, "older adults": 0.0063257306543553, "impairment": 0.0063068716532141, "21": 0.0062881347176603, "january": 0.0062418161865257, "june": 0.006187194821969, "first": 0.0061513448723213, "plus": 0.0061424513278859, "enhance": 0.006046384259651, "il": 0.0059952974084845, "effects covid": 0.0059534030964542, "past": 0.0059368136731923, "erratum": 0.0058472332180308, "well": 0.0058312395506253, "reproductive": 0.0058153337609566, "tracing": 0.0057759474875824, "concept": 0.0057370899050025, "coronavirus covid": 0.0057140232774857, "taiwan": 0.0056987470075404, "ethics": 0.0056835509283578, "factors associated": 0.0056533960053041, "classification": 0.0056384355253054, "mental health": 0.0056087445323422, "treatments": 0.0056087445323422, "comparing": 0.005601369123418, "cross sectional": 0.005601369123418, "sectional": 0.0055940124576117, "comment": 0.005586674439901, "cognitive": 0.0055142995092959, "cov infection": 0.0054646926037044, "important": 0.0054436899981306, "curr": 0.0054367228553288, "aerosol": 0.0053952684986839, "psychiatry": 0.00538158125599, "confirmed": 0.0053747618266013, "tuberculosis": 0.0053611709732958, "19 vaccine": 0.005294157646653, "staff": 0.005294157646653, "qualitative": 0.00526122388488, "dose": 0.0052546818562499, "ventilation": 0.0052351440108584, "pcr": 0.0052221916561998, "elderly": 0.0050772615699831, "masks": 0.0050711219145813, "older": 0.0050711219145813, "systemic": 0.00503455494706, "environ": 0.0050285051090445, "mental": 0.0049924692108846, "pandemics": 0.004950986566437, "pregnancy": 0.0049392427513985, "policy": 0.0048869773037487, "wave": 0.0048754898028138, "rep": 0.0048697631017636, "communication": 0.0048075059402102, "brazil": 0.0047796438729935, "second": 0.004746559553611, "city": 0.0046815040869226, "immune": 0.0045917751362142, "preliminary": 0.004581399331426, "perspectives": 0.0045249877840797, "sciences": 0.0045199135558974, "amp": 0.0045047440202061, "epidemiological": 0.0045047440202061, "anti": 0.0044997051217418, "laboratory": 0.0044597066071703, "workers": 0.0044597066071703, "women": 0.0044547454295433, "age": 0.0044153591561691, "status": 0.0044104733382383, "india": 0.0044055957525236, "induced": 0.0044055957525236, "drug": 0.0043476968937738, "surveillance": 0.004342923856523, "positive": 0.0043286517827327, "lessons": 0.0042909333802437, "screening": 0.0042769147260351, "self": 0.004262963631868, "cross": 0.0042123772599631, "int": 0.0041358966820519, "practice": 0.0041358966820519, "survey": 0.0041270303766927, "results": 0.0040962104276993, "characteristics": 0.0040831016667173, "post": 0.0040570608934842, "cases": 0.004026973131826, "china": 0.0039971948750397, "transmission": 0.0039551789497124, "diseases": 0.0039510107035829, "19 pandemic": 0.0038688818920883, "effects": 0.00386483598446, "factors": 0.0038487086645493, "research": 0.0037811525590853, "management": 0.0037693928417483, "associated": 0.003738265160789, "response": 0.0037305352591685, "use": 0.0036960038783029, "case": 0.0036807878304618, "infection": 0.0035400898528858}