{"neuroradiology": 0.5526930232212655, "reactions weekly": 0.3391022049315266, "label use": 0.2638759956374029, "weekly": 0.2363426301062212, "interventional": 0.2352351827684237, "reactions": 0.2171042585857237, "report reactions": 0.2135381131944375, "label": 0.1850141564103255, "procedures": 0.1821773301289723, "off label": 0.1763504332063533, "surgical": 0.1562973005661679, "related": 0.1342232257352365, "reports reactions": 0.1326152474683303, "case": 0.1285011557966895, "off": 0.1244093164077836, "case report": 0.1142459178908148, "use": 0.0967742760653865, "report": 0.0942942625392017, "case reports": 0.0750432108785244, "aneurysms": 0.0742288721881656, "embolization": 0.0641255521863991, "hydroxychloroquine": 0.0635736817930256, "artery": 0.0612812496563441, "aneurysm": 0.0588497890685056, "following": 0.0541308090316565, "reports": 0.0533001643273153, "carotid": 0.0532510678492043, "treatment": 0.0517196099939396, "azithromycin": 0.0493327383555897, "cerebral": 0.0489576837715928, "intracranial": 0.0486312083148486, "thrombectomy": 0.0464571173098757, "endovascular": 0.046168218211434, "angiography": 0.039325651304861, "official society": 0.0335911602146592, "drugs": 0.033295438928305, "interventions": 0.0332184385261663, "clin exp": 0.0324212394305803, "covid 19": 0.0314994773510137, "covid": 0.0314677690771401, "19": 0.0313097680885705, "ophthalmol": 0.0286367769906486, "stent": 0.0285114469472055, "ritonavir": 0.028264939834791, "multiple": 0.0269159022859834, "flow": 0.0269134065330919, "sodium": 0.0259369915444642, "exp": 0.0249689752836114, "acute": 0.0232939065678402, "drug": 0.0227675745643366, "single": 0.0227176258013967, "tocilizumab": 0.0224197477277731, "arch": 0.0215288877750142, "cardiac": 0.0214019232570829, "pipeline": 0.0205849822219379, "heparin": 0.0202151665403214, "clin": 0.0196583190823337, "dexamethasone": 0.0196362809045154, "harm": 0.0186613974611675, "society": 0.0182046639808759, "selective": 0.0179746985500781, "interval": 0.0178562630479811, "arterial": 0.0174836499063148, "experience": 0.0174434178580039, "cardiovascular": 0.0173257130358836, "ocular": 0.0169962144127307, "official": 0.0162506017678001, "analysis": 0.0154171470726412, "induced": 0.0153805155919905, "thrombolysis": 0.0151027084883556, "liver injury": 0.0150294732169232, "fistula": 0.0146446187953024, "lopinavir ritonavir": 0.014611042955631, "inhibitors": 0.0144010213437602, "stroke": 0.0141988835534884, "therapy": 0.0141035777803049, "lopinavir": 0.0138656730152472, "occlusion": 0.013836880086751, "kinase": 0.0137233214812919, "catheter": 0.0133188540508767, "wall": 0.0132417052961536, "hemorrhage": 0.0130908539363436, "center experience": 0.0130661441302389, "review": 0.0130103243331434, "thrombocytopenia": 0.0128490305088483, "bleeding": 0.0128254726793311, "middle": 0.0128108955591008, "anterior": 0.0126408623666791, "use covid": 0.0124409316407783, "infection": 0.012358920390771, "elevated": 0.0116557666042098, "center": 0.0115609506909701, "efficacy": 0.0113963053988349, "single center": 0.0110585204279392, "controlling": 0.011041979839425, "safety": 0.0108176040073177, "fatal": 0.0108159228686494, "review meta": 0.0106911475099072, "meeting": 0.0105244619382265, "technical": 0.0104799405464413, "vitro": 0.0103343066835111, "remdesivir": 0.0103199715099845, "surface": 0.0101510484174345, "19 case": 0.0101234355329897, "abdominal wall": 0.0099035854868805, "wide": 0.009894625554639, "eye": 0.0098683753902601, "associated": 0.0097880823881042, "dual": 0.0097647174932927, "risk": 0.0097577432498576, "literature review": 0.0095145106787267, "curr": 0.0094901581242238, "19 era": 0.009417796812094, "device": 0.0093464571056085, "direct": 0.0092182273919778, "technique": 0.0091952585102526, "vs": 0.0091382889634393, "mechanical": 0.0091156797745838, "meta analysis": 0.0090819545418608, "liver": 0.0089166242458431, "meta": 0.0084409262483177, "failure": 0.0084016019620809, "access": 0.0082472954600649, "annual meeting": 0.0081995258171049, "models": 0.0081625249585237, "injury": 0.0080516654056024, "pulmonary": 0.0080243264104436, "escherichia coli": 0.0079936277464478, "escherichia": 0.007971752522009, "anti": 0.0078545319035078, "literature": 0.0077760517971029, "clinical pharmacology": 0.0077428528849792, "systematic review": 0.0076987719433831, "measures": 0.0076479009236865, "era": 0.0074737802504188, "coli": 0.0074607863884042, "pneumoniae": 0.0072232154168924, "systematic": 0.0072117360048785, "graft": 0.007143506199415, "elevation": 0.0071278617368013, "viral": 0.0070818672246705, "terminal": 0.0070662349586977, "cns": 0.0068476630724904, "advance": 0.006778814871444, "ischemia": 0.006778814871444, "manifestations covid": 0.006778814871444, "giant": 0.0067383888467738, "inpatients": 0.0067383888467738, "retinal": 0.0067250559786852, "evaluation": 0.0067111612867618, "previously": 0.0066465033520449, "system": 0.0066139824210232, "safety efficacy": 0.0066081242955168, "efficacy safety": 0.0065828583585699, "placement": 0.0065828583585699, "management": 0.0065797236777386, "sensor": 0.0065578425835222, "single centre": 0.0065330720651194, "response": 0.0065118952059146, "limb": 0.006484247886116, "ventricular": 0.0064363493399449, "ophthalmic": 0.0064245152544241, "diabetes mellitus": 0.0064127363396655, "mellitus": 0.0063893419814164, "generalized": 0.0063317865851039, "loop": 0.0063317865851039, "recurrence": 0.0063091265889118, "assist": 0.006275513153362, "foreign": 0.006275513153362, "19 treatment": 0.0062644073216799, "prescribing": 0.0062644073216799, "toxicity": 0.0062533500933554, "priorities": 0.0062423410448278, "thrombotic": 0.0062313797580492, "myocarditis": 0.0062095988245414, "bilateral": 0.0061987783684331, "developmental": 0.0061987783684331, "note": 0.0061559540781442, "looking": 0.0061348110874853, "genet": 0.0061138435593523, "replication": 0.0060827149605908, "nerve": 0.0060215852213201, "pandemic": 0.0060180437962049, "removal": 0.0060115391936131, "percutaneous": 0.0060015329522587, "reliability": 0.0059915661833593, "dimensional": 0.0059717498257788, "genetics": 0.0059618996275729, "abdominal": 0.0059423136950763, "intravenous": 0.005913216567658, "computed tomography": 0.0058940029949162, "highlights": 0.0058749344316524, "atypical": 0.0058654538477719, "soft": 0.0058654538477719, "reproduction": 0.0058185773150111, "despite": 0.0058093054784055, "intra": 0.0057908632604673, "february": 0.0057273553981297, "computed": 0.0057094996867843, "traumatic": 0.0056566774289351, "lack": 0.0056479800962861, "recurrent": 0.0056479800962861, "reconstruction": 0.0055964155996175, "leading": 0.0055375576685193, "benefit": 0.0054963402350284, "reduces": 0.005439742641288, "annual": 0.0054317597827052, "pharmacology": 0.0054238020670257, "formation": 0.0054079614343247, "tomography": 0.0054079614343247, "tumor": 0.0054079614343247, "spontaneous": 0.0053922194977951, "chloroquine": 0.0052997736010145, "concern": 0.0052997736010145, "resistant": 0.0052846895404525, "presenting": 0.0052399702732206, "isolated": 0.0052252380294997, "30": 0.0052105911905699, "fluid": 0.0051960287719298, "three": 0.0051960287719298, "lesions": 0.0051671533417555, "delayed": 0.0051599857549922, "french": 0.0051599857549922, "11": 0.0051386041946113, "late": 0.0050963763708705, "database": 0.0050755242087172, "on": 0.0050755242087172, "cov2": 0.0050072343045772, "damage": 0.0050072343045772, "case series": 0.0050005057449691, "susceptibility": 0.0049937950567222, "devices": 0.0049804269163315, "compared": 0.0049473127773195, "reaction": 0.004914627035057, "combination": 0.0049081403238184, "manifestations": 0.0048695659464569, "follow up": 0.0048504973831931, "tissue": 0.0048378644936765, "number": 0.004819032809182, "volume": 0.0047694905818677, "animal": 0.0047511598656237, "gastrointestinal": 0.004708898406047, "interaction": 0.0047029183496704, "internal": 0.0046732285528042, "biology": 0.0046497253820208, "day": 0.0046497253820208,