{"2020": 0.5334380270082943, "workshop": 0.5297498063385445, "adoption": 0.4802059733436584, "knowledge": 0.3202508824423989, "systems": 0.3188269271653621}