{"sars cov": 0.4404078490066927, "cov": 0.4346008495763908, "sars": 0.428450857460658, "cov variants": 0.3479681872373886, "variants": 0.2983735814612718, "concern": 0.1860570021216072, "spike": 0.1745873767315209, "variant": 0.1092247721266333, "rt": 0.1054096177865813, "mutation": 0.0850289342358035, "mutations": 0.0829113187597464, "neutralization": 0.0808916603691259, "virol": 0.0696324639321706, "detection sars": 0.0638262163927697, "delta": 0.0594952760188098, "detection": 0.0585818146184337, "signal": 0.0576351687578584, "target": 0.0525956055447338, "wastewater": 0.0487129808838098, "assays": 0.0477704872786918, "neutralizing": 0.0476039370270407, "rbd": 0.0475569656609536, "isothermal": 0.0474003620158419, "cov spike": 0.0470923654488893, "surveillance": 0.04574249840275, "ther": 0.0454523810899644, "pcr": 0.0450028789246146, "genomic": 0.0419599564325362, "targeting": 0.0386614708368405, "assay": 0.0384851569674705, "antibody": 0.0377455440618271, "amplification": 0.0374099065442764, "multiplex": 0.0372592607661714, "med virol": 0.0363962804172145, "fitness": 0.0354367340938473, "loop": 0.0347324161484207, "methods": 0.0334875532467128, "spread": 0.0334875532467128, "igg": 0.0322263968916583, "reveals": 0.0322226972537385, "immune": 0.0307768121287511, "mice": 0.0300602392632759, "nature": 0.0300019192830764, "covid 19": 0.0282743021907999, "covid": 0.028245840470389, "19": 0.0281040169205098, "new": 0.0277635264937078, "plos": 0.0271126231142859, "reverse transcription": 0.0270654548913165, "rna": 0.0264343484594336, "analysis sars": 0.0263815986335324, "mediated": 0.0261289910003877, "sequencing": 0.0255746418983032, "med": 0.0253172276197761, "protoc": 0.0252894655613033, "emerging": 0.024977875164621, "epitopes": 0.0249756334078952, "structural": 0.0249706979959378, "interest": 0.0249000648623012, "lineage": 0.0247328259368278, "antibodies": 0.024161386089153, "science": 0.0240960183307296, "rapid": 0.0236087182849756, "viruses": 0.023451954092585, "spike protein": 0.0229614397428734, "coronavirus sars": 0.0229132334335043, "regions": 0.0228018593109767, "protocol": 0.0223617848918639, "syndrome coronavirus": 0.0222661409199167, "identification": 0.0222598779979429, "transcription": 0.0222217911343748, "specific": 0.0220083415993494, "infectivity": 0.0217908364098728, "clin microbiol": 0.0215019291610846, "diagn": 0.0211446422935503, "microbiol": 0.0208229457423791, "implication": 0.0202607421421009, "receptor binding": 0.0199089411145969, "cov detection": 0.0192150729408591, "bio": 0.0191809814237274, "quantification": 0.0190591394625646, "option": 0.018939057013704, "global": 0.0189157337281841, "binding": 0.018909305407448, "reverse": 0.018909305407448, "respiratory syndrome": 0.0187039723805059, "forecasting": 0.018560349378892, "severe acute": 0.0185035876221287, "increased": 0.0183275579593479, "spike glycoprotein": 0.018043636594211, "dynamics": 0.0180128513041918, "enhance": 0.0173684866867295, "isolated": 0.0171975292542643, "one": 0.0171493229448953, "recognition": 0.017006358419354, "analysis": 0.0169138602747013, "multiple": 0.0168736725705521, "step": 0.0168426148571001, "epitope": 0.016775005268815, "patients": 0.0167423324029478, "samples": 0.0166820334379567, "emergence": 0.0166141508970845, "neutralizing antibodies": 0.0166095090969192, "proteome": 0.0166095090969192, "mol": 0.0164137661387073, "de": 0.0163986857339813, "antibody responses": 0.0161783320738251, "mexico": 0.016090162462344, "serum": 0.0157990879683308, "pathogens": 0.0156975535557491, "curr": 0.0156172093067843, "microbiol infect": 0.0156055691783863, "comparison": 0.0154727682641606, "europe": 0.0153033771533762, "severe": 0.0152448250208737, "inactivation": 0.0150555962750905, "acute respiratory": 0.0150381658113395, "swabs": 0.0149943391871496, "development": 0.0149114630132411, "effects": 0.0148025330974388, "resistance": 0.0147992491653298, "quantitative": 0.0147270963041622, "glycoprotein": 0.014697813426717, "bnt162b2": 0.0144992962038446, "respiratory": 0.0144970752083378, "protein": 0.014479380303796, "kenya": 0.0139179945382313, "patients covid": 0.013906827875614, "wild": 0.0138185531266244, "combining": 0.0136487106510548, "evolutionary": 0.0134147641216672, "un": 0.0133238815936228, "clinically": 0.0133013918668274, "infect": 0.0132650454015128, "accurate": 0.0131683364386729, "isolation": 0.0131602574162325, "extraction": 0.013146467731608, "insights": 0.0130714782981155, "heat": 0.0129745559704624, "distinct": 0.0129534370494854, "cell": 0.0129400618918968, "clin": 0.0129400618918968, "variations": 0.0129323982764089, "interface": 0.0129114390451974, "protective": 0.0129111381581168, "responses": 0.0126973586448435, "proteins": 0.0126859705934146, "screen": 0.0126659209872854, "rt pcr": 0.0126459436321458, "newly": 0.0124886647132875, "waves": 0.0123169009205409, "strategy": 0.0121924030315088, "sensitive": 0.012168565380613, "activity": 0.0121264584743496, "frontline": 0.0119532486062385, "safety": 0.0118677886268277, "community": 0.0117791222033051, "plus": 0.0117629621859802, "convalescent": 0.0116618582885557, "diagnosis": 0.0116540737554446, "targeted": 0.0116285626326004, "symptomatic": 0.0115789911244863, "chemical": 0.0115461880107161, "syndrome": 0.0114699577823115, "acquired": 0.0114489274449484, "transmission": 0.011361413694815, "accuracy": 0.0112749308215246, "diversity": 0.0112593804325008, "non": 0.0112542682100316, "microbiology": 0.0111822761290461, "human": 0.0111601731174613, "automated": 0.0111517321947436, "virus": 0.0110440320524711, "acute": 0.0109522731619363, "novel": 0.0109408741675837, "water": 0.0109278642247215, "traditional": 0.0108696620097821, "host": 0.010769255719563, "associated": 0.0107383199426985, "use": 0.0106169226760506, "driven": 0.0105874784491749, "observational study": 0.0105463629822028, "cov infection": 0.0104650357038327, "sample": 0.0104515964001551, "based": 0.0104327267328734, "animal": 0.0104248151400896, "simple": 0.0104114728711895, "nurses": 0.0103716376574971, "frequency": 0.0103058752012575, "internal": 0.0102538212032941, "clinical": 0.0102315765858374, "receptor": 0.0102279763543767, "populations": 0.0101384565998068, "direct": 0.0101131428112936, "study": 0.010086413409391, "coronavirus": 0.0100249680676621, "deep": 0.0100130279450678, "asymptomatic": 0.0098180642027748, "biol": 0.009676213136177, "functional": 0.0096413103343041, "observational": 0.0096413103343041, "free": 0.0096297247291427, "lancet": 0.009380781637034, "mesenchymal stem": 0.0092702102095615, "assessing": 0.0091531486599219, "brazil": 0.0091531486599219, "guidelines": 0.0091213794609328, "key": 0.0091108300570794, "patterns": 0.0091003006900925, "scale": 0.0090583820778742, "safe": 0.0090375410380953, "cell therapy": 0.0090218182971055, "evolution": 0.009016778054828, "molecular": 0.0089857786634174, "antibodies sars": 0.0089695175940531, "nursing": 0.008965208287118, "phase": 0.0089344951334796, "digital": 0.0088333297339217, "environmental": 0.008724139434944, "rate": 0.0086460577208814, "tool": 0.0086460577208814, "19 patients": 0.008636374382084, "systems": 0.0085309592601886, "vaccines": 0.0085309592601886, "multi": 0.0085120063868494, "type": 0.0085120063868494, "university": 0.0084742939281349, "performance": 0.008464905763229, "induced": 0.008436836285276, "general": 0.0083903673622952, "diagnostic": 0.008353470653369, "affinity": 0.008345819818454, "transmission sars": 0.0083047545484596, "genomes": 0.008204676709878, "screening": 0.0081904086022817, "microbe": 0.0081656358528467, "large": 0.0081371032872347, "mesenchymal": 0.0081271372474973, "euro surveill": 0.0080891660369125, "res": 0.0080320061102432, "low": 0.0080060402077277, "clinical microbiology": 0.0079602192977647, "cov rna": 0.0079602192977647, "implications": 0.0079118590845518, "changes": 0.0079033759764664, "viral": 0.0077693825036297, "isolates": 0.0077522326404809, "terminal": 0.0077522326404809, "strategies": 0.0077363841320803,