{"nan nan": 0.7272627785621125, "nan": 0.6751714010663565, "innovation": 0.0716336559566356, "brain": 0.0631154824014433, "developing": 0.0602440087799726, "human": 0.0498813063366103}