{"health": 0.4266064488700915, "world health": 0.4109449570725429, "bull": 0.3352697847542449, "revue": 0.3107512802959467, "organ": 0.2541603363774848, "technique": 0.2292781426956179, "world": 0.2264727156184478, "lancet glob": 0.2202836760242548, "up": 0.2193187087192778, "public health": 0.2186609726394023, "public": 0.1990859083000507, "glob health": 0.1563266825725168, "glob": 0.1225326832345771, "health public": 0.0996073662195557, "lancet": 0.0989884072161649, "animals": 0.061299384583131, "veterinary": 0.0560742546710556, "animal": 0.0253858421029609, "inequities": 0.0243917553396122, "bank": 0.0238140302886512, "pandemic international": 0.0231837874323898, "things": 0.023097250306449, "biological": 0.0230881926179875, "herd": 0.0228007597653723, "peru": 0.0220037976299449, "breast cancer": 0.0215212189732224, "theoretical": 0.0214851476152879, "mitigate": 0.0210632051053877, "seroprevalence": 0.0209268420154631, "sustainability": 0.0190962747190947, "questions": 0.0189592889426705, "viral": 0.0189195026313873, "global": 0.0184249532766757, "international": 0.0183861610441341, "products": 0.0182034355274571, "data": 0.0180230902364089, "breast": 0.0178360460776789, "disparities": 0.0176226022769292, "use": 0.0172357667131575, "new": 0.016901990354732, "tools": 0.0168375651356366, "pandemic": 0.016077454126994, "immunity": 0.0152649849405899, "education": 0.0142109760410157, "change": 0.0141311193346695, "perspectives": 0.0140677402575485, "calves": 0.0139342444878264, "india": 0.013696562219309, "gastroenteritis": 0.0128647468011358, "outcomes": 0.0128443016502629, "avian influenza": 0.0128359933750074, "cancer": 0.0127756530202611, "evidence": 0.0125594314070592, "indian pediatr": 0.0123992974283991, "diseases": 0.0122833021844505, "technological": 0.0121219051128886, "propagation": 0.0119303912793798, "control": 0.011658065296269, "wild": 0.011216685157797, "milk": 0.011196729932729, "trade": 0.0111570830165363, "pet": 0.0111373897865124, "sars cov": 0.011084785375397, "avian": 0.0110788219851892, "bioinformatics": 0.0110594675644776, "disease": 0.0109497859677686, "cov": 0.0109386268941049, "cultural": 0.0108518883948102, "sars": 0.0107838355051298, "economics": 0.0107606094866112, "microbial": 0.0107246101275867, "antibiotics": 0.0106711453891994, "switzerland": 0.0104803697881389, "biotechnology": 0.0104634210077315, "great": 0.0103796216422966, "political": 0.0102810798385387, "randomised": 0.0101214923381063, "exchange": 0.0101058405105753, "species": 0.0101058405105753, "2014": 0.0100592090479055, "today": 0.0100592090479055, "programme": 0.0099522455358965, "commercial": 0.0099371704937292, "serological": 0.0097745949971121, "genomic": 0.0097312569811219, "industry": 0.0097169032340921, "institutional": 0.0097169032340921, "behaviour": 0.0095481373595473, "domestic": 0.0095069166510458, "ebola": 0.0094255910180443, "resistant": 0.0094121785017705, "core": 0.0093721791639245, "presenting": 0.0093325322477318, "protocols": 0.0093193938562717, "containment": 0.0092932315972373, "discovery": 0.0092672205659783, "coronavirus infection": 0.0092284837768814, "diagnostics": 0.0091017177637285, "policies": 0.0089906035781066, "source": 0.0089300387893124, "including": 0.0088821671050768, "cluster": 0.0088230349022927, "adaptation": 0.0087762823167644, "principles": 0.0087646696757947, "comparing": 0.0087070517838893, "archives": 0.0086276064135754, "childhood": 0.0085939831247995, "procedures": 0.0085384966526242, "perceptions": 0.0085274809901381, "guidance": 0.0084295350123092, "pharmaceutical": 0.0083760278910461, "modified": 0.0083548019277351, "tuberculosis": 0.0083336756172009, "asia": 0.0083126480281041, "essential": 0.0083126480281041, "invasive": 0.0082192212283583, "hand": 0.0081783128022693, "settings": 0.0081579972107498, "better": 0.0080577726695715, "pediatr": 0.0080478719045689, "preparedness": 0.0080478719045689, "needs": 0.0080084852559305, "intensive": 0.007901916540893, "history": 0.0078828086740571, "recent": 0.0078828086740571, "making": 0.0078732850813417, "free": 0.007816562953681, "advances": 0.0077884677788875, "applications": 0.0077420288127796, "japan": 0.0077143937461189, "school": 0.0077052196432912, "pandemics": 0.0076960642059958, "action": 0.0076234836667286, "events": 0.0076234836667286, "intervention": 0.0076144928627819, "prevent": 0.0076055199866714, "services": 0.007587627732966, "natural": 0.0075167617663538, "african": 0.0074469945412629, "developing": 0.0072938642158569, "trial": 0.0072938642158569, "considerations": 0.007277166994924, "delivery": 0.0071945977814591, "indian": 0.007153874463903, "features": 0.0071054880205078, "understanding": 0.0070974739562732, "tool": 0.0070181086559934, "region": 0.007010248573858, "information": 0.0069945694782797, "need": 0.0069945694782797, "responses": 0.0068710654412598, "south": 0.0068331553949813, "measures": 0.0068105617280433, "lessons": 0.0066700441123942, "influenza": 0.0065763679570602, "science": 0.0065196756055825, "implications": 0.0064221508251314, "vaccination": 0.0063809929539526, "future": 0.0063605543304199, "infections": 0.0062730442480772, "testing": 0.0062663826689504, "transmission": 0.006148130425063, "development": 0.0060519066044405, "hospital": 0.0060455642554295, "human": 0.006039230833021, "high": 0.0060139859091466, "effect": 0.0059452838742319, "role": 0.0059329045105004, "novel": 0.0059205591094007, "management": 0.0058593350917922, "2020": 0.0057929370331085, "impact": 0.0056980740548978, "infection": 0.005502894915429, "patients": 0.0054359807325768, "coronavirus": 0.0054249244717852}