{"consequences covid": 0.3849308425329085, "political": 0.3198407134583487, "section": 0.2903317374599684, "investigating": 0.2899230068047961, "consequences": 0.24792643681795, "economic": 0.245528259969348, "commentary": 0.2449620471772146, "methods": 0.2114075031171224, "19 pandemic": 0.2078810542297297, "social": 0.2039244668556829, "cross": 0.2037038361560366, "approach": 0.1857290813039953, "pandemic": 0.1852458676458666, "survey": 0.1774014197330609, "covid 19": 0.1762925027068997, "covid": 0.1761150416368186, "19": 0.1752307606249561, "research": 0.1625337763436983, "partner": 0.0460411253721572, "children covid": 0.0377680336411431, "violence": 0.0370091289302435, "survivors": 0.0339383880606145, "supporting": 0.0309930837324923, "pediatrics": 0.0305386049951923, "res": 0.0225360860267908, "children": 0.0215916708953451}