{"fortschr med": 0.4873463355987982, "mmw fortschr": 0.4873463355987982, "mmw": 0.4726925877300275, "fortschr": 0.441660518242204, "med": 0.1541913833904012, "die": 0.1233044144356758, "algorithms": 0.1145636282945065, "construction": 0.09522975784135, "tools": 0.082264197601455, "systems": 0.0676645811862538, "plast reconstr": 0.0606280914989103, "reconstr": 0.0546464448340124, "das": 0.0542712185809571, "analysis": 0.0536619264879797, "corona": 0.0520147653749193, "plast": 0.0463912925767013, "bei": 0.0383474685117945, "der": 0.0380951644929993, "covid": 0.0373393524180763, "glob": 0.0287819481236109, "covid 19": 0.0280327328633812, "19": 0.0278639024724348, "den": 0.0260128135940645, "surg": 0.0232790401150362, "mit": 0.02276526232644, "pandemie": 0.0220319331105713, "open": 0.019908456106722, "coronavirus": 0.0198786339558994, "med covid": 0.01754442875372, "auf": 0.0173894634364358, "zur": 0.0163476761280708, "f\u00fcr": 0.0158925462446038, "disease 2019": 0.0142015640690911, "plastic": 0.013555841465009, "von": 0.013461481279148, "times": 0.0134404894568118, "pandemic": 0.0130917470605858, "und": 0.0129058220586885, "coronavirus disease": 0.0126448654022259, "homes": 0.012617558092443, "act": 0.0122867046714465, "memory": 0.0118511227179746, "surgeons": 0.0118511227179746, "cycle": 0.011679347930789, "contribution": 0.0116624620624213, "efficient": 0.0112877512091432, "2019": 0.0109840503910062, "treating": 0.010863580254474, "des": 0.0107339094632102, "theory": 0.0102178241036909, "sars cov": 0.0101545372706686, "disease": 0.0100308671706301, "cov": 0.0100206445794308, "sars": 0.0098788434641819, "pressure": 0.0097938594618559, "19 pandemie": 0.0090514764730965, "context": 0.0086204439330356, "recommendations": 0.0084863800713534, "chains": 0.0083158416838933, "therapy": 0.0076702861927279, "pneumothorax": 0.0074941884724546, "long covid": 0.0073293985026717, "2019 pandemic": 0.0072015534556837, "noninvasive": 0.0071465881651521, "2020": 0.00707571600979, "material": 0.0068995411496166, "wastewater": 0.0068995411496166, "geriatric": 0.0068747826676088, "scenarios": 0.0068747826676088, "covid pandemic": 0.0068502452464264, "basis": 0.0066162168640177, "man": 0.0066162168640177, "lett": 0.0065497255662212, "interval": 0.0064741325472703, "complication": 0.00640056329584, "form": 0.0063390344664726, "spreading": 0.006328912271179, "order": 0.0061339246320852, "context covid": 0.0060872652274741, "types": 0.0059962578083383, "finding": 0.0059518598650843, "event": 0.0058737075014689, "first": 0.0058396739653945, "integration": 0.0058396739653945, "chem": 0.0058312310312106, "protocols": 0.0056915329765785, "phys": 0.0056755551820639, "guided": 0.0056596697452588, "regions": 0.0056517613285342, "11": 0.0055893001645103, "rare": 0.0055585940024318, "erratum": 0.0055509707717036, "optimal": 0.0054611042496105, "storm": 0.0054464081027419, "synthesis": 0.0054100079293303, "two": 0.0053527522559885, "awareness": 0.0053315852226016, "hygiene": 0.0052759241216259, "team": 0.0052621832284224, "issue": 0.0051546615278814, "normal": 0.0050639117237925, "europe": 0.0050575428381719, "genetic": 0.0050511886783115, "temporal": 0.0049884422787685, "quantitative": 0.0048670904267527, "characterization": 0.0048552448355018, "tests": 0.004849341132017, "antibodies": 0.0047909913197902, "point": 0.0047852239033705, "free": 0.0047737252551504, "simulation": 0.0046945543051221, "action": 0.0046558080230072, "middle": 0.0046448372582769, "communication": 0.0045639234769373, "phase": 0.0044290804005679, "program": 0.0044290804005679, "10": 0.0043938791683148, "surgical": 0.0043591231307077, "italy": 0.0043053793698192, "2021": 0.0041777542558405, "test": 0.0041364965064132, "application": 0.0041319503136224, "single": 0.0041183566853357, "monitoring": 0.0040958490008402, "long": 0.0039816912213444, "implications": 0.0039221309631847, "detection": 0.0038720869779414, "report": 0.0037986892733722, "online": 0.0037786441595913, "non": 0.0037193714180895, "hospital": 0.0036921423058695, "approach": 0.0036460824637593, "role": 0.0036233388339608, "model": 0.003600781884487, "management": 0.0035784085757161, "care": 0.0035015059812659, "infection": 0.003360723708091, "patients": 0.0033198579303186}