{"al": 0.4998270684830799, "la": 0.3324615776120638, "revue": 0.2696846497595278, "res public": 0.2537846322626989, "int environ": 0.2455498953050277, "de": 0.2380979771292635, "mediterranean": 0.2306119408924844, "health": 0.210429440589375, "eastern": 0.20671426531435, "environ res": 0.1870605982487027, "de la": 0.1506896608576212, "environ": 0.1213507591155474, "reference": 0.1198573556111155, "health online": 0.1110522099903719, "public health": 0.1106958578908142, "res": 0.1012168121222609, "public": 0.0977319702528382, "int": 0.0954702649270323, "covid 19": 0.0895062821737285, "covid": 0.0894161825928067, "19": 0.0889672201891121, "cross sectional": 0.088157896243044, "sectional": 0.0880421123754653, "sectional study": 0.0832757991722878, "cov": 0.070143146863125, "study int": 0.0682623536232633, "cross": 0.0662970622428428, "sars cov": 0.0635982324646694, "sars": 0.0618715522303413, "study": 0.0589476202089265, "region": 0.0567823673731331, "online": 0.0459394638225902, "care": 0.0425701126004803, "health care": 0.0251918446713862, "management": 0.0237300371191642, "healthcare workers": 0.0230536786551612, "surveillance": 0.0227838957642297, "industrial": 0.0225529577080135, "healthcare": 0.0223158091743217, "crisis": 0.019227990776719, "schools": 0.0191411687902737, "workers": 0.0187172501906429, "infection": 0.0185720590249384, "prevalence": 0.0184901486134171, "patients": 0.0183462262273591, "pandemic": 0.0180869300980763, "germany": 0.0172013589157478, "preventive": 0.0167483522767162, "risk perception": 0.0163974909131494, "risk": 0.0156407520274452, "lessons covid": 0.0156196023078795, "study protocol": 0.0155614698995144, "hospitals": 0.0155289593015551, "based": 0.0152428913091235, "analysis": 0.0148273489981827, "protocol": 0.0147024090049046, "igg": 0.0141254576396519, "lessons": 0.0135066856472587, "enhancing": 0.0132348722742977, "leadership": 0.0130407730052028, "nurse": 0.0129837323014531, "behaviour": 0.0128898387735909, "future": 0.0128799759695224, "emotional": 0.0128526839769332, "review meta": 0.0128526839769332, "unique": 0.0128341914502743, "post": 0.0127705189720203, "meeting": 0.0126522979122624, "supply": 0.0123550546346275, "19 crisis": 0.0123380145384158, "products": 0.0122871791763531, "hospital": 0.0122421283251571, "19 pandemic": 0.0121781829015113, "early": 0.0121146830941931, "related": 0.0121020360616641, "country": 0.0120879878781954, "susceptibility": 0.0120068813287152, "respiratory": 0.0119144072196466, "cov sars": 0.0119058926446823, "mental health": 0.0117698633468915, "response": 0.0117427055086886, "review": 0.0117305640205839, "intensive care": 0.0116319681124651, "cov infection": 0.0114675726104985, "professionals": 0.0114381546822276, "new": 0.0114087136800267, "perception": 0.0113942931897571, "national academy": 0.0113427497918318, "engineering": 0.0112931647373045, "coronavirus": 0.010985347063053, "meta analysis": 0.0109181443349502, "cohort study": 0.0108912646879251, "quarantine": 0.0107981116419909, "impacts": 0.0107324375935308, "intensive": 0.0106674659547746, "pilot": 0.0105395709084548, "mental": 0.0104766191501216, "regional": 0.0102311396779412, "meta": 0.0101475129252211, "improve": 0.010112022325834, "scale": 0.00992616338362, "phase": 0.0097904082299308, "face": 0.0097792310596823, "therapeutic": 0.0097792310596823, "cov antibodies": 0.0096363072384696, "cohort": 0.0095383970221234, "pandemic cross": 0.0095059269154831, "perspectives": 0.009495616631826, "19 patients": 0.0094637278955222, "group": 0.0094637278955222, "lockdown": 0.0094425613573263, "need": 0.0094425613573263, "systems": 0.0093482141410744, "women": 0.0093482141410744, "fear covid": 0.0092608428071362, "status": 0.009255309844625, "systematic review": 0.009255309844625, "care professionals": 0.0092373879017196, "measures": 0.0091941537209126, "distance learning": 0.009055996987389, "national": 0.0088972807921804, "quality": 0.0088205051691012, "systematic": 0.008669804968071, "air quality": 0.0086257483927135, "health systems": 0.0086067051005026, "mhealth": 0.0086067051005026, "emergency": 0.0085958340045843, "positive patients": 0.0084948865167877, "delirium": 0.0084404839551567, "igm": 0.0084225641677332, "emotion": 0.0083870386731871, "ecmo": 0.008334517563588, "inactivation": 0.0082489514782887, "inequities": 0.0082321237612406, "non": 0.0082216083810904, "randomised controlled": 0.0082153887593573, "high": 0.0081187886010075, "respiratory infection": 0.0081168700098317, "2019": 0.0080933532938569, "epilepsy": 0.0080687835940363, "build": 0.0080058301455566, "contagion": 0.0080058301455566, "esp": 0.0080058301455566, "eating": 0.0079594567996295, "control": 0.0078691045395699, "respiratory distress": 0.0078539287362465, "breastfeeding": 0.007795233283529, "readiness": 0.007795233283529, "treatment": 0.0077720352521367, "ppe": 0.0077092635308548, "agenda": 0.007695168864458, "vital": 0.0076811393006783, "surfaces": 0.007667174240868, "egyptian": 0.0076532730945985, "blind": 0.007598296115748, "caregivers": 0.0075711763359565, "milk": 0.0075577067122942, "respirators": 0.0075176525693378, "priorities": 0.0075044177111076, "foundation": 0.0074781197532528, "impacts covid": 0.0074650556679168, "parallel": 0.0074520475317258, "rapid review": 0.0074520475317258, "inter": 0.0074390948674994, "swab": 0.0074390948674994, "strong": 0.0074005650253709, "disease": 0.0073910214325067, "job": 0.0073878295972452, "preferences": 0.0073751473443396, "variables": 0.0073625178244465, "fight covid": 0.0073499406008519, "leveraging": 0.0073499406008519, "healthcare professionals": 0.0073125184212257, "replication": 0.0073125184212257, "induction": 0.0072878240156253, "warning": 0.0072755516952607, "ability": 0.0072633287606247, "interventional": 0.0072511548158381, "means": 0.0072390294697628, "19 response": 0.0072149230324483, "care unit": 0.0072029411819673, "expansion": 0.0071791183527227, "required": 0.0071791183527227, "poland": 0.0071672766412009, "notes": 0.0071437308243894, "ai": 0.0071320260116074, "immune response": 0.0071320260116074, "vietnam": 0.007097179795865, "immediate": 0.0070741691164321, "highlights": 0.0070627288198259, "seroprevalence": 0.0070627288198259, "university hospital": 0.0070286642180186, "peak": 0.007006164891747, "summary": 0.0069838310031943, "cov pandemic": 0.0069727253412493, "homes": 0.0069727253412493, "sports": 0.0069727253412493, "web based": 0.0069616601371788, "100": 0.0069506350972768, "socioeconomic": 0.0069506350972768, "disinfection": 0.0069287043510416, "departments": 0.0069177980730468, "option": 0.0069177980730468, "nasopharyngeal": 0.0069069308158081, "critical care": 0.0068531702060252, "protecting": 0.0068531702060252, "vision": 0.0068425313329482, "app": 0.0068319295938842, "military": 0.0068319295938842, "occurrence": 0.0068319295938842, "randomised": 0.0068319295938842, "efforts": 0.0068213647305088, "workforce": 0.0067898888513422, "burnout": 0.0067794689606494, "2016": 0.0067587358073949, "members": 0.0067484220618038, "care covid": 0.0066571412144083, "serological": 0.0065977765529284, "coverage": 0.0065203865026014, "medication": 0.0065013432103904, "event": 0.0064918661507265, "large scale": 0.0064730002816389, "demographic": 0.0064449193867954, "republic": 0.0064078775233481, "continuous": 0.0063895246266755, "communications": 0.0063712819582754, "immunization": 0.0063351220650445, "implementing": 0.0063261489561312, "high risk": 0.0063082818742692, "technical": 0.0062993875921944, "present": 0.0062728599549446, "plan": 0.0062553027086127, "fear": 0.0062291556734758, "pregnant women": 0.0062291556734758, "presence": 0.0062032318020994, "poor": 0.0061860713318312, "distance": 0.0061435895881765, "metabolic": 0.0061435895881765, "roles": 0.0061267618711284, "protect": 0.0060603680766395, "academy": 0.0060521699740698, "sleep": 0.0060439939390977, "reality": 0.0060277075989618, "coronavirus covid": 0.0059953945797634, "days": 0.0059953945797634,