{"den": 0.7233517745085761, "ny": 0.5075057836865092, "covid 19": 0.2529111654239228, "covid": 0.2526565778188773, "19": 0.2513879785430238, "de": 0.0542532868801612, "pandemic": 0.0473263684586928, "19 pandemic": 0.0326825697796498, "patients": 0.0295414426134704, "en": 0.0248336322640589, "patient": 0.0206852973101335, "patients covid": 0.0204485525938692, "de covid": 0.0202582032439041, "prolonged": 0.0189122297689574, "world health": 0.0180100849409501, "distress": 0.0176744531831924, "distress syndrome": 0.0169527163880926, "treated": 0.0166874386581685, "nursing home": 0.0164357672403874, "acute": 0.0161041853525054, "med": 0.0159541567374896, "course covid": 0.0158983101531912, "respiratory distress": 0.0158081818964296, "pandemics": 0.0156838883089112, "diseases covid": 0.0155455051966379, "peru": 0.0149472550801174, "health": 0.0148612934150883, "nursing": 0.0148302133790366, "patient covid": 0.0143316863125032, "visits": 0.0139239626350058, "arthritis": 0.0137724677133955, "world": 0.0131866021076379, "la sociedad": 0.0130560855124151, "cases": 0.0127567699841283, "syndrome": 0.0126490402983452, "thrombosis": 0.0126081531793049, "transplant": 0.0123826619127004, "severe covid": 0.0120030188949489, "building": 0.0118920038458005, "19 cases": 0.0118763078439583, "medical": 0.0118667445302119, "response": 0.0118177049265073, "risk": 0.0118054858920025, "treatment": 0.0117325116286283, "care": 0.0116841827471321, "pacientes con": 0.0116093421754994, "19 related": 0.011570564668875, "adolescents": 0.0115112089661362, "sociedad": 0.0115107273435085, "disease": 0.0111573406567458, "acute respiratory": 0.0110560340308708, "plasma": 0.0107878511499188, "illness": 0.0107747459158343, "increase": 0.0104808281780213, "salud publica": 0.0103202135165449, "course": 0.0101766067426744, "pacientes": 0.0098631257076977, "haemost": 0.0098349522854084, "health organization": 0.0098349522854084, "thromb haemost": 0.0098349522854084, "home": 0.0094604879260772, "status": 0.0093144225294799, "19 rev": 0.0091360680141339, "thrombolysis": 0.0091360680141339, "ill covid": 0.0091138366821101, "med inform": 0.0090917658665187, "publica": 0.0090917658665187, "support": 0.0090619676130735, "scientific reports": 0.009005042470475, "rheumatoid arthritis": 0.0089415773254757, "de la": 0.0089207117517648, "salud": 0.0088794030869131, "mortality": 0.008781611628482, "rheumatoid": 0.008778509615473, "systematic": 0.0087251780952201, "venous thromboembolism": 0.0087195342553881, "con": 0.0087001259699998, "vaccination": 0.0086692607295534, "rheumatic diseases": 0.0086616752154729, "emergency": 0.008650734687015, "eur heart": 0.0086048910188857, "severe": 0.0084059771487403, "care medicine": 0.0083877492455548, "diseases": 0.0083440892369997, "ace": 0.0083357911445438, "19 management": 0.0083016366587208, "nursing homes": 0.0083016366587208, "challenges covid": 0.0082678595782542, "swabs": 0.0082678595782542, "valve": 0.0082178836201937, "hospital": 0.008213545002447, "antibody response": 0.0082014049027676, "data": 0.0081620979440675, "psoriasis": 0.0081363642643963, "thromb": 0.0081363642643963, "related": 0.0081195536571406, "19 world": 0.0081043556506725, "19 medical": 0.0080413267232522, "2019 pandemic": 0.0080102930081747, "vaccine development": 0.0080102930081747, "phase covid": 0.0079948935061866, "respiratory": 0.0079936688520858, "pulmonary embolism": 0.0079795711950087, "teach": 0.0079795711950087, "control": 0.0079193636777886, "dexamethasone": 0.0079190386292458, "adults covid": 0.0078892160055787, "moral": 0.0078892160055787, "frailty": 0.0078744130968454, "review": 0.0078703239280017, "thromboembolism": 0.0078159080635166, "vein": 0.0078159080635166, "use": 0.0078055435670903, "august": 0.007801455106664, "bleeding": 0.0077585017814605, "egyptian": 0.007702153740211, "excess": 0.007702153740211, "woman": 0.007702153740211, "embolism": 0.007633148672706, "patients treated": 0.007633148672706, "corticosteroids": 0.0076195326382566, "19 infections": 0.007605976985533, "air pollution": 0.0075924811813606, "rheumatic": 0.0075523476331332, "neutrophil": 0.0075390860302083, "cases covid": 0.0075258817130037, "infection": 0.0074762707204742, "multiple sclerosis": 0.0074736275400587, "19 emergency": 0.0074478316512794, "coronavirus": 0.0073703395417338, "man": 0.0073592227027879, "palliative": 0.0073467713834144, "predictor": 0.0072731101159539, "19 response": 0.0072610039825871, "antibiotics": 0.0072489456052946, "intern med": 0.0072489456052946, "convalescent plasma": 0.0072249706221599, "decline": 0.0072249706221599, "care patients": 0.0072130532788793, "outbreak covid": 0.0072130532788793, "significant": 0.0071078377216294, "weeks": 0.007073555552814, "homes": 0.0070172594003566, "medical students": 0.0070061235239983, "print": 0.0069619813175029, "risk covid": 0.0069619813175029, "nasopharyngeal": 0.0069510446522418, "intern": 0.006929288014633, "sclerosis": 0.006929288014633, "critical care": 0.0068969406791316, "endoscopic": 0.0068649320654078, "dementia": 0.0068437776925394, "hospitalized patients": 0.0068332551531308, "doctors": 0.0067915235195944, "informatics": 0.0067811790268806, "tocilizumab": 0.0067811790268806, "context covid": 0.00677086942291, "receiving": 0.00677086942291, "transfusion": 0.0067605944731358, "critically ill": 0.0067503539453684, "california": 0.006740147609744, "underlying": 0.0067299752386936, "psychiatric": 0.0066996596710832, "sources": 0.0066996596710832, "global health": 0.0066896209274805, "revista": 0.0066597010016957, "psychol": 0.0066399158537907, "person": 0.0066300710959103, "angiotensin": 0.0066104761911213, "pollution": 0.0066007256416108, "learn": 0.0065716592291368, "infection control": 0.0065333290130542, "venous": 0.0065143426496566, "med covid": 0.0065048935086557, "critically": 0.0064954734867796, "antibiotic": 0.0064767200863664, "prophylaxis": 0.0064767200863664, "review meta": 0.0064673863549017, "convalescent": 0.0064303338445159, "19 associated": 0.0064211404701285, "compliance": 0.0064211404701285, "satisfaction": 0.0064211404701285, "triage": 0.0064119746621225, "detecting": 0.0064028362556761, "restrictions": 0.006375583819479, "high risk": 0.0063485722032446, "registry": 0.0063485722032446, "trust": 0.0063485722032446, "la": 0.0063129240478685, "emergency department": 0.0062689406317775, "fear": 0.0062689406317775, "symptom": 0.0062689406317775, "personnel": 0.0062515229511495, "shock": 0.0062428511873772, "short term": 0.0062428511873772, "distance": 0.0061828280449435, "metabolic": 0.0061828280449435, "19 vaccination": 0.0061490509644769, "ill": 0.0061490509644769, "reporting": 0.0061073477981497, "exp": 0.0060417840047746, "coronavirus covid": 0.0060336865306892, "mild": 0.0060256104502195, "inform": 0.0060015094474744, "deaths": 0.0059303260183935, "organization": 0.0059225181094749, "good": 0.0058760848924093, "intensive care": 0.0058531301311245, "number": 0.0058303464628182, "inhibitors": 0.0058077313558703, "fever": 0.0057852823344375, "epidemics": 0.0057629969768275, "literature review": 0.0057556044830681, "professionals": 0.0057556044830681, "clinic": 0.0057335336674767, "rehabilitation": 0.0057262120000729, "march": 0.0057189078277094, "programs": 0.0057043516350619, "skin": 0.005646810271433, "receptor": 0.0056396931676831, "19 vaccine": 0.0055903320887435, "hospitalized": 0.0055624795527228, "hand": 0.0055555558925041, "assisted": 0.0055348785103022, "ventilation": 0.0055280170154354, "deep": 0.0055211708878711, "meta analysis": 0.0054939386838914, "modelling": 0.0054939386838914, "managing": 0.0054871683717557, "jama": 0.0054736725675833, "preparedness": 0.0054669469440127, "resistance": 0.0054401914587164, "asymptomatic": 0.0054136681280622, "intensive": 0.0053677989656562, "elderly": 0.0053613020563461, "internet": 0.0053354516301547, "case report": 0.0053162062695442, "functional": 0.0053162062695442, "italian": 0.0053162062695442, "disease 2019": 0.005265469923391,