{"health": 0.3649419930787099, "health preparedness": 0.3403442333576486, "medicine public": 0.3336464595008843, "disaster medicine": 0.3056417752367257, "disaster": 0.305509907766706, "public health": 0.3047046131388662, "public": 0.2788380842903017, "health prep": 0.2153913905153593, "disaster med": 0.1756266957440795, "preparedness": 0.1728869273082983, "prep": 0.1611451061887626, "med public": 0.1593174235535059, "medicine": 0.1202284628444726, "world health": 0.1164991859300901, "19": 0.1006525638115227, "covid 19": 0.0996023887413674, "covid": 0.0995021261311187, "bull": 0.0950459576607754, "organ": 0.0720521611814498, "med": 0.0649779702740694, "health surveill": 0.0620015524525643, "world": 0.0610777466522943, "jmir public": 0.0589717744626481, "lancet glob": 0.0551538873658716, "pandemic": 0.0488417504888458, "surveill": 0.0422196324933903, "glob health": 0.0391405500330202, "jmir": 0.03770720232127, "glob": 0.0337472541084485, "health oxf": 0.0322928709011359, "response": 0.0320873735105412, "pandemic public": 0.0281148394506186, "emergency": 0.0269426128348596, "lancet": 0.024784385119514, "health emergency": 0.0246311353614393, "risk": 0.0245120325786166, "care": 0.0242601677535552, "oxf": 0.0239646690693724, "health promotion": 0.0182378547285663, "disease": 0.017820209257001, "capacity": 0.0175976317284596, "19 pandemic": 0.0156599206866853, "influenza": 0.0149837772982174, "social": 0.0149351478648796, "19 outbreak": 0.0148181651437229, "operational": 0.0148157610874456, "community": 0.0145230833738347, "promotion": 0.0142992437130405, "algorithm": 0.0142263934676008, "infectious disease": 0.014004456866303, "outbreak": 0.0138613901618569, "response covid": 0.0138245129888378, "south": 0.013344727582724, "allocation": 0.0130365836441325, "study jmir": 0.0130062424578313, "decision": 0.0128911893755181, "national": 0.0128711361737597, "risk assessment": 0.0128213826335731, "infectious": 0.012746284584433, "clinical": 0.0126150350796256, "affecting": 0.0124673325393539, "coronavirus": 0.0123602968501196, "validation": 0.0122331402646353, "decision making": 0.0121849319511801, "south korea": 0.0121849319511801, "health care": 0.0121478187477454, "china": 0.0121344660663495, "assessment": 0.0119942626790078, "behavioral": 0.0118338076716899, "correction": 0.011802639524322, "zika": 0.0117655997770154, "factors": 0.0116836997317462, "novel": 0.0115624837846358, "management": 0.0114429170853177, "social distancing": 0.0114112365776576, "primary": 0.0111329041343581, "international environmental": 0.0110307774731743, "application": 0.0110108455194991, "research public": 0.0108504535398377, "distancing": 0.0107010853107134, "korea": 0.0104651335082883, "making": 0.0102506907881141, "2015": 0.0100391548099654, "record": 0.0099449938835257, "resource": 0.0099137540478056, "hospital": 0.0098388425513995, "context covid": 0.0097328281274286, "communication": 0.0097295761184148, "assessing": 0.0096731880229714, "vulnerable": 0.0094464722023436, "review": 0.0094277048379294, "reproductive health": 0.0093716131502062, "19 vaccines": 0.00933695853581, "security": 0.0093234592673812, "context": 0.0091887238956603, "environmental research": 0.0091189273642831, "need": 0.0091066395001675, "influencing": 0.0091000983483706, "collaboration": 0.00903650811527, "blockchain": 0.0088640415490076, "19 cases": 0.0085358360805604, "comparing": 0.008502165353214, "19 public": 0.0082281860402332, "strategies": 0.0081759295197751, "planning": 0.0081375751352015, "consensus": 0.0081170423482241, "predictors": 0.008106811823422, "preventing": 0.0080661262696175, "lessons learned": 0.0080459238964777, "mers cov": 0.0080213232503908, "trace": 0.0079882230231241, "settings": 0.0079660306333759, "rural": 0.0078778535924114, "wildlife": 0.0077664374351154, "time": 0.0076842951023042, "model": 0.0076763078101467, "research": 0.0076524110623045, "of care": 0.0076177080850698, "improving": 0.0075688823064739, "conflict": 0.0075602682261796, "applications": 0.0075598504257656, "2020": 0.0075421638703435, "learned": 0.0074617060561306, "action": 0.0074440947763722, "agenda": 0.0074214110017045, "impact": 0.0074186562052671, "policy": 0.0074178095030668, "regional": 0.0074003729388462, "mass": 0.0073142131505108, "points": 0.0072888391054466, "time series": 0.0071869387808517, "emergent": 0.0071372877795823, "cov": 0.0071208193771455, "health covid": 0.0071127743399208, "study": 0.0071063176917957, "gaps": 0.0070167218349251, "19 review": 0.0070049337347315, "19 response": 0.0069582500543652, "countries": 0.0069539810368931, "extraction": 0.0069466944616878, "understanding": 0.0069304626484499, "development validation": 0.0069237191364986, "ready": 0.0069237191364986, "environmental": 0.0069148533658979, "notes": 0.0068895905297426, "perspectives": 0.0068683554884243, "vietnam": 0.0068446955675505, "implementation": 0.0068299796251256, "real": 0.0068299796251256, "systems": 0.0067617365351098, "vaccines": 0.0067617365351098, "real world": 0.0067353791910325, "responding": 0.0066822136855083, "methods": 0.0066356550697771, "sexual": 0.0065685390050707, "forecasting": 0.0065382873873843, "health system": 0.0065182918220662, "lessons": 0.0065130906952612, "united": 0.0065059863955446, "surge": 0.0064493630196069, "strategy": 0.0064425593507533, "level": 0.0064355680868798, "united kingdom": 0.0064299633530422, "contact tracing": 0.0064203114861717, "quality": 0.0063800348558534, "h1n1": 0.0063536244676628, "legal": 0.0063442204822349, "primary care": 0.0063255025978133, "american": 0.0063115909732837, "mortality": 0.0063115909732837, "global pandemic": 0.0063069035579034, "implications": 0.0062710306075792, "critical": 0.0062441968849935, "attention": 0.0062336662696769, "sustainability": 0.0062156395115875, "clinical characteristics": 0.0062066675629352, "prevention": 0.0061581020290647, "combat": 0.0061534053875341, "challenges": 0.0061450051239362, "ebola": 0.0061358643833542, "mers": 0.0061358643833542, "cases": 0.0061124326366198, "section": 0.0060752850527609, "tropical": 0.0060667322322471, "kingdom": 0.0060412225882077, "past": 0.006007551654907, "global": 0.0059971313395039, "artificial intelligence": 0.0059908602197464, "international": 0.0059845048698455, "development": 0.0059094986374569, "automated": 0.0058926608924157, "reproductive": 0.0058846242921897, "data": 0.0058663290847148, "tracing": 0.0058447687257503, "early": 0.0058418498658731, "related": 0.0058357513105325, "adaptive": 0.0058289771028975, "efficiency": 0.0058132701540324, "system": 0.0057512485443408, "principles": 0.0057056182888288, "control": 0.0056918691485701, "medical": 0.0056859751055434, "mental health": 0.0056755735234494, "travel": 0.0056606659139473, "use": 0.0056100634375397, "ethical": 0.0056090787377026, "western": 0.0056090787377026, "fever": 0.0055440599143941, "epidemics": 0.0055227037643117, "brief": 0.0055156195070621, "based": 0.0055127328872765, "important": 0.0055085523409201, "intelligence": 0.005501502183618, "ment health": 0.0054696140901784, "guide": 0.0054526205425487, "analysis": 0.0053624481599815, "affected": 0.0053305470900386, "patients": 0.0053080661735318, "artificial": 0.0052778833984676, "sars": 0.0052650400435265, "technologies": 0.0052325667541441, "needs": 0.0052133579053462, "history": 0.005131545055514, "of": 0.0051068247489378, "framework": 0.0051006771308473, "field": 0.0050519551936342, "mental": 0.0050519551936342, "personal": 0.0050338913813367, "environment": 0.0050219104282548, "pandemics": 0.0050099782775611, "special": 0.004980358824552, "evaluating": 0.0049627298509148, "events": 0.0049627298509148, "service": 0.0049277870237207, "contact": 0.0049162314310434, "patients covid": 0.0048989830655375, "african": 0.0048478390884235, "britain": 0.0048240855578571, "ment": 0.0046858065751031, "novel coronavirus": 0.0046729012084453, "prediction": 0.0046729012084453, "digital": 0.0046675992360566, "cov antibodies": 0.0046467464077165,