{"de": 0.8604001915161544, "em": 0.1993039984111614, "19": 0.1827435233754684, "covid": 0.1823990565284984, "covid 19": 0.1813149131856817, "2020": 0.1555387890768627, "la": 0.1132084881158656, "de la": 0.101207697949017, "la sociedad": 0.100342432922258, "sociedad": 0.0884655960053337, "da": 0.0775278250994123, "no": 0.0665322347215943, "colombia": 0.0637764384719343, "del": 0.0584556707102864, "revista": 0.056057653324514, "para": 0.0544650545866296, "com": 0.0526589896889764, "revista de": 0.047615030135664, "pandemia": 0.0398249488320461, "cell therapy": 0.0364118025468363, "peru": 0.0355571667813822, "durante": 0.0329642516323828, "na": 0.0298955060711538, "hematology": 0.0278856440774829, "transfusion": 0.0247421384198178, "spanish": 0.0243552976700869, "de medicina": 0.0235066322768736, "en": 0.0227212699040649, "22": 0.0226325217793224, "sobre": 0.0220416539028408, "por": 0.0215328684186462, "da covid": 0.0209751476999483, "rev esp": 0.0196344044676125, "rev": 0.0195636619639265, "cardiology": 0.0195274189492562, "23": 0.0189819890225146, "espanola": 0.0189452125585761, "espanola de": 0.0185596902970101, "esp": 0.017691918936576, "cell": 0.017408574156378, "pandemia covid": 0.0165088319934, "28": 0.0164110000529456, "la pandemia": 0.0161304502573159, "society": 0.0161212788120742, "en el": 0.0160111138177144, "el": 0.0157116970451905, "19 revista": 0.0156710881845824, "la covid": 0.0156710881845824, "therapy": 0.0156119133730593, "las": 0.0153550850735167, "enfermagem": 0.0151561700468609, "14": 0.0143671842851832, "medicina": 0.0143253631098894, "coronavirus": 0.0134868288482069, "2019": 0.0134140009027788, "pandemic": 0.0133233112739422, "de las": 0.0132819550779725, "paulo": 0.0132427139756091, "pandemia de": 0.0127462142069291, "con": 0.0127361415848829, "impacto": 0.0124818146728304, "durante la": 0.0124313454742461, "12": 0.0123683548447966, "ed impr": 0.0123044962392264, "disease": 0.0122499493804818, "21": 0.0121502419501158, "coronavirus disease": 0.0120106235777309, "disease 2019": 0.0115622068036421, "impr": 0.011378556809156, "2020 covid": 0.0112956868245431, "de covid": 0.0111210176292008, "brasil": 0.0108917287869097, "base": 0.0108468508700083, "hospital": 0.0105208549131907, "24": 0.0102238595120194, "impact": 0.0099161315442734, "geriatrics": 0.0095309317432801, "study": 0.0094986449132409, "17": 0.0093464958976536, "cardiol": 0.0092675258844446, "ed": 0.0091136476416817, "20": 0.0089770951208728, "recomendaciones": 0.0084252948576508, "geriatric": 0.0083956589442835, "cov pandemic": 0.0077044409674904, "media": 0.0076989398159479, "political": 0.0076678946340145, "2016": 0.0074679954385824, "10": 0.0071545555640369, "18": 0.0071109680747777, "pediatric": 0.0070500169974662, "una": 0.0069283460632048, "sars cov": 0.0068894324683514, "cov": 0.006798591829364, "health": 0.006798591829364, "2019 covid": 0.0067328213406546, "joint": 0.0067054241398551, "sars": 0.0067023856526172, "care units": 0.0064546916346422, "mortality": 0.0064277143474396, "intensiva": 0.0064254438241727, "19 indian": 0.0063822767172451, "enferm": 0.0063121322378487, "report": 0.0061854075717052, "bcg": 0.0060763959186515, "pcr": 0.0060543447284456, "fractures": 0.0060030311283299, "hip": 0.005991034179264, "strains": 0.0059791012142307, "plasma": 0.005922138374021, "catheter": 0.005897306312192, "fracture": 0.0058744752402072, "gerontol": 0.005818396474075, "kawasaki": 0.0057314952351522, "heart": 0.0057127479134795, "care": 0.0057015038741683, "case": 0.0056897588509418, "central": 0.0056723930570096, "policy": 0.0056657141722973, "portugal": 0.0056376034601177, "geriatr": 0.0055377017928151, "clinical": 0.0055059136878703, "times": 0.0054712888624729, "like": 0.0054337197560581, "variables": 0.0054234254350041, "patients": 0.0054057262654045, "un": 0.0053774807889898, "digital": 0.0053476602084612, "surgical": 0.0053234717184578, "16": 0.0052536390670634, "bras": 0.0052364939591049, "recommendations": 0.0051818912826396, "virtual": 0.0051076247629263, "south": 0.0050963436146228, "surgery": 0.0050515944388603, "hospitalized patients": 0.0050016117821743, "level": 0.0049154793341005, "south africa": 0.0049111984449886, "dna": 0.0049038263604272, "state": 0.0048995103660172, "activity": 0.0048942042171486, "25": 0.004881854737314, "movement": 0.0048030892213051, "cancer": 0.0047642058411451, "en tiempos": 0.0047491519818884, "emergency": 0.0047489390742874, "prevention": 0.0047035510855462, "registry": 0.0046468473399803, "section": 0.0046402955764694, "30": 0.004614278706114, "tiempos": 0.0045890632335407, "presence": 0.0045694646772908, "association": 0.0045661461106828, "units": 0.0045255306444366, "19 pandemic": 0.0044853858744412, "effects": 0.0044806952538869, "acute": 0.0044203063581915, "med": 0.0043791262285327, "15": 0.0043637185419023, "associated": 0.0043339554462512, "intensive care": 0.0042842077414626, "renal": 0.0042454874191836, "presentation": 0.0041859635168364, "infect dis": 0.0041700008405188, "pandemia por": 0.0041606048909434, "19 epidemic": 0.0041594219761765, "brazilian": 0.0040714655966352, "hospitalized": 0.0040714655966352, "cohort study": 0.0040113968710354, "randomized": 0.004006463185155, "spain": 0.0040015403544777, "paciente": 0.0039737193447809, "longitudinal": 0.0039673805208713, "tertiary": 0.0039625428419268, "hospitality": 0.0039453959884121, "por covid": 0.0039314987560318, "intensive": 0.0039289688368608, "p\u00fablica": 0.0038387712683791, "risk factors": 0.0038266155147748, "como": 0.0038136305964332, "covid19": 0.0037638379317795, "service": 0.0037638379317795, "brazil": 0.0036941848163118, "africa": 0.0036813628577823, "period": 0.003672855525707, "value": 0.0036517276478416, "pacientes": 0.0036096651334675, "phase": 0.0036059368737264, "official": 0.0035977110349016, "infect": 0.0035691564459141, "symptoms": 0.0035651068056408, "indian": 0.0035570294479866, "multisystem inflammatory": 0.0035491794398854, "physical": 0.0035449678250285, "education": 0.0035329708759627, "cohort": 0.0035131178118975, "italy": 0.0035052256497809, "pandemic cross": 0.0035011586420571, "sa\u00fade": 0.0034917969738689, "mayo": 0.0034825129967687, "anti": 0.0034778202686905, "dis": 0.0034661770907757, "calves": 0.0034641730316024, "knowledge": 0.0034584484971146, "protection": 0.0034277983515066, "center": 0.003412629306013, "equine": 0.0033936796166599, "measures": 0.0033863284498794, "19 jama": 0.0033851722538359, "br surg": 0.00336003158189, "saude": 0.0033435796262709, "enteric": 0.0033193466321193, "impact sars": 0.0033113842296796, "value health": 0.0032956274506062, "barc": 0.0032647644499682, "quality": 0.003248708745047, "inflammatory syndrome": 0.0032347300871684, "bmc infect": 0.0031911383586225, "pulmonology": 0.0031911383586225, "survey": 0.0031897801089702, "dairy": 0.0031840353962207, "das": 0.0031560661189243, "characteristics": 0.0031558276267971, "19 acute": 0.0031491817106131, "canine": 0.0031423394090381, "chain reaction": 0.0031423394090381, "post": 0.0031357007236975, "health emergency": 0.0031355387022585, "polymerase chain": 0.0031355387022585, "sectional survey": 0.0031355387022585, "challenges": 0.0031290317898773, "isolates": 0.0031287790876135, "dis covid": 0.0031220600714995, "idiopathic": 0.0031220600714995, "liver disease": 0.0031220600714995, "multisystem": 0.0031087419044437, "distress syndrome": 0.003102141809665, "knowledge attitudes": 0.003102141809665, "face covid": 0.0030955804253422, "syndrome": 0.003086161600957, "serv": 0.0030825719901644, "online": 0.0030763840516451, "non covid": 0.0030761240598066, "ablation": 0.0030697130805418, "epidemic": 0.003063413431899, "potential": 0.0030537345748146, "marketing": 0.0030320000885139, "patient": 0.0030281271348909, "combat covid": 0.0030136098746077, "fail": 0.0030136098746077, "south african": 0.0030136098746077, "pandemic experience": 0.0030075463756439, "public": 0.0029996647994655, "respiratory infection": 0.0029895506071153,