{"fortschr med": 0.440105186739966, "mmw fortschr": 0.440105186739966, "mmw": 0.426871906891249, "fortschr": 0.3988479458203496, "care": 0.2592910383387645, "innov": 0.2243368725656092, "der": 0.2203903212004653, "des": 0.1738755928813851, "med": 0.1327682674457411, "covid": 0.0648053262062917, "covid 19": 0.0576627794068279, "19": 0.0573154986176962, "pandemic": 0.0530173859257543, "health care": 0.0527454964868563, "health": 0.0463776042316828, "und": 0.0447980992872695, "acm": 0.0403520914187187, "zur": 0.0378302038140174, "f\u00fcr": 0.0367769864564848, "mit": 0.0351207721897545, "conf": 0.0350470380150503, "abstract": 0.0337880772340462, "value": 0.0311385033592564, "patients": 0.0307299707074287, "centered": 0.0303642520707392, "care unit": 0.0301623572044344, "contact tracing": 0.0278768167331479, "nurse": 0.0271847264631017, "post": 0.0267383104477107, "proc": 0.0263787214035052, "syst": 0.0262308231147889, "patient": 0.0258210239248779, "tracing": 0.0253778258214274, "intensive care": 0.0243544663447423, "post covid": 0.0237959766993721, "planning": 0.0235554189943202, "intensive": 0.022335037206716, "unit": 0.0217015896533375, "contact": 0.0213461423041729, "patients covid": 0.0212712503732768, "delivery": 0.0203357765555551, "digital": 0.0202665881192188, "crisis": 0.0201293302096827, "family": 0.0200612527437735, "transmissible": 0.0197447241941126, "virtual": 0.0193569006448779, "surveillance": 0.0190815386434017, "immun": 0.0183465158167047, "outcomes": 0.0181524288296574, "das": 0.017941311606165, "bei": 0.0177479971855057, "experience": 0.0175625065032438, "au": 0.0172009935992114, "privacy": 0.0171314895767078, "multiplex": 0.0170970203608444, "advance": 0.0170627369637588, "19 pandemic": 0.0169987367427035, "acute care": 0.0169274221832253, "pandemic impact": 0.0168277926559439, "novel": 0.0167346626997003, "model": 0.0166651591960602, "system": 0.0166478425024173, "19 global": 0.0163824419118864, "let": 0.0162306553569451, "navigating": 0.0158521720040276, "thorax": 0.0158521720040276, "von": 0.0155756260534887, "health covid": 0.0154417357448523, "care workers": 0.0153366167439819, "mitigating": 0.0152076152669185, "waste": 0.015031299485677, "care patients": 0.0150065058684718, "expanding": 0.0149572067475019, "path": 0.014908286854294, "methodology": 0.014416142129492, "caring": 0.0143936304077269, "transformation": 0.0143936304077269, "workforce": 0.0142163491092575, "discharge": 0.0140651810977936, "forward": 0.0140226421113729, "institutional": 0.0137325795675247, "global pandemic": 0.0136922013064312, "proposal": 0.0136520777994691, "engagement": 0.0132266602500724, "building": 0.0123704496972482, "coronavirus pandemic": 0.012321592442164, "mental health": 0.012321592442164, "good": 0.0122249897529219, "communities": 0.0121141105225549, "reducing": 0.0119284168994019, "rehabilitation": 0.0119131844256332, "video": 0.011837564572016, "better": 0.0113877849409556, "re": 0.0112629477965463, "remote": 0.0111136237489552, "of": 0.0110868466367299, "cost": 0.0109677255831234, "mental": 0.0109677255831234, "capacity": 0.0109154907534646, "cardiovascular": 0.0109024988086847, "service": 0.0106981581856364, "practices": 0.0104395540188481, "hiv": 0.0104154647674771, "times": 0.0103675582904056, "nursing": 0.0102845806299002, "program": 0.0102493475494323, "design": 0.0100080346793613, "implementation": 0.0098851948596183, "workers": 0.0097973239658737, "2021": 0.0096677530032505, "monitoring": 0.0094782158197497, "large": 0.0093346068681572, "influenza": 0.0092941644122576, "low": 0.0091842557814201, "world": 0.009144755314318, "rapid": 0.0090277049900155, "challenges": 0.0088938146813791, "assessment": 0.0086797933732678, "global": 0.0086797933732678, "potential": 0.0086797933732678, "virus": 0.0084462241504601, "acute": 0.0083760490410823, "management": 0.008280805460583, "impact": 0.0080529005440737, "based": 0.0079787117664721, "coronavirus": 0.0076668672273305}