{"de": 0.463580421517281, "revista": 0.3652535024796254, "saude": 0.3340471131466531, "de medicina": 0.238251374869683, "brasileira de": 0.2260336626611149, "espanola de": 0.2015482122389525, "brasileira": 0.201043399383571, "da": 0.1864229964519306, "brasil": 0.1813600474701065, "espanola": 0.1645878206182392, "de salud": 0.1470126648874052, "medicina": 0.1451946589472295, "salud publica": 0.1394530994166395, "tropical": 0.1358644395135768, "values": 0.1336573115219408, "19": 0.128650082998555, "covid 19": 0.1266757667142627, "covid": 0.1265482512682324, "publica": 0.1228535560067481, "salud": 0.1199839789607642, "human": 0.0945657777247531, "brazil": 0.0842453888149494, "paulo": 0.0632758373160217, "pandemic": 0.0578735857203119, "sao paulo": 0.0549574356552381, "sao": 0.054362961580299, "19 pandemic": 0.0422143522385341, "health": 0.0383910983239378, "sars cov": 0.0359114474463637, "cov": 0.0354379369144041, "sars": 0.0349364582982581, "bras": 0.0341192976488738, "19 revista": 0.034035910695669, "food": 0.0320191494805639, "trop": 0.0313873500467593, "medicine": 0.0289517833774873, "agriculture": 0.0282315244613563, "med": 0.0253626376562734, "2020": 0.0250232183759799, "madrid": 0.0249893815086505, "soc": 0.024962647530993, "spatiotemporal": 0.0247585180743336, "wild": 0.0242258426558068, "rev": 0.0231764511578678, "19 epidemic": 0.0225845380453586, "tuberculosis": 0.0224988835166806, "screen": 0.022205118445987, "risk": 0.0218953160789824, "la sociedad": 0.020755516666236, "pregnancy": 0.0207282043191408, "prevent": 0.0205330416162011, "rio": 0.0202555548005201, "epidemic": 0.0199602091630002, "geographical": 0.0186722827743592, "care": 0.0185745757799182, "primary": 0.0184682470509755, "volume": 0.0183466609004082, "sociedad": 0.018298830303425, "animal": 0.0182761486666135, "2013": 0.0178214596730495, "analysis": 0.0177914075647069, "state": 0.0177353454235903, "study": 0.0176828834378131, "em": 0.0175486522334368, "estimates": 0.0174013912614014, "expanding": 0.0171435941306635, "nuclear medicine": 0.0171379477849866, "therapy": 0.0169536946986469, "sectional study": 0.0166538388344902, "rt pcr": 0.016627571526083, "process": 0.0164070922048002, "factors": 0.0161516296280513, "landscape": 0.0158805870643315, "evolution": 0.0158076641177234, "dynamics": 0.0157895149180641, "incidence": 0.0157172551532761, "response": 0.0156556988517947, "specific": 0.0154334716758101, "rt": 0.0153998082113865, "crisis": 0.015381172570631, "cov vaccine": 0.0150872884008369, "stress": 0.0150227530860521, "laboratory": 0.0149726125091828, "infection": 0.014856468789261, "2018": 0.0148044431421381, "surveillance": 0.0145805367456364, "lessons": 0.0144059886589427, "de la": 0.0141814314299931, "cross sectional": 0.0141041446433377, "infectious": 0.0140964435901835, "sectional": 0.0140856206938642, "autism": 0.0140188929739354, "current": 0.0137964539228814, "19 hospital": 0.0133341704213546, "transmission": 0.0132787573342398, "brazilian": 0.0132641751946651, "patient": 0.0131535300579416, "pcr": 0.0131493827404341, "hospital": 0.0130572344999625, "neonatal": 0.0129725695019614, "respiratory": 0.012707693046746, "consumer": 0.0124713840103834, "marine": 0.012311293638406, "assistance": 0.0122665057932809, "based": 0.0121933458583137, "health care": 0.012091126361438, "foreign": 0.0120699170932944, "sport": 0.0118604257410039, "disease": 0.0118246963446919, "patients": 0.0117406535045571, "identification": 0.0117073972283671, "education": 0.0115098466496062, "mechanical ventilation": 0.0114856783083037, "region": 0.0113555727386842, "epidemiological": 0.0113428627612792, "2021": 0.0110809482305853, "vol": 0.011050212790822, "spread": 0.0110078121301247, "test": 0.0109715174317596, "nuclear": 0.0109471817907732, "moving": 0.0109302203536698, "2009": 0.0109133179129885, "screening": 0.0107691927802129, "receiving": 0.010763784674854, "acceptance": 0.0106987743835802, "national": 0.0106758901278119, "care covid": 0.0106505811277851, "global health": 0.0106346223390689, "trend": 0.010618715788707, "cross": 0.010606688625186, "power": 0.0105088043905738, "primary care": 0.0104933037496904, "population": 0.0103141826737113, "results": 0.0103141826737113, "behaviour": 0.0103110531353211, "review meta": 0.0102813316555339, "characteristics": 0.0102811750541612, "indicators": 0.0102517908545516, "descriptive": 0.0101787150895646, "fast": 0.0101210355186549, "children": 0.0101183424409392, "la": 0.0100357798793231, "severe": 0.010022360758941, "potential": 0.009948572433431, "products": 0.0098289636973708, "19 pneumonia": 0.0097886361066172, "20": 0.0097486404339538, "virus": 0.0096808609532846, "reality": 0.0096435672204702, "building": 0.0094524765398383, "deaths": 0.0094275562452418, "review": 0.0093837068909924, "infectious disease": 0.0092927331844496, "southern": 0.0092207400632895, "dose": 0.0088207949785494, "ventilation": 0.0087879976878216, "coronavirus": 0.0087875806103296, "mechanical": 0.0087662551602894, "meta analysis": 0.0087338226919818, "tertiary": 0.0086062150060689, "care community": 0.0084795261206125, "case report": 0.0084512779671786, "observational": 0.0084512779671786, "pandemics": 0.0083109955348011, "risk factors": 0.0083109955348011, "surg": 0.0082326156614506, "meta": 0.0081173664621534, "sobre": 0.007978681877795, "practices": 0.0079770454481932, "medicine official": 0.0079549770712523, "severe coronavirus": 0.0079549770712523, "severity": 0.0079311579797707, "experimental": 0.0079129236364371, "antiviral activity": 0.0079082501811949, "adult": 0.0078317053648591, "training": 0.0078049314855781, "rhino": 0.0077732308136037, "relationship": 0.0077080036759927, "conditions": 0.0076905862853155, "isolation": 0.0076905862853155, "int surg": 0.0076661772254721, "people": 0.0076559376765163, "possible": 0.0075873729158153, "sa\u00fade": 0.0075838058321269, "tool": 0.0075788699446229, "versus": 0.0075788699446229, "lockdown": 0.0075534499382879, "term": 0.0074283070535983, "systematic review": 0.0074036606095736, "blockchain": 0.0073522284581597, "science covid": 0.0073156905756663, "pneumonia": 0.0072982806529459, "american medical": 0.0072796940150863, "transmission sars": 0.0072796940150863, "monitoring": 0.007242470150106, "med inform": 0.0072266797651028, "studies": 0.0071794618534753, "med assoc": 0.0071577468184617, "strategy": 0.0071249919035401, "different": 0.0070941381694361, "colon": 0.0070254843234035, "surg covid": 0.0070094464869677, "labour": 0.0069935138174286, "murine": 0.0069935138174286, "world": 0.0069876671573533, "blood pressure": 0.0069776849445189, "cancer care": 0.0069776849445189, "perspective": 0.0069502001498779, "critical illness": 0.0069463332398713, "implications": 0.0069352938596723, "systematic": 0.0069352938596723, "emergency": 0.0068761217824742, "elevation": 0.0068546346819117, "forecast": 0.0068248217508421, "heart disease": 0.0068248217508421, "diagnosis": 0.0068104032434143, "report": 0.0067170185390825, "experience": 0.0067099088863196, "vaccine": 0.006681573839294, "bats": 0.0066810091651057, "por": 0.0066810091651057, "health professionals": 0.0066670852106773, "lockdown covid": 0.0066670852106773, "global": 0.0066323816222873, "pneumothorax": 0.0066257858016601, "hemorrhagic": 0.006558476140052, "transmission dynamics": 0.0065320658430861, "ischemia": 0.0065189675720212, "syndrome coronavirus": 0.0065059395333102, "na": 0.0064929809778027, "midst": 0.0064800911682709, "early": 0.0064606518512205, "june 2020": 0.0064418270168606, "wildlife": 0.0064418270168606, "role": 0.0064069557601605, "reinfection": 0.0064041561320625, "acute": 0.0064002852762077, "factors covid": 0.0063548199517629, "health sciences": 0.0063426408616093, "pandemic influenza": 0.0063426408616093, "conservation": 0.0063305225152999, "management": 0.0063275079938717, "anticoagulation": 0.0063064656514649, "tertiary hospital": 0.0062945259547199, "medical": 0.0062882659491512, "emergency medicine": 0.0062826446430332,