{"animal": 0.3884543355466506, "natl med": 0.379540301832402, "une": 0.3109858399025524, "natl": 0.2738383977049077, "bull": 0.2482403525530764, "un": 0.2482403525530764, "covid 19": 0.2341267260000537, "covid": 0.2338910473484229, "19": 0.2327166705882519, "21": 0.2243563827491434, "origin": 0.2230321831000114, "11": 0.210065871756655, "acad": 0.2017093359078726, "world": 0.1485208756038109, "future": 0.1459938710784477, "med": 0.1347689102638456}