{"ecmo": 0.427681088447291, "cardiopulmonary": 0.3817329756307066, "patients severe": 0.3478846426399454, "erratum": 0.3148224993045659, "guidance": 0.2919725553513637, "failure": 0.2591440219232364, "initial": 0.2555608244182581, "19 patients": 0.2428129412558038, "severe": 0.2143052534827233, "patients": 0.1882852592715478, "covid 19": 0.1766524848705447, "covid": 0.1764746614321325, "19": 0.1755885747541923}