{"chest": 0.377325841473539, "arch": 0.371969336381758, "techniques": 0.3712507195805561, "dis": 0.3381344936087357, "covid": 0.247131906575539, "covid 19": 0.237866276235451, "19": 0.2364336989478378, "laparoscopic": 0.2350032133099602, "gastric": 0.1055708346655534, "patients": 0.1014120203874184, "centre": 0.0908641393794489, "cholecystectomy": 0.0894568953191305, "tertiary": 0.0892052884090519, "care": 0.0855686727352754, "india": 0.0766556826828755, "hernia": 0.0754556101244837, "hernia repair": 0.071711813264593, "pandemic": 0.069985100520652, "sleeve gastrectomy": 0.0661257699552788, "treatment": 0.0644419556104167, "sleeve": 0.0629593731311019, "pancreatic": 0.0618966294380779, "profile": 0.0597615561938738, "repair": 0.0589423222042784, "report": 0.0580194638027345, "gastrectomy": 0.05780450242484, "19 pandemic": 0.0560975554947299, "health care": 0.0557009563438496, "review": 0.0540356448454657, "pulmonary": 0.0533237623826779, "preliminary": 0.0531430651866111, "pandemic indian": 0.0481081418206851, "mis": 0.0475750894109799, "results": 0.047514997499584, "infected covid": 0.0471605068503723, "dis covid": 0.0468561527649553, "gender": 0.0467002127210695, "outcome covid": 0.0459748562136774, "patients infected": 0.0447783685917619, "evaluation": 0.0445974342844972, "dimer": 0.0439973095956419, "case report": 0.0437996661689021, "resection": 0.0433322824408683, "19 global": 0.0432509760320027, "case": 0.0426962011956798, "differences": 0.0425157688673536, "outcome": 0.0422666608924598, "patients covid": 0.0421183703113486, "clinical": 0.0413166189889482, "health": 0.0408135461903847, "infected": 0.0403119070988207, "combating": 0.0402169027954752, "surgical": 0.03994756640928, "therapy covid": 0.0397495637401823, "19 patients": 0.0392343262200615, "literature": 0.0387554341412802, "surgery": 0.0379073873200892, "tertiary care": 0.0377647029244186, "mortality covid": 0.0374747174668528, "reconstruction": 0.0371896556002911, "large": 0.0369661794097287, "global pandemic": 0.0361485225288749, "perspective": 0.0360201673112561, "spontaneous": 0.0358327187240845, "therapy": 0.0351457458156767, "hernias": 0.0346251894795046, "non": 0.0340847992290565, "management covid": 0.0336822587278979, "management": 0.0327929975666347, "project": 0.0326589910245661, "time covid": 0.0324872274741681, "benefits": 0.0319822348022428, "sex": 0.0316538186467669, "literature review": 0.0316132146593367, "parameters": 0.0309765605415129, "technique": 0.0305524572884929, "incision": 0.0298189651063768, "risks": 0.0296627264526683, "exploring": 0.0294831553225487, "cardiac": 0.0284442833434017, "low middle": 0.0281637647722355, "laparoscopic surgery": 0.0276496324810439, "co": 0.0275931591028549, "initial": 0.0275294408456607, "prospective": 0.0272769587852438, "indian": 0.0266921057550717, "embolization": 0.0266331989482881, "mesh": 0.0261329310207924, "chronic": 0.0258657302925224, "laboratory": 0.0258657302925224, "middle income": 0.0257266483368192, "age": 0.0256085207252125, "care professionals": 0.0255306502439912, "efficacy": 0.0252438169487968, "bypass": 0.0246139363500343, "mortality": 0.0241169258835296, "cancer": 0.0238338737440511, "post": 0.0235304364377877, "minimally invasive": 0.02347849617554, "experience": 0.0231832211558936, "vaccine": 0.023085321516303, "non covid": 0.023083370526087, "global": 0.0229153588438828, "minimally": 0.0226600100502819, "hospital": 0.0225568454226083, "19 based": 0.0225235050863952, "axis": 0.0223448840859025, "related": 0.0222987171422486, "managed": 0.0222569788815426, "role": 0.0221364961641528, "tracheal": 0.0221268232463158, "time": 0.0220215762040687, "wall": 0.0219986547978209, "safety efficacy": 0.0219563631702925, "pulmonary embolism": 0.0219142835317619, "trainees": 0.0218307517947109, "associated": 0.0216814617928987, "use": 0.0214363517372629, "characteristics covid": 0.0213462979524948, "lipid": 0.021152412422084, "embolism": 0.0209629039162411, "recurrence": 0.0209629039162411, "simultaneous": 0.0205604583476073, "infection": 0.0205320702484819, "study": 0.0203652143100642, "care workers": 0.0202449563616243, "percutaneous": 0.0199408835526398, "focused": 0.0199077676504862, "reliability": 0.0199077676504862, "prospective study": 0.0198091966122114, "radiological": 0.0196795435284116, "fusion": 0.0193639097227502, "determination": 0.0191498212820024, "endoscopic": 0.0188531518838672, "skills": 0.0186800556419218, "programme": 0.0185666097221155, "narrative review": 0.0183442160461438, "income": 0.0182895261438618, "quality life": 0.0182081535812852, "options": 0.0173859806766203, "review literature": 0.0173859806766203, "urgent": 0.017216381568785, "19 pneumonia": 0.016910223336784, "country": 0.0167046244000622, "optimal": 0.0166820878219375, "days": 0.0165703036095479, "outpatient": 0.0163727681354667, "narrative": 0.0162864448009627, "target": 0.0159291623574862, "perceptions": 0.0159086118691093, "professionals": 0.0158066073296683, "rehabilitation": 0.0157258868009183, "post covid": 0.0157058273641106, "gastrointestinal": 0.0156459350507863, "guide": 0.0156260655259846, "cause": 0.0153527200190987, "invasive": 0.015333531735751, "vs": 0.0151815842335527, "site": 0.0151627827244401, "telemedicine": 0.0151253055626004, "combined": 0.0150694016691506, "pain": 0.0150694016691506, "randomized": 0.0150323381638701, "practical": 0.0147773767360355, "aspects": 0.014759458115978, "reduction": 0.0147059306000273, "predicting": 0.0145648370214815, "improving": 0.014460551577174, "cardiovascular": 0.0143917407795362, "north": 0.0143234894254658, "middle": 0.0141886291708695, "prevent": 0.0141886291708695, "service": 0.0141220028663068, "inflammatory": 0.0140723778726779, "imaging": 0.0140559011837581, "years": 0.0138285600484264, "19 infection": 0.0136698621219163, "trial": 0.0136072135452715, "program": 0.0135295546167181, "rate": 0.013092772272674, "epidemiological": 0.0130634707758763, "levels": 0.0130634707758763, "workers": 0.0129328651462612, "type": 0.0128897776078234, "series": 0.0126636394815076, "emerging": 0.0126080441107026, "pneumonia": 0.0126080441107026, "single": 0.0125803838869645, "self": 0.0123623230473779, "strategy": 0.0123086815210335, "level": 0.0122953245248828, "quality": 0.0121892268054325, "low": 0.0121235902684864, "life": 0.0120067224370853, "outcomes": 0.011980971280974, "safety": 0.011980971280974, "survey": 0.0119681252642214, "characteristics": 0.0118407348028741, "diagnosis": 0.0117652182188938, "comparison": 0.0117152486052255, "cases": 0.0116779656262115, "assessment": 0.0114576794219414, "potential": 0.0114576794219414, "outbreak": 0.0113496667341727, "high": 0.0112195110989459, "effects": 0.0112077782244858, "acute": 0.0110567245794987, "novel": 0.0110452168733653, "risk": 0.0108071289690931, "based": 0.0105322232556662, "new": 0.0105106148259501, "disease": 0.0102137955635729}