{"de": 0.5826223246858269, "espanola de": 0.3417657091838253, "la sociedad": 0.2918623968850646, "espanola": 0.2858990181970211, "sociedad": 0.2573166719207099, "de la": 0.2522052971492659, "revista": 0.1970395862234276, "la": 0.1784782346608675, "cell therapy": 0.1766199830557239, "hematology": 0.1352627895344585, "transfusion": 0.1200148238431633, "covid": 0.1069527237203649, "19": 0.1018873815396061, "covid 19": 0.1002268453272823, "em": 0.0919330753483421, "cell": 0.0906974538640788, "com": 0.0882964402089964, "therapy": 0.0841417001738614, "pacientes": 0.0713334937543334, "revista de": 0.0658013201563547, "pandemia": 0.0613256743468363, "del": 0.0550090232926542, "de covid": 0.0532779072052447, "da": 0.0447688537050856, "de medicina": 0.0422303138608462, "pandemia de": 0.0381648762043044, "sars": 0.0361230625968811, "sars cov": 0.0346557557755263, "peru": 0.0343966171185413, "cov": 0.0341988021710457, "durante": 0.0329006600781773, "da covid": 0.0301459455429652, "medica": 0.0273782799622439, "pandemic": 0.0263292661896815, "medicina": 0.0257359103241853, "cov infection": 0.0227637584036012, "infection": 0.0221199313434863, "patients": 0.0218509570756975, "para": 0.0217439942769245, "brasil": 0.0195672914665421, "law": 0.0178613155126711, "plasma": 0.0177321418140302, "clinical": 0.0173101704099458, "por": 0.0165790253989301, "19 pandemic": 0.0161162391135897, "pediatric": 0.0158319377176483, "analysis": 0.0147165490825628, "spain": 0.014377755444168, "therapy covid": 0.0142745407586841, "impact": 0.0127247172040551, "lockdown": 0.0124960002580129, "brasileira": 0.0123183269018548, "en": 0.0122458166026998, "disease": 0.0122263179227218, "health": 0.0122138579182306, "spanish": 0.0119331721826903, "manifestations": 0.0116206983568609, "hospital": 0.0108005750361437, "manifestations covid": 0.0107846111548361, "chile": 0.0104133076404657, "review": 0.0103492492118585, "mortality patients": 0.0100915682181222, "new": 0.0100652978709424, "nursing": 0.009750651658607, "coronavirus": 0.0096917841490655, "convalescent plasma": 0.0095006282080787, "literature": 0.0092783580030584, "hope": 0.0090551991209081, "mortality": 0.0086606747120246, "endoscopy": 0.008654242707793, "cancer": 0.0085590273246915, "emergency": 0.0085316001565439, "convalescent": 0.0084557037399146, "reflections": 0.0084075642791038, "report": 0.0083341916028317, "online": 0.0082902133232389, "collaboration": 0.0082665113175848, "remdesivir": 0.0082091694473773, "transplant": 0.0081414218279364, "diagnostics": 0.0081302407444157, "human": 0.0080919451456565, "2019 covid": 0.0080637996129735, "management": 0.0078509034451139, "2020": 0.0077619369088939, "team": 0.0076966974867356, "thorac cardiovasc": 0.0076002948709411, "production": 0.0075394315827562, "gastrointestinal": 0.007491521636145, "impacto": 0.0074746415533277, "pandemia por": 0.0074746415533277, "antiviral": 0.0074347734427707, "pandemia covid": 0.007414643113756, "study": 0.0073133904972768, "en el": 0.0071911020028274, "tertiary": 0.0071188176141357, "por covid": 0.0070630460567545, "disease 2019": 0.0069239412447609, "las": 0.0068964585651489, "scientific": 0.0068827986446918, "como": 0.0068512926539097, "impact covid": 0.0066987849633157, "cov infected": 0.006639539251065, "molecular": 0.0065153494726365, "gastrointestinal endoscopy": 0.0064297966522568, "indian": 0.0063903016064335, "rev": 0.0063903016064335, "pandemic bmj": 0.0063068885863568, "adm": 0.0062899281610897, "sa\u00fade": 0.0062731096657309, "indian ophthalmol": 0.0062398891000099, "recommendations": 0.0062062738345821, "epidemiology": 0.0061786950167278, "coronavirus disease": 0.0061649762425446, "center": 0.0061308827647522, "measures": 0.0060836325505893, "acquired pneumonia": 0.006021556972905, "kidney transplant": 0.0060068331087592, "anti sars": 0.0059777050849012, "lessons": 0.0059581131625227, "impact sars": 0.0059489931899265, "influenza": 0.0058744355848778, "science": 0.0058237943237614, "angiotensin converting": 0.0057848368084116, "detection sars": 0.0057848368084116, "bioethics": 0.0057717436124826, "converting enzyme": 0.005758735162752, "safety": 0.0057366789061889, "con": 0.0057202074947474, "transplant recipients": 0.0057202074947474, "current": 0.005706018216461, "sur": 0.0056949266775521, "das": 0.0056699599159036, "detection": 0.0056634824022421, "community acquired": 0.0056575918863064, "el": 0.0056452995026234, "health crisis": 0.0056330818451386, "critical covid": 0.0056209380108083, "rio": 0.0055849406580534, "children": 0.0055797377704073, "experience": 0.0055502468315622, "serv": 0.0055379256845469, "ablation": 0.0055148242983987, "diseases": 0.0054861184717223, "global": 0.0054861184717223, "pancreatitis": 0.0054694031908584, "19 management": 0.0054582065130588, "nursing homes": 0.0054582065130588, "patient": 0.0054401139989244, "approach covid": 0.005392305577418, "public": 0.0053889806275392, "na": 0.0053708102017477, "report cases": 0.0053708102017477, "data": 0.005366461818313, "2019": 0.0053552495462344, "19 experience": 0.0053495422946382, "federal": 0.0053495422946382, "organic": 0.0053495422946382, "press": 0.0053495422946382, "allergic": 0.0053284970922181, "bibliometric": 0.0053284970922181, "medicine": 0.0053217991706628, "role": 0.0052996525750583, "catheter": 0.005297336801887, "measures covid": 0.005297336801887, "acute": 0.0052941349394165, "season": 0.0052768284763145, "lymphoma": 0.0052666522598046, "respiratory": 0.005255722116657, "research": 0.0052502644146185, "treatment patients": 0.005246453110214, "outpatients": 0.0052264549505198, "saf": 0.0052264549505198, "colorectal cancer": 0.0052165299996492, "tumors": 0.0052165299996492, "control": 0.0052068675349672, "converting": 0.0051968259352852, "respiratory distress": 0.0051968259352852, "toxicology": 0.0051968259352852, "associated": 0.0051907137412215, "forensic": 0.0051870458747845, "impact coronavirus": 0.0051870458747845, "respiratory viruses": 0.0051870458747845, "19 prevention": 0.0051676273810464, "treatment": 0.0051426382546422, "august": 0.0051293443479964, "19 health": 0.0051104728622363, "ophthalmic": 0.0051104728622363, "thrombocytopenia": 0.0051104728622363, "leukemia": 0.0051011031554434, "thorac": 0.0051011031554434, "politics": 0.0050640551300492, "gastric": 0.0050548988569598, "infected patients": 0.0050548988569598, "multicenter study": 0.0050548988569598, "coll": 0.0050457841090611, "medical center": 0.0050457841090611, "surgeon": 0.0050367105114058, "patients coronavirus": 0.004991947002504, "19 treatment": 0.0049831127093042, "new zealand": 0.0049831127093042, "responses covid": 0.0049831127093042, "unusual": 0.0049743170783428, "zealand": 0.0049743170783428, "recruitment": 0.0049481588114645, "recipients": 0.004930907216553, "latin america": 0.0049138024455059, "19 emergency": 0.0048968420202387, "donor": 0.0048968420202387, "note": 0.0048968420202387, "replacement": 0.0048716667624577, "beta": 0.0048468029591589, "compounds": 0.0048385829130706, "silver": 0.0048303963499512, "breast cancer": 0.0048060348581361, "interventional": 0.0047979795428759, "committee": 0.0047899563846484, "predictor": 0.0047819651277307, "antibiotics": 0.0047660773100764, "chemotherapy": 0.0047346735701094, "wearing": 0.0047191538137082, "bras": 0.0047037529838119, "developing countries": 0.0047037529838119, "qualitative study": 0.0046960965994403, "complication": 0.0046808707806582, "dialysis": 0.0046808707806582, "immediate": 0.0046808707806582, "atypical": 0.0046657594427993, "century": 0.0046433033603866, "cov pandemic": 0.0046137469679083, "homes": 0.0046137469679083, "2015": 0.0045918614688858, "rt pcr": 0.0045846189440502, "departments": 0.0045774024247458, "enzyme": 0.0045702117248859, "february": 0.0045559070490755, "ophthalmol": 0.0045559070490755, "colorectal": 0.0045346391419661, "cardiovasc": 0.004527599560454, "costs": 0.0045205845499571, "endoscopic": 0.0045135939395459, "pandemic covid": 0.0045066275600687,