{"previously": 0.3348735278324363, "published": 0.3257952005788641, "articles": 0.3219168601166093, "otolaryngology head": 0.301645092699733, "missing": 0.2936286552193174, "interest": 0.2858836729548253, "neck surgery": 0.2755466434751353, "erratum": 0.2571249756532806, "head neck": 0.2082817338917027, "otolaryngology": 0.1928029149525089, "neck": 0.1773129525380368, "head": 0.152394163366659, "jama": 0.136767583707749, "surgery": 0.1021896031997979, "disease 2019": 0.0877102274102557, "coronavirus disease": 0.0780959065216743, "jama netw": 0.0741263316729614, "netw open": 0.0739548867766499, "2019": 0.0678385530631568, "2019 pandemic": 0.0667162315607071, "tracheostomy": 0.0667162315607071, "disease": 0.0619516016952592, "coronavirus": 0.061386178888279, "netw": 0.059295743007671, "pandemic jama": 0.0536995004610686, "finance": 0.0520148479833451, "space": 0.0517800841627388, "syndrome": 0.0468228843233402, "working": 0.0453103366785594, "2020": 0.0437003035221871, "current opinion": 0.0413543974454556, "sciences": 0.0397515412736156, "otolaryngol head": 0.0391474831147971, "respiratory syndrome": 0.0381768595744074, "severe acute": 0.0377678522990657, "neck surg": 0.0374444932047511, "open": 0.036886962675642, "dermatology": 0.0366508058173807, "metabolic": 0.0343304118942569, "behavioral": 0.034283330087104, "oxygen": 0.034283330087104, "academy": 0.0338195585954725, "spatial": 0.0330154249242221, "use": 0.0325054558895498, "opinion": 0.0313146327208841, "temporal": 0.0308090999389281, "acute respiratory": 0.0306945462042346, "pandemic": 0.0303209590056887, "diabetes": 0.0279266042304349, "experimental": 0.0276381046965667, "nursing": 0.0274484604823311, "10": 0.0271370209077783, "epidemiology": 0.0260898971582058, "studies": 0.0250762837464586, "current": 0.0240939920237649, "european": 0.0240682168015068, "otolaryngol": 0.0239417337636151, "severe": 0.0233372702420514, "global": 0.0231654526299584, "international": 0.0231166796636524, "anosmia": 0.0229073170091035, "high": 0.0226839173381137, "smell": 0.0226335355148973, "taste": 0.0224558014732593, "acute": 0.0223547910581594, "respiratory": 0.0221925906917975, "orthop": 0.0221534517758609, "investig": 0.0220270997103885, "21st": 0.0214221055928444, "availability": 0.0210043416376619, "healthcare system": 0.0204659058924567, "feature": 0.0203966280359215, "chin": 0.0201250371690629, "resident": 0.0200584761196378, "an": 0.0197652476692236, "university hospital": 0.0196381068598222, "century": 0.0196066170637751, "ratio": 0.0190884297872037, "2017": 0.0184068738412476, "radiation": 0.018217977546454, "demographic": 0.018007122220516, "pharmacy": 0.0176005059922787, "nurs": 0.0175263877019618, "respir": 0.0167511486922877, "taiwan": 0.0167063649984017, "dysfunction": 0.0163993266938873, "manifestations": 0.0163563570309594, "archives": 0.0162710649532514, "trauma": 0.0159382187516123, "gender": 0.0157366299311768, "day": 0.0156179358243588, "teaching": 0.0151963981897498, "spain": 0.015177726036348, "cost": 0.0146358511388488, "pandemics": 0.0145142412133119, "north": 0.0144798132135694, "reply": 0.0144284316824591, "surg": 0.0143773593700581, "imaging": 0.0142093045656427, "drugs": 0.0139794822732123, "initial": 0.0139149459143127, "retrospective": 0.0134611821361218, "surgical": 0.0134611821361218, "education": 0.0134004556494737, "clin": 0.0132060429645941, "trends": 0.013176524707712, "effectiveness": 0.013103175156043, "university": 0.0129727226938105, "responses": 0.0129583509879244, "age": 0.0129440035791013, "prevalence": 0.0129153813249965, "single": 0.0127176837589853, "sci": 0.0124972430456494, "healthcare": 0.0124700862535234, "learning": 0.0122426962355921, "mortality": 0.0121900666697231, "perspective": 0.0121377614792014, "int": 0.0121247353979064, "population": 0.0120083917438089, "diagnosis": 0.0118936215307693, "online": 0.0116686351210257, "epidemic": 0.0116194379380438, "assessment": 0.0115827263149792, "association": 0.0115461728185628, "hospital": 0.0114015132313369, "effect": 0.0112123914149505, "system": 0.01110783374373, "med": 0.011073265507349, "management": 0.011050297995908, "medical": 0.0109817660733011, "impact": 0.0107461709089782, "clinical": 0.0104418851406511, "health": 0.0103147443312497, "study": 0.0102937381564217, "patients": 0.0102518811527153}