{"bing": 0.3758387974988241, "zhong": 0.3723040308955411, "yi xue": 0.359344790281292, "zhonghua": 0.3506635547606049, "yi": 0.3133640477075487, "xue": 0.2859111840250831, "operational": 0.2413232690883844, "dilemma": 0.2382935610516698, "construction": 0.2066728826894676, "fever": 0.1806064035005493, "clinic": 0.1789909005595606, "mechanism": 0.1785343074037124, "china": 0.1317663895221651, "development": 0.1283407601267628}