{"plast reconstr": 0.3533971222179884, "reconstr": 0.3185305007354744, "plast": 0.2704117660189525, "series earth": 0.2658234037908482, "earth environmental": 0.2633707212661118, "iop conference": 0.2487102112284721, "iop": 0.220524757870983, "fortschr med": 0.2155551887025904, "mmw fortschr": 0.2155551887025904, "mmw": 0.2090737787558592, "conference series": 0.2011768190842168, "fortschr": 0.1953481731533038, "environmental science": 0.1785463288128505, "earth": 0.1539837850821117, "algorithms": 0.139121622327421, "surg": 0.1356919800914197, "construction": 0.12335287538837, "conference": 0.1083294594458778, "systems": 0.1040810377770842, "tools": 0.1032283959591647, "covid": 0.0987479793280379, "covid 19": 0.094812890924452, "19": 0.0942418692720305, "analysis": 0.0890587788450836, "series": 0.0886031462622681, "environmental": 0.0868309277409425, "science": 0.0825209383612562, "med": 0.0812842298990333, "plastic": 0.0614569669526233, "glob": 0.0484663300951934, "plastic surgery": 0.0414115914807215, "open": 0.0335241312092603, "und": 0.0292550145929552, "des": 0.027807664882468, "surgery": 0.0267904040536404, "surg covid": 0.0256736460675865, "bei": 0.0248360943680825, "pandemie": 0.0237819770587608, "surgeons": 0.0230264693040284, "pandemic": 0.016957983306761, "das": 0.015063968181214, "mit": 0.0147441337171896, "the": 0.0147033042402416, "programming": 0.0145911249906134, "space": 0.0144798487852851, "transition": 0.0140529377635907, "lockdown": 0.0138330894361909, "stop": 0.0136276589596301, "new": 0.013370758269122, "die": 0.0133098749920684, "programs": 0.0132858904918955, "theory": 0.0132353374824564, "surgery covid": 0.0131693500612764, "era": 0.0131625247564796, "von": 0.0130776801842969, "percutaneous": 0.0126835935894434, "reconstruction": 0.0118274216917288, "19 pandemie": 0.0117245457173873, "med covid": 0.0113628123334261, "impact": 0.0112690235274961, "optimization": 0.0112648345535428, "sustainable": 0.0112486782955674, "education": 0.0112419615338089, "chemical": 0.0111211584635049, "era covid": 0.0110585226815076, "multidisciplinary": 0.0110120233526419, "one": 0.0110120233526419, "coronavirus": 0.0107288183548421, "network": 0.0106808873019828, "neural network": 0.0105622062750504, "synthesis": 0.0105115257418045, "building": 0.0103865349823488, "algorithm": 0.0103728260167001, "f\u00fcr": 0.0102929552744452, "angiotensin converting": 0.0102461156584198, "converting enzyme": 0.0101998843663089, "development": 0.0095750356705916, "approach": 0.0094456767716893, "model": 0.009328319407003, "converting": 0.0092046295086807, "poverty": 0.0091700684657652, "sign": 0.0090021241396061, "impact covid": 0.0088986769780453, "software": 0.008857463895857, "geographic": 0.0088261001735141, "study": 0.0086356622058697, "evolutionary": 0.00861396664187, "new normal": 0.00861396664187, "russian": 0.0085701086810412, "thermal": 0.0085267845017567, "postoperative": 0.0084698271353158, "corona": 0.0084219615500032, "waste": 0.0084137667726488, "change": 0.0083840916097975, "sequence": 0.0083585755979872, "text": 0.0082773608330254, "der": 0.0082242291084982, "enzyme": 0.0080947690431918, "species": 0.0079944874974665, "smart": 0.0078491710163742, "diverse": 0.0078373248841172, "neural": 0.0078373248841172, "preparation": 0.0077786784265612, "trend": 0.0077786784265612, "quality": 0.0077530766659128, "angiotensin": 0.0076981634717866, "frontline": 0.0076754897680094, "future": 0.0075475224477796, "challenges": 0.0074674663876788, "infections": 0.0074436817639999, "online": 0.0073418220216139, "guided": 0.007331075418561, "patient": 0.0072266563959398, "outbreak": 0.0072190662892074, "breast": 0.0070548336490678, "management": 0.0069527687111894, "properties": 0.0069427059710854, "cross sectional": 0.0068879393607344, "response": 0.0068810946258139, "sectional": 0.0068788929531768, "based": 0.0066991233871615, "clinic": 0.0066769288878932, "structure": 0.0066769288878932, "northern": 0.0066598965134945, "nutrition": 0.0066514107896714, "engineering": 0.0066176687412282, "sars cov": 0.0065766804356582, "essential": 0.0065759360304544, "machine": 0.0065759360304544, "skin": 0.0065759360304544, "normal": 0.0065593789798703, "biology": 0.006551129243946, "disease": 0.0064965843460265, "light": 0.0064939102939757, "cov": 0.0064899635898315, "health": 0.0064899635898315, "patients": 0.0064504105261077, "line": 0.0064455870253362, "vs": 0.0064375965405937, "structural": 0.0064137321420001, "sars": 0.0063981247796963, "letter": 0.0063821597890661, "advanced": 0.0062661964582526, "economic": 0.0062434503140351, "remote": 0.0062208485907543, "protein": 0.0061983894660458, "distribution": 0.0060236422618539, "policy": 0.0060094599344965, "19 outbreak": 0.0060023899034573, "services": 0.0060023899034573, "behavior": 0.0059953338863639, "local": 0.0059742493659388, "natural": 0.0059463295407903, "setting": 0.0059186269927474, "hiv": 0.0058300542455293, "plos pathog": 0.005810175098576, "developing": 0.0057700006467415, "program": 0.0057370701671479, "factor": 0.0057174571177639, "surgical": 0.0056464532151868, "physical": 0.0056400679947158, "auf": 0.0056312238027499, "den": 0.0056158134923805, "molecular biology": 0.0056005354609848, "19 patients": 0.0055456391300845, "cell": 0.0055394320501193, "calves": 0.0055115229271626, "effectiveness": 0.0054962829223192, "vaccines": 0.0054779493566886, "multi": 0.0054657792270292, "following": 0.0054476016924254, "age": 0.0054295165080993, "multiple": 0.0054175105626273, "virtual": 0.0054175105626273, "application": 0.005352192042705, "pandemic health": 0.0052811031375252, "lessons": 0.005276511558666, "feline": 0.005255856193239, "self": 0.0052421174799145, "national": 0.0052137074371941, "influenza": 0.0052024066040266, "state": 0.0051967696124162, "rotavirus": 0.0051942625133428, "quantum": 0.0051821954859082, "cross": 0.0051799119986324, "pandemic indian": 0.0050999421831544, "practice": 0.0050858647092432, "outcomes": 0.0050804091381246, "dairy": 0.0050658220380667, "rapid": 0.0050532559976366, "emergency": 0.0050370629774857, "graft": 0.0050323436893985, "19 public": 0.0049994834379935, "assembly": 0.0049779088740934, "terminal": 0.0049779088740934, "china": 0.0049153046881351, "spike protein": 0.0049147112390632, "severe": 0.0048945480144093, "transactions": 0.0048737926615943, "pneumothorax": 0.0048536808122505, "trace": 0.0048536808122505, "inactivation": 0.0048337936810093, "education covid": 0.0048043735115309, "indonesian": 0.0048043735115309, "los": 0.004785026802255, "multiplex": 0.004785026802255, "pathog": 0.0047754317400474, "covid era": 0.0047658881261417, "19 pandemic": 0.0047575196848099, "traffic": 0.0047282173077317, "evaluation": 0.0047277722181772, "virus": 0.0047277722181772, "propagation": 0.0047189228754934, "role": 0.0046933781394258, "novel": 0.0046836119893822, "time": 0.0046690128187155, "automatic": 0.0046462646349473, "placement": 0.004637387410914, "conflict": 0.0045936535220225, "linear": 0.0045936535220225, "resection": 0.0045936535220225, "modification": 0.0045764564826467, "speed": 0.0045764564826467, "limb": 0.0045679198728579, "receptors": 0.0045679198728579, "climate change": 0.0045509685092141, "positioning": 0.0045509685092141, "use": 0.0045449335742499, "care": 0.0045355657807961, "case": 0.0045262225747549, "bacteria": 0.004501062069803, "federation": 0.0044685519471941, "residency": 0.004460516359148, "prophylactic": 0.0044366249973561, "directed": 0.0043975051868206, "developments": 0.0043897833537588, "prone": 0.0043441429113064, "sport": 0.0043441429113064, "implication": 0.0043366486697965, "vaccinated": 0.0043366486697965, "synthetic": 0.0043143534338634, "cultural": 0.0042923340223619, "compounds": 0.0042850543405206, "em": 0.0042850543405206, "man": 0.0042850543405206, "partial": 0.0042778043112333, "doctor": 0.0042705836939103, "published": 0.0042705836939103, "pathogenic": 0.0042633922508783, "complexity": 0.0042419906335585, "microbial": 0.0042419906335585,