{"cir": 0.6284997830825679, "bras": 0.461075033765191, "acta": 0.3469008457066383, "em": 0.3468698597144717, "de": 0.2826810554818104, "da": 0.1892165458932721, "com": 0.1014986209188402, "na": 0.0864340349809675, "experimental": 0.0670321248734455, "sobre": 0.0579335806872873, "para": 0.0477180712548576, "das": 0.0414765180419499, "intestinal": 0.0329665856683137, "covid 19": 0.0199956226410541, "covid": 0.0199754944760083, "19": 0.0198751966802974, "laser": 0.0152638469305542, "cerebral": 0.012661389467759, "situation": 0.0116234146180781, "zhong": 0.0114716976265991, "renal": 0.0111587038359422, "zhongguo": 0.0111194354815291, "total": 0.0109186387384601, "como": 0.0100236251255854, "za zhi": 0.0099272102871517, "zhi": 0.0095703621430369, "pacientes": 0.0094875288027673, "food security": 0.0093544568130349, "education": 0.0092859480604603, "brasileira": 0.0090110215163663, "za": 0.0089423711811762, "terminal": 0.008223583244885, "19 sars": 0.0080851864478256, "por": 0.0080851864478256, "posterior": 0.0080183565455308, "19 based": 0.00788908785553, "manifestations covid": 0.00788908785553, "post pandemic": 0.0077501459867989, "syndromes": 0.0075043685157743, "based": 0.0073780376774657, "vertical": 0.0072392892105812, "donor": 0.0071642113670443, "adapting": 0.0071396054567193, "abdominal": 0.006915579742863, "carcinoma": 0.0066758597923914, "protecting": 0.0066342988301537, "nuclear": 0.0066239997333727, "exploratory": 0.0065730385075989, "scenario": 0.0065328960530773, "context covid": 0.0065130284834046, "gap": 0.0065130284834046, "psychol": 0.0063870617467264, "dev": 0.0063121433213969, "tumor": 0.0062937082194749, "exploration": 0.0062481198779953, "security": 0.0062390864173577, "mers": 0.0061590103579152, "disaster": 0.0060725220897357, "la": 0.0060725220897357, "neurol": 0.0060302136026116, "preprint": 0.0059802341139091, "en": 0.005971986172667, "vascular": 0.0058747743728177, "des": 0.0057423371136059, "editorial": 0.0057423371136059, "15": 0.0057347293755331, "neurological": 0.0057195726969999, "manifestations": 0.0056671312461602, "serum": 0.0055865676004261, "inflammation": 0.0055364257669176, "trauma": 0.0055222551894919, "gastrointestinal": 0.0054801486591057, "right": 0.0054731891549696, "video": 0.0054731891549696, "cells": 0.005377447097485, "progress": 0.0053439952108062, "neonatal": 0.0052330239608381, "school": 0.0050348596180538, "scientific": 0.0050348596180538, "ann": 0.0048888321382887, "food": 0.0048435944902468, "phase": 0.0047388647818386, "10": 0.0047012014601748, "crisis": 0.0046534754311238, "context": 0.0046116929998424, "anti": 0.0045704959809322, "india": 0.0044749060517829, "science": 0.0042601837389462, "world": 0.0042281480541611, "post": 0.0041208879262935, "children": 0.0040816530934287, "global": 0.0040131693194942, "development": 0.0039545271368689, "data": 0.0039256388709976, "system": 0.0038486291028677, "med": 0.003836651941196, "2020": 0.0037853073745044, "analysis": 0.0035884510801453, "health": 0.0035738404208917, "sars": 0.0035232673710857, "pandemic": 0.0035018566760604}