{"lancet infect": 0.4923909010693963, "lancet": 0.3895545572280162, "20": 0.3078901051121517, "doi": 0.2872606373673612, "infect dis": 0.2860395216532534, "infect": 0.2448248433369327, "dis": 0.2377610161075193, "published": 0.2367279654307274, "10": 0.2103273626600703, "correction": 0.1590092883718525, "2020": 0.1552385236075358, "online": 0.1356578486924785, "infectious diseases": 0.1307760803032749, "march": 0.123057632134835, "infectious": 0.1113015586145902, "diseases": 0.1047348442413395, "23": 0.0531453821330186, "12": 0.0404001095163323, "18": 0.0232273323811552, "17": 0.022897110969735, "30": 0.022608184443905, "11": 0.0222958407533961}