{"bulletin": 0.4186636100363498, "maladies": 0.3364862359542925, "sur": 0.2722590859371118, "les": 0.2704742102549933, "euro": 0.2498627160783114, "communicable": 0.2369731743946124, "pfizer": 0.1847916678837242, "bnt162b2": 0.1675335962932869, "december": 0.1625799898760535, "middle east": 0.1550022597740399, "24": 0.1463496754279622, "surveillance": 0.1441462804271827, "european": 0.1362487592332246, "healthcare workers": 0.121544257352242, "province": 0.121544257352242, "cov infection": 0.1209193220244623, "march": 0.1198401447754845, "preventing": 0.1175870861506867, "disease": 0.1169014574019951, "cov": 0.1167823215596703, "east": 0.114984027001191, "east respiratory": 0.1099003616998083, "middle": 0.1082634702765279, "italy": 0.1003512686269055, "region": 0.0997898683373398, "effectiveness": 0.0989017381581123, "workers": 0.0986816164190995, "2021": 0.0973765384123734, "healthcare": 0.0941232327865399, "vaccine": 0.088073942510797, "mers cov": 0.087700464562428, "syndrome coronavirus": 0.0857587984833275, "2020": 0.0824616156945002, "sars cov": 0.0788951533960926, "infection": 0.0783329083554403, "sars": 0.0767531645911523, "respiratory syndrome": 0.0720389852910141, "mers": 0.0670859582782684, "spread": 0.0483669185353037, "syndrome": 0.0441769322130566, "epidemic": 0.0438513030165385, "assessment": 0.0437127547910719, "international": 0.0436207211601896, "approach": 0.0424920743711276, "novel": 0.0421391486896585, "respiratory": 0.0418769833935644, "risk": 0.0412308078472501, "analysis": 0.0390865846063826, "coronavirus": 0.038611505218105}