{"cov variants": 0.3974376250449161, "sars cov": 0.2963523467676182, "cov": 0.2924447917303281, "sars": 0.2883064354312512, "concern": 0.2523533507172109, "variants": 0.2443416670582943, "target": 0.1826217421576021, "signal": 0.1667667038449213, "value": 0.1570808717794163, "isolation": 0.1523162193053555, "ther": 0.1315159465936862, "swabs": 0.1301578485739791, "infectivity": 0.1261030735371242, "wastewater": 0.1208146756552695, "retrospective cohort": 0.1133655422710475, "vol": 0.1094277193165014, "success": 0.1048412042224974, "18": 0.101960603500638, "correlates": 0.1003684527406644, "virology": 0.0995217097414758, "vitro": 0.0984154084779808, "19 pneumonia": 0.0969346151646919, "patients": 0.0871987463460472, "pcr": 0.0868102114679389, "cohort study": 0.0862761106962495, "correlation": 0.0862761106962495, "quantitative": 0.0852253705778206, "covid 19": 0.0818113711037245, "covid": 0.0817290174401372, "19": 0.0813186526151411, "patients covid": 0.0804784958815137, "phase": 0.0775555794859579, "retrospective": 0.0763305900722253, "cohort": 0.0755592505485491, "2021": 0.0731547235448893, "pneumonia": 0.0722731970778834, "safety": 0.0686786222328691, "detection": 0.0678023251408515, "therapy": 0.0671554179084073, "severe": 0.0661660911440566, "assessment": 0.0656789519172324, "delta": 0.0645558386257515, "virus": 0.0639115617162883, "model": 0.063051627064192, "bnt162b2": 0.0629303224428399, "safety efficacy": 0.0629303224428399, "milk": 0.0598690381331562, "version": 0.0591350947399991, "study": 0.0583698444596646, "beta": 0.0580251666360677, "quantification": 0.0551474027888433, "exploratory": 0.0537867014473628, "sensitive": 0.0528144078376512, "frontline": 0.0518798828891128, "memory": 0.0518798828891128, "rt": 0.050833587925209, "variant": 0.0499011526021675, "selected": 0.0496910115916, "structure": 0.0451304475978304, "nurses": 0.045015323010887, "reduced": 0.045015323010887, "enhanced": 0.0442801473573591, "direct": 0.0438933951743426, "dose": 0.0436751533808838, "randomized": 0.0430849991132459, "antibodies": 0.0419464171468729, "healthy": 0.0416949938270891, "guidelines": 0.0395889112498987, "trial": 0.0390003722069565, "nursing": 0.0389110919829308, "19 patients": 0.0374838762489394, "protection": 0.036862110572304, "responses": 0.0367396625076882, "efficacy": 0.0361763359431317, "single": 0.0360573200725957, "activity": 0.0350877693717843, "vaccination": 0.0341192395264354, "vaccine": 0.0330830455720283, "human": 0.0322918337058562}