{"chest": 0.5001482593516325, "covid": 0.3026960829303435, "arch": 0.2995735724366605, "covid 19": 0.2988503925900075, "19": 0.2970505313755705, "del": 0.2824833743411137, "le": 0.2742495700712147, "dis": 0.2666505324061626, "archives": 0.2176667104446106, "disease": 0.1514936910590092, "dis covid": 0.1430846798420265, "patients": 0.0884805675791603, "tertiary care": 0.0576610552553848, "pulmonary": 0.0523397654038711, "tertiary": 0.0518869099168763, "care": 0.0513270096819995, "pandemic": 0.0479765157997845, "tuberculosis": 0.040693761709546, "clinical": 0.0405541928876564, "centre": 0.0396388445579327, "patients covid": 0.0367476882564872, "country": 0.0364363771293518, "severe covid": 0.0359506452810871, "severe": 0.0352478345243163, "rehabilitation": 0.0343015400076652, "19 patients": 0.0342314001759861, "cardiac": 0.0310215485919715, "19 pandemic": 0.029366598935798, "case": 0.0279388782081926, "india": 0.0278670873450944, "profile": 0.0260705604288693, "outcome": 0.0245847131411963, "acute": 0.0241170933835835, "respiratory": 0.0239421062243555, "threat": 0.0222832821787405, "emerging": 0.0220006838383916, "intensive care": 0.0210370881162223, "19 evidence": 0.0207086645457307, "infected covid": 0.0205734408874843, "post covid": 0.0205546716380559, "presentation": 0.0205546716380559, "therapy": 0.0204427806873657, "treated": 0.0199924433378064, "pneumothorax": 0.019973446560237, "hospital": 0.0196805317373934, "patients infected": 0.0195342497523079, "intensive": 0.0192927300949964, "dimer": 0.0191935182343601, "pulmonary embolism": 0.0191199054862878, "italian": 0.0191072976733782, "strategies covid": 0.0190108552319856, "lockdowns": 0.0189390467472013, "review": 0.0188581373575549, "cardiovascular": 0.0188348884248759, "positioning": 0.018727751129964, "bleeding": 0.0185901995422398, "imaging": 0.0183953654087214, "embolism": 0.0182898400951938, "case covid": 0.0181281468448809, "unusual": 0.0181281468448809, "myocarditis": 0.0180013141210019, "quantifying": 0.0179699461639337, "infection": 0.0179139437536169, "prone": 0.0178766403571518, "developing": 0.0178081548872164, "respiratory failure": 0.0177845082394648, "system covid": 0.0177845082394648, "function": 0.017747061438758, "oxygenation": 0.0176634409081755, "aortic": 0.0176334841924668, "care unit": 0.0173692484798143, "difference": 0.0173118018576377, "19 clinical": 0.0171701261294334, "distinct": 0.0171142143557847, "disability": 0.01708641771225, "lung": 0.0169256155857225, "prophylaxis": 0.0155189135965011, "diagnosis": 0.0153974821977251, "post": 0.0153974821977251, "19 associated": 0.0153857388953219, "chloroquine": 0.0153637766396446, "strategies": 0.0153320855155242, "experience": 0.0151702768445274, "association": 0.0149476751017971, "paper": 0.01477413831765, "19 pneumonia": 0.0147539330447522, "reporting": 0.0146338581132721, "sleep": 0.0145745508517407, "role": 0.01448533717208, "situation": 0.0144767602565053, "management": 0.0143057155662281, "position": 0.0142096950078575, "associated": 0.0141875788347341, "risk": 0.0141436030181661, "treatment": 0.0140561759506867, "cause": 0.0133950332118846, "health": 0.0133534678065572, "iran": 0.0133282955585376, "acute respiratory": 0.0132457196356402, "index": 0.0126923730223938, "unit": 0.0124970439326396, "events": 0.0124086194367886, "central": 0.0123793802491338, "obstructive pulmonary": 0.0122862451743566, "failure": 0.0121779103862004, "chronic obstructive": 0.012098398697752, "key": 0.0120373224465685, "initial": 0.0120095258030338, "second": 0.0120095258030338, "19 infection": 0.0119267632639146, "findings": 0.0119130599731437, "factor": 0.0117639919701634, "infected": 0.0117238581339632, "physical": 0.0116047594646346, "high flow": 0.0115865620385539, "italy": 0.0114746600089797, "perspectives": 0.0114489151431747, "in": 0.0113595141248529, "pulmonary disease": 0.0110540154086681, "pneumonia": 0.0110003419191958, "lung disease": 0.0107630014509289, "pulmonology": 0.0104464680352594, "19 acute": 0.0103091193110611, "echocardiography": 0.0102867204437421, "viral": 0.0102649881318167, "positive patients": 0.0102423295561058, "evidence": 0.0102213903436828, "distress syndrome": 0.010155130117735, "report": 0.0101242339286663, "experience covid": 0.0100699587582698, "habits": 0.0100489718619219, "lockdown covid": 0.0100489718619219, "outcome covid": 0.010028104549678, "patient": 0.0099128366640279, "19 based": 0.0098257213804784, "high": 0.0097888663119326, "inpatients": 0.0097671248761539, "19 experience": 0.0097477992197485, "co infection": 0.0097477992197485, "case fatality": 0.0097094511898739, "dissection": 0.0096904267138947, "reinfection": 0.0096526717053784, "tracheal": 0.0096526717053784, "previously": 0.0096339391663749, "lymphoma": 0.00959675911718, "system": 0.0095868008961444, "placement": 0.009541687351713, "lombardy": 0.0095054276159928, "respiratory distress": 0.0094695233736006, "adults covid": 0.0094517023973624, "19 global": 0.0094339677215893, "in hospital": 0.0094163185144648, "pandemic era": 0.0094163185144648, "19 positive": 0.0093465601502645, "patients hospitalized": 0.009329326220153, "diabetes mellitus": 0.0092950997711199, "impact": 0.0092746617636824, "mellitus": 0.0092611902382014, "operational": 0.0092611902382014, "obstructive": 0.0092443524918036, "lipid": 0.0092275918062996, "care hospital": 0.009177765141214, "patients treated": 0.0091449200475969, "patients coronavirus": 0.0090961982195759, "19 systematic": 0.0090481160839458, "care workers": 0.0088317204540877, "risk factor": 0.0088317204540877, "gaps": 0.0087721711194234, "19 review": 0.0087574338625527, "interventional": 0.0087427556730024, "focused": 0.0086846242399071, "severity covid": 0.0086846242399071, "outcomes patients": 0.0086559009288188, "disruption": 0.0085991214443233, "patient covid": 0.0085850630647167, "radiological": 0.0085850630647167, "intravenous": 0.0085710584457752, "socio": 0.0085710584457752, "peptide": 0.0085571071778923, "fibrosis": 0.008543208856125, "cov pandemic": 0.0084070517844059, "determination": 0.0083539754439271, "physiological": 0.0082245554963208, "mortality covid": 0.0081740415452446, "patients severe": 0.0081740415452446, "severe acute": 0.0081490434728218, "smoking": 0.008124214880159, "balance": 0.0080995534846742, "moderate": 0.0080750570495908, "address": 0.0080628700054313, "cardiology": 0.0079905873288653, "paradigm": 0.0079549740492819, "criteria": 0.0079314228209118, "global pandemic": 0.0078847699175208, "fatality": 0.0078731989651137, "19 patient": 0.0078387038586773, "tomography": 0.0078387038586773, "spontaneous": 0.0078158863182572, "sub": 0.0077819243741818, "review meta": 0.007748274489134, "indicators": 0.0077260117859834, "male": 0.0077149309805849, "influencing": 0.0075845123305448, "isolated": 0.0075738508866533, "prognostic": 0.0075632203903927, "retrospective study": 0.0075632203903927, "admission": 0.0075526206626159, "eastern": 0.0075526206626159, "score": 0.0075526206626159, "short term": 0.0074792693586263, "prognosis": 0.0074175453684648, "oxygen": 0.007397199741745, "19 vaccination": 0.0073668916786348, "2019 covid": 0.0073468247605346, "management covid": 0.0073468247605346, "nasal": 0.0073070178100174, "case series": 0.007248107101807, "days": 0.0072286789215458, "disease covid": 0.0072286789215458, "months": 0.0071236280752937, "project": 0.0071236280752937, "assess": 0.0070954932117668, "time covid": 0.0070861627522222, "distress": 0.0070583131625719, "involvement": 0.0070583131625719, "nationwide": 0.0070215067885358, "benefits": 0.0069760129936813, "estimation": 0.0069669816613846, "target": 0.0069489855397153, "guide": 0.0068167616693089, "modified": 0.0067994870929853, "asia": 0.0067651804871629, "parameters": 0.0067566538165117, "predictors": 0.0067566538165117, "europe": 0.0067396598027677, "hospitalized": 0.0066641477792688, "dose": 0.0066475766949303, "line": 0.0066310802553688, "meta analysis": 0.0065820321553851, "activities": 0.0065416546417288,