{"lab": 0.491736255375801, "doi": 0.4205762804434945, "rev": 0.3949925805010649, "sci": 0.3233339635261864, "10": 0.2401922746030507, "biol sci": 0.2186996658306171, "acta": 0.1904701270230693, "de": 0.1367351447764793, "biol": 0.131108214492307, "les": 0.1138567487113472, "anim": 0.1011733477109895, "presentations": 0.0988882870129425, "le": 0.0977060539146536, "au": 0.0937690909888293, "week": 0.0935946818274513, "un": 0.0833226626317436, "du": 0.0759999096548468, "gastroenterol": 0.0755303235711532, "en": 0.070412030505341, "oral": 0.0640830774362492, "united": 0.0598869146050721, "la": 0.0596644899290797, "european": 0.0573542325075102, "pour": 0.0546921386515592, "2020": 0.0520686137558676, "sur": 0.0491177555513626, "brazil": 0.0477003587161556, "para": 0.0468845454944146, "da": 0.0429026226539636, "chloroquine": 0.0363603802060212, "remdesivir": 0.0354013318367519, "comment": 0.0334526649133072, "ecology": 0.0308815380821958, "strains": 0.0308815380821958, "organic": 0.0307592500737467, "revue": 0.0285012598987754, "coronavirus": 0.0278633195031165, "em": 0.0278212926692564, "levels": 0.0269741317217063, "different": 0.0253055451866509, "state": 0.0253055451866509, "plus": 0.024520415288027, "efficiency": 0.0229330864656213, "des": 0.0225681263778837, "growth": 0.0206930341190415, "characterization": 0.0204163784721176, "dans": 0.0195700752384146, "distribution": 0.0195546545019521, "behavior": 0.019462756530898, "cov variants": 0.0190882917593396, "sobre": 0.0189738710999763, "brasil": 0.0187516108337126, "par": 0.018590352335503, "angiotensin system": 0.017484120459914, "blockchain": 0.017484120459914, "une": 0.017397230785239, "studies": 0.0170732692268567, "iot": 0.0168230512177397, "markets": 0.0161598720414614, "rio": 0.0160563817319737, "derivatives": 0.015988403836379, "renin angiotensin": 0.0159212163993484, "hematological": 0.0158218777723851, "renin": 0.015660016922913, "chloroquine hydroxychloroquine": 0.0155025670042932, "abuse": 0.0151122123271858, "things": 0.0148289176254709, "argentina": 0.014532542176044, "medium": 0.014351559231414, "availability": 0.0143008742179878, "component": 0.0143008742179878, "sars cov": 0.0142333279543575, "pancreatic": 0.0142008188264224, "sensing": 0.0141024665883057, "cov": 0.0140456543524709, "images": 0.0139342784922337, "sars": 0.013846895736117, "ieee": 0.0137249900587778, "plant": 0.0135895607072134, "ai": 0.0135672945737634, "opioid": 0.0133065862405542, "carbon": 0.013016587162361, "smart": 0.012740450103082, "contact tracing": 0.0126639184613212, "types": 0.012607177699492, "landscape": 0.0125883872618588, "variability": 0.0125323798332274, "angiotensin": 0.0124953408956264, "financial": 0.0124953408956264, "power": 0.0124953408956264, "affecting": 0.0122957650145644, "contribution": 0.0122602076440135, "mers": 0.0121028530170046, "il": 0.011966491420443, "eastern": 0.0119161742274551, "usage": 0.0118662914329197, "vitro": 0.0118168356004919, "french": 0.0118004439455839, "diversity": 0.0117353384175568, "variants": 0.0117353384175568, "upper": 0.0116549747510198, "gastroenterology": 0.0116231396595783, "tracing": 0.0115286734495054, "bacterial": 0.0112990516655177, "spatial": 0.0112393296404999, "double": 0.0108794340977927, "production": 0.0108377151116432, "reducing": 0.0108377151116432, "france": 0.0107962951888969, "matter": 0.010782554268081, "genetic": 0.0106201626575464, "brazilian": 0.0105143829622406, "progress": 0.0105012956305301, "artificial": 0.0104105050277567, "hydroxychloroquine": 0.0103848247433515, "letter": 0.0103592580888949, "better": 0.0103465170595207, "jama": 0.0103465170595207, "korea": 0.0103211189769569, "impacts": 0.0102081892360588, "aspects": 0.0101586981028195, "remote": 0.0100974244164125, "internet": 0.010085247268639, "functional": 0.0100488690510137, "common": 0.0099648667794745, "experiences": 0.0099056041627349, "policy": 0.0097543070831562, "contact": 0.0096971547430078, "small": 0.0096744511598487, "communication": 0.0095956838614611, "young": 0.0094631031810209, "dynamics": 0.0093871464414525, "molecular": 0.0093656266605998, "conditions": 0.0091443796792377, "knowledge": 0.0089312929437254, "primary": 0.0087837601336868, "south": 0.0087740572691398, "test": 0.008697015401366, "lessons": 0.0085646155614753, "national": 0.008462674506272, "world": 0.0083085839217468, "current": 0.0082022363586783, "characteristics": 0.0081497876976749, "diagnosis": 0.0080978108451114, "post": 0.0080978108451114, "syndrome": 0.0079698782135456, "global": 0.0078861368277732, "development": 0.0077709011526133, "effects": 0.0077141338449715, "2019": 0.007698016527743, "approach": 0.0076659161425138, "system": 0.0075628046783706, "research": 0.007547103433709, "use": 0.0073771484025203, "new": 0.0072342874686067, "analysis": 0.0070515380650231, "disease": 0.007029991534847, "health": 0.0070228271762354, "patients": 0.006980026576975, "covid 19": 0.0065487815884023, "covid": 0.0065421893977501, "19": 0.0065093407903474}