{"de": 0.6394410315574074, "app": 0.3889771034005337, "en": 0.3512335051844498, "corona": 0.2727616411443538, "monitoring": 0.2577400060838878, "na": 0.2310677050835925, "smartphone": 0.2000891117750445, "follow up": 0.1659993709395832, "follow": 0.1544532704007451, "up": 0.1404765772829553, "health": 0.1050950606470588}