{"reconstructive surgery": 0.4041038656890485, "reconstructive": 0.3908943190951604, "plastic": 0.3013610703759175, "total environ": 0.2378462798938854, "sci total": 0.2369605960406425, "und": 0.2008373033727733, "surgery": 0.1912743194462, "physician": 0.1849020058595682, "der": 0.1693793716515588, "canadian": 0.165473376433148, "dtsch": 0.1521489086606147, "family": 0.1503248103923265, "f\u00fcr": 0.1413234216300087, "de": 0.1373494268235328, "x000e4": 0.134866945121473, "total": 0.1270446671479112, "environ": 0.114615101747021, "sars": 0.1024881263027771, "chemical": 0.1017964957355593, "sci": 0.0971660562761665, "cov": 0.0950484506540182, "sars cov": 0.0933085062482797, "news": 0.0923833355245212, "engineering": 0.0908613284317158, "covid 19": 0.0858628466539313, "klin": 0.0857815380651901, "covid": 0.0857764146593005, "19": 0.0853457276830837, "amp": 0.0798598695761454, "die": 0.0730984260668785, "zur": 0.0726853170838696, "wastewater": 0.0674890871938871, "open": 0.0672731616045905, "global": 0.0667079180075343, "mit": 0.053983625896232, "reconstruction": 0.0487175449023661, "von": 0.0478821345628857, "breast": 0.0435886430747886, "abdominal wall": 0.0383164594522488, "2020": 0.0377522033887535, "urology": 0.0374367375707286, "care": 0.0373642938152943, "authors": 0.0366154648496975, "med": 0.0350755907632504, "bei": 0.0341002340186735, "reply": 0.0332388286307366, "abdominal": 0.0287381299999325, "tissue": 0.0280761708402972, "wall": 0.0256157360751228, "potential": 0.023347771302637, "pandemic": 0.0232834998399933, "abstracts": 0.0232583338693668, "patient": 0.0231519859007501, "review": 0.0220221186434395, "feline": 0.0216490471692206, "primary care": 0.0211081474506918, "weight": 0.0201878003847633, "vaccine": 0.0201608067154252, "pac": 0.0201170891051526, "berl": 0.0200337770263532, "2021": 0.018575202396066, "primary": 0.018575202396066, "surveillance": 0.018331221443616, "19 vaccine": 0.0178770578318926, "racism": 0.0178628006849831, "massive": 0.0175021681138163, "outcomes": 0.0174386457420715, "an": 0.0170749763707882, "novel": 0.0160766284871113, "model": 0.0160098579745157, "14": 0.0156923420784418, "auf": 0.0154634659249865, "den": 0.015421148869647, "mesh": 0.0152148908660614, "technical": 0.0152048802505028, "tract infections": 0.0149019783103694, "health": 0.0148513204146903, "des": 0.0143175875293363, "influenza": 0.0142859243509388, "north america": 0.0142304241706444, "pfizer": 0.014100080729962, "results": 0.013831887071568, "das": 0.0137886639935195, "post": 0.0136996888005745, "editor": 0.0136812566482575, "skin": 0.0135432500501266, "housing": 0.0135244056181267, "technique": 0.0133409921460178, "inactivation": 0.0132737050582506, "acute respiratory": 0.0132583375609671, "letter": 0.013144164645594, "pandemie": 0.0130611676878256, "organic": 0.0130094466828578, "virus": 0.0129825677610577, "approach": 0.0129690193476352, "acute": 0.0128747026255358, "respiratory": 0.0127812872374327, "loss": 0.0127656865970043, "conceptual": 0.0126619590125135, "risk": 0.0125840677962511, "things": 0.0125436096621686, "marine": 0.0123825921572081, "wild": 0.0121830710111464, "assessing": 0.0121047542833432, "years": 0.0120767183637486, "rethinking": 0.0119291131440123, "respiratory tract": 0.0118676332219392, "correction": 0.0118155917984861, "coronavirus": 0.0117846296191925, "air": 0.0117751983958095, "man": 0.0117668546132011, "breast cancer": 0.0116877016386138, "molecules": 0.0116486007151965, "corona": 0.0115634469532558, "environmental": 0.0115374029328311, "congenital": 0.0114389643602905, "cell": 0.0114085527965922, "soft": 0.0113465686152208, "effective": 0.0113196864474465, "emerging": 0.0110108208887591, "occurrence": 0.0109935206488529, "positive": 0.0109625879250536, "pathogen": 0.0109595789196721, "airborne": 0.0108757417121586, "doctors": 0.0108591454674865, "screening": 0.0108315605147886, "self": 0.0107962284751296, "21": 0.0106167359856967, "implications": 0.0104631874452429, "19 vaccines": 0.0103857832884828, "community": 0.0103850150545315, "detection": 0.0103296835915923, "satisfaction": 0.010266930274351, "mmw": 0.0102521651942203, "infections": 0.0102202579178123, "cases": 0.0101985674166661, "children": 0.010176940899392, "letter editor": 0.0101652531290978, "hernias": 0.0100795903591565, "innovative": 0.0100656481521002, "transmission": 0.0100167440514632, "2018": 0.009926786841842, "variants": 0.009926786841842, "non": 0.00992227967175, "late": 0.0098588081471374, "high": 0.0097981912250032, "highly": 0.0097387794569582, "tract": 0.0097125020315129, "synthesis": 0.0096216278983996, "cov sars": 0.0095791148630622, "management": 0.009546228831936, "15": 0.0095324125777645, "properties": 0.0095324125777645, "classification": 0.0095197994369328, "narrative": 0.0094821541466445, "mental health": 0.0094696698758472, "treatments": 0.0094696698758472, "treatment": 0.0093797106132867, "rna": 0.0093222942073195, "case": 0.0093218309649825, "based": 0.0091979709787121, "simple": 0.0091792325982331, "matter": 0.009120837765505, "america": 0.0090631323802088, "antiviral": 0.0090402396481467, "techniques": 0.0090061003520021, "genetic": 0.0089834725830686, "infection": 0.0089655043239239, "deep": 0.0088279452540017, "site": 0.0088279452540017, "canada": 0.0088170232620606, "case study": 0.0088170232620606, "managing": 0.0087735777372445, "arch virol": 0.00874394975721, "stage": 0.0086560562656837, "illness": 0.0086140122269825, "advanced": 0.0086035574863978, "reduction": 0.0085619607301326, "functional": 0.00850022193836, "mental": 0.0084291653898286, "environment": 0.008379035828743, "north": 0.0083392991110049, "hospitals": 0.008329415205999, "complex": 0.0083195512483427, "viruses": 0.0082705278748645, "plastic surgery": 0.0081226537223817, "health care": 0.0081074332155148, "med chem": 0.0080248888984858, "times": 0.0079679112005673, "dynamics": 0.0079404784473914, "trial": 0.0079222751140228, "incidence": 0.0079041393256457, "10": 0.0078144562707302, "surgical": 0.0077526431152881, "isolation": 0.0077351248551009, "preliminary": 0.0077351248551009, "biophys": 0.0077317329624932, "pediatric": 0.0077002755854647, "possible": 0.0076313137449748, "method": 0.0076057018643948, "anti": 0.007597194308966, "lockdown": 0.007597194308966, "adults": 0.0075887015364386, "home": 0.0075633114047441, "systems": 0.0075212854419487, "vaccines": 0.0075212854419487, "type": 0.0075045757184602, "following": 0.0074796177611146, "university": 0.0074713266830284, "india": 0.0074383023049565, "induced": 0.0074383023049565, "south": 0.0074218734176903, "cov outbreak": 0.0074133915723743, "methods": 0.007381041188896, "series": 0.0073729155189284, "affinity": 0.0073580580081538, "test": 0.0073567045940846, "drug": 0.0073405472591727, "single": 0.0073244431610457, "transmission sars": 0.0073218529803301, "monitoring": 0.0072844135404058, "studies": 0.0072210403431924, "apoptosis": 0.0071821695526774, "level": 0.0071584783451982, "crispr": 0.0071317802483083, "health services": 0.0070824089796465, "science": 0.0070813854320621, "cov rna": 0.0070180948815917, "term care": 0.0070180948815917, "critical illness": 0.0069865616095013, "cancer": 0.006938176732696, "graft": 0.0069094639007096, "prevention": 0.0068498444002872, "isolates": 0.0068347242933803, "sars coronavirus": 0.006776535956778, "interstitial": 0.0067622028090633, "coronavirus sars": 0.0067337862716733, "online": 0.0067202689051417, "severe": 0.0067202689051417, "fda": 0.0067197009607501, "mers cov": 0.0066917715746983, "inhibits": 0.0066641577816837, "review covid": 0.0066641577816837, "international": 0.0066567469940781, "malignant": 0.0066504670193785, "at home": 0.0065964583089547, "immunodeficiency": 0.0065831405938163, "dermatitis": 0.0065698950617701, "hospital": 0.0065664264967932, "human": 0.0065595474114074, "fractures": 0.0065567209345561, "19 pandemic": 0.0065321274833354, "factors": 0.0064980674893343, "acids": 0.0064918949934415, "fatty": 0.0064918949934415,