{"waste": 0.4070070142457681, "real world": 0.3959355543329518, "repurposing": 0.3940535730242686, "drugs": 0.2836580060611558, "real": 0.2676643924821422, "strategy": 0.2524815342502319, "world": 0.2476152883544957, "time": 0.2258585266468407, "med": 0.224687892799812, "covid 19": 0.1951690512673954, "covid": 0.1949725885242111, "19": 0.1939936229783767, "review": 0.1108404867854458, "authors": 0.0921454473460682, "reviews": 0.0777565541692579, "response": 0.0554776050187054}