{"abstract": 0.6096031785346855, "rheumatol": 0.5229441021862967, "arthritis": 0.5169588205180514, "2020": 0.2954178916649393, "medicinal chemistry": 0.008723371698865, "potent": 0.0073591299824948, "protease": 0.0070692856786588, "medicinal": 0.0068916692110456, "rheumatology": 0.0065564828726797, "selective": 0.0065564828726797, "chemistry": 0.0059526304755585, "inhibitors": 0.0052529420466441, "group": 0.00430718287788}