{"de": 0.6885917061994405, "la": 0.3599183396389682, "de la": 0.3051575850823417, "por sars": 0.2098462009451353, "por": 0.184837734522372, "en": 0.1618100921476662, "sars": 0.1461768218371922, "cov": 0.1391969827482004, "sars cov": 0.1379904348065654, "m\u00e9decine": 0.0995053987380974, "durante": 0.0978148928429914, "du": 0.0720436596159097, "les": 0.0700843010942491, "el": 0.069932027275896, "039": 0.0679019937061602, "pacientes": 0.0642658014202928, "da": 0.0616201279382915, "para": 0.0606053514139844, "sci": 0.0586607647986867, "anim": 0.0581252543013984, "vet": 0.0553149572947834, "au": 0.0538714234790973, "educ": 0.0532897199890537, "dans": 0.050594551979331, "del": 0.0495587525745607, "oto": 0.0494991283210273, "bulletin": 0.0488171715665561, "des": 0.048621182647126, "un": 0.0478698299909439, "rhino": 0.0477900647774458, "med": 0.0454796664727483, "une": 0.0449770931658154, "doi": 0.043492665660075, "em": 0.0419570898705034, "par": 0.0400513937774074, "pour": 0.0392765799903436, "pandemia": 0.0379840673567693, "acta": 0.0345559841614701, "pand\u00e9mie": 0.0345178043079716, "covid": 0.0310081464737809, "hospital": 0.0301036064120589, "salud": 0.0289280483908329, "la pand\u00e9mie": 0.0288729685459259, "con": 0.0283439846803927, "covid 19": 0.028217628738368, "en pacientes": 0.0281254444426673, "19": 0.0280476847905304, "rev": 0.0277062999247648, "durante la": 0.0276656680777579, "ed impr": 0.0273833680773884, "patients": 0.0270682135732924, "en la": 0.0269234543248877, "na": 0.026612699315439, "madrid": 0.0256059157743584, "impr": 0.0253227115711795, "revue": 0.024561453441161, "le": 0.0240571088803735, "10": 0.0238834436572352, "high flow": 0.0236306151298279, "2020": 0.0224355140273199, "sexual": 0.022330620460904, "anti sars": 0.0222149259671864, "la sociedad": 0.0212675936547271, "dairy": 0.0212579885102945, "ed": 0.020282209287382, "infecci\u00f3n por": 0.0192486456972839, "pacientes con": 0.0189109340431652, "recomendaciones": 0.0187502962951115, "sociedad": 0.0187502962951115, "pandemia por": 0.0185186573977856, "peru": 0.0182611480482725, "infecci\u00f3n": 0.0178821317901762, "la covid": 0.0174378197850793, "maladies": 0.0174378197850793, "therapy": 0.0173719737068108, "seroprevalence": 0.0173673729714327, "protein": 0.0173404291296185, "p\u00fablica": 0.0170861910253287, "virus": 0.0165328428334831, "infected sars": 0.0160205575109629, "cov antibodies": 0.0157972313673838, "com": 0.0156255130287485, "pan afr": 0.0155834930465725, "infection": 0.015223005354915, "health": 0.0151301068204565, "oxygen": 0.0150864751385265, "sars cov2": 0.015045209798717, "cov2": 0.0148022938357264, "rev esp": 0.0145653023649171, "intensiva": 0.0142996746780237, "sur": 0.0141093583277108, "enferm": 0.0140475023976299, "civil": 0.0139561358279938, "matter": 0.0139380788203494, "afr med": 0.0139260490999742, "peritoneal": 0.0135228767427245, "pcr": 0.0134738023355961, "los": 0.0133864479801333, "patients infected": 0.0132799340077681, "flow": 0.0132601527906339, "esp": 0.0131243170197444, "situ": 0.0130482951104423, "august": 0.0127081104796957, "care": 0.0126885632817117, "healing": 0.012615036025173, "assistance": 0.0125691431810628, "digestive": 0.0125691431810628, "pulse": 0.0122807267205805, "clinical": 0.0122532819049213, "multiple sclerosis": 0.0121740986988483, "ill patients": 0.0121112009572064, "city": 0.0120787716830718, "beta": 0.0120081053833649, "suicide": 0.0119877399630009, "pandemic": 0.011860286826238, "mutation": 0.0117496385880154, "anti": 0.0116097112802899, "dialysis": 0.011597003239804, "university hospital": 0.0115224050155259, "arterial": 0.0114855208591861, "protection": 0.0114427273733239, "afr": 0.0113944883724336, "rt pcr": 0.0113585363148908, "sclerosis": 0.0112874017002763, "intestinal": 0.011165310230452, "diet": 0.0110798992454494, "critically ill": 0.0109959286494534, "contact tracing": 0.0109133506650267, "pan": 0.0108644533325988, "gastroenterol": 0.0108482603481235, "2017": 0.0107999949782565, "society": 0.0107632584790075, "dermatology": 0.0107521929630919, "endoscopy": 0.0107205780102962, "medicina": 0.0106269199825718, "vaccination": 0.0105912860122414, "critically": 0.0105807434073958, "population": 0.0105686526388407, "rt": 0.0105198333104144, "republic": 0.0105047214980936, "experience": 0.0103131821252104, "eastern": 0.0102689691446579, "plan": 0.0102545987498704, "gastroenterology": 0.0100164415398741, "ill": 0.0100164415398741, "high": 0.00998212116782, "tracing": 0.0099350336502331, "situation": 0.0098417099858139, "algorithm": 0.0096729026898442, "position": 0.0096601514963515, "procedures": 0.009448232776634, "de salud": 0.0094149837040978, "microbiol": 0.009351543557279, "clinic": 0.0093395883574476, "production": 0.0093395883574476, "total": 0.0092449662542938, "planning": 0.0092215890360599, "technique": 0.0090609512880062, "canada": 0.0089825348903974, "la pandemia": 0.0089744847749625, "care community": 0.0086887317149371, "antibodies": 0.0086806643867722, "como": 0.0084871455363123, "contact": 0.0083566907420241, "local": 0.0083566907420241, "allergy asthma": 0.0083264659700297, "health care": 0.0082596245428198, "identification": 0.0079974935824309, "infected": 0.0079702094684784, "reproductive health": 0.0079650107962409, "pediatric": 0.0078448238204996, "arch bronconeumol": 0.0078127565143742, "bronconeumol": 0.0078127565143742, "chinese": 0.007765854685105, "clin": 0.007748474777974, "lockdown": 0.0077398075201933, "una": 0.007709435913818, "recommendations": 0.007688118422769, "workers": 0.0076710072776216, "clinical pharmacology": 0.0076297597009122, "university": 0.0076115771290565, "influence": 0.007603144716647, "age": 0.0075947265602247, "multiple": 0.0075779328230989, "primary": 0.0075695571468805, "public health": 0.0075611955356161, "equine": 0.0075525544705739, "spread": 0.0075195968113192, "pneumonia": 0.0074783427365848, "different": 0.007269163680396, "barc": 0.0072656567876748, "pfizer": 0.0071823824974634, "coronavirus pneumonia": 0.0071337229192019, "int": 0.0071140315590495, "safety": 0.0071064003876895, "cancer": 0.0070684189805143, "mis": 0.0070546791638554, "canine": 0.0069932027275896, "infections": 0.0069414072154895, "sars coronavirus": 0.0069037439120428, "habits": 0.0068315745352071, "responsibility": 0.0068032825356526, "bovine": 0.0067476451550909, "patients sars": 0.0067476451550909, "technological": 0.0067067181649384, "multiplex": 0.0066932239900666, "manifestations covid": 0.0066798025604262, "public": 0.0066756837269523, "organic": 0.0066268288775175, "evaluation": 0.0066131371333932, "role": 0.006565027209974, "time": 0.0065309453634466, "knee": 0.0064743525119641, "fam": 0.006449823553267, "associated": 0.0064300775320031, "forensic": 0.0064255339052992, "radiotherapy": 0.0063895380613764, "treatment": 0.0063705232738596, "current status": 0.0063540552398478, "agenda": 0.0063075180125865, "new": 0.0062342722908117, "supplementation": 0.0062058847514164, "milk": 0.00619484407182, "geographic": 0.0061729085187418, "availability": 0.0061620127938291, "industrial": 0.0061620127938291, "breathing": 0.0061511645449925, "non invasive": 0.0061511645449925, "time series": 0.0061082381510964, "19 children": 0.0060976212089139, "concepts": 0.0060976212089139, "inter": 0.0060976212089139, "analysis": 0.0060767848329428, "note": 0.0060660393583361, "organizational": 0.0060660393583361, "inclusion": 0.0060452051851338, "study": 0.0060397176269942, "base": 0.0060348531154627, "coronavirus": 0.0060029243191578, "compounds": 0.0059938699815004, "infection covid": 0.0059938699815004, "bull": 0.0059837287488679, "pathophysiology": 0.0059435719239637, "microbial": 0.0059336331116873, "composition": 0.0058845256188512, "expansion": 0.0058845256188512, "ambulatory": 0.0058459253236437, "lives": 0.0058459253236437, "spike": 0.0058079143689926, "neck": 0.0057797822146546, "institution": 0.005742760429593, "cov pandemic": 0.0057153509508912, "case reports": 0.0056882399479431,