{"al": 0.7768246730683379, "la": 0.3291383715488872, "de": 0.2357180069477188, "de la": 0.2325505991177117, "mediterranean": 0.1993179469792621, "revue": 0.1965335302733069, "health": 0.1710388658364616, "eastern": 0.1678351095763768, "increases": 0.076816777186595, "protect": 0.0744229281775585, "temperature": 0.0727473484043892, "action": 0.0631917026300887, "global": 0.0532226970587516, "emergency": 0.0527795612955675, "east respiratory": 0.0349068964783913, "arabia": 0.0326610899339029, "saudi arabia": 0.0326610899339029, "saudi": 0.0308908589814528, "middle east": 0.028718843038932, "coronavirus": 0.0265717985073033, "bmj": 0.0232251705714584, "covid 19": 0.0230593195118966, "covid": 0.0230361073420477, "19": 0.0229204420807476, "novel": 0.022307280252867, "novel coronavirus": 0.0216368148143249, "east": 0.0213042585846519, "middle": 0.0200590727790307, "respiratory syndrome": 0.0190677064438797, "mers": 0.0177567098396643, "respiratory": 0.0177347978543127, "knowledge": 0.0157242637323897, "health emergency": 0.0142561144219905, "syndrome": 0.0140316153254004, "2013": 0.0124357734959316, "bmj open": 0.0121223458442775, "pandemic": 0.0121152164292729, "egypt": 0.0117700720559316, "lancet": 0.0114758503806728, "nurs": 0.0105044161132623, "open": 0.0098258443639611, "mers cov": 0.0092852319144303, "public": 0.0090922312813415, "syndrome coronavirus": 0.0090796592309242, "19 pandemic": 0.0090637162222812, "learnt": 0.0084978848565238, "mass": 0.0084667034670071, "gaps": 0.0081223368617082, "required": 0.0080146798584181, "region": 0.0079238924917248, "public health": 0.0077237188037803, "iranian": 0.0074655801129175, "current": 0.0072203503183636, "republic": 0.0071536760362936, "coronavirus infection": 0.0069541531506056, "emergence": 0.0067748977741243, "health preparedness": 0.006677488089374, "awareness": 0.0065785270251054, "western": 0.0064928934142295, "care": 0.0064806480899932, "lancet glob": 0.0063844408109289, "nurses": 0.0063440002424798, "child adolesc": 0.0062302022193407, "infection": 0.0062200858134651, "cov": 0.0061821276808359, "preparedness": 0.0060644993385621, "needs": 0.0060348194048543, "adolesc health": 0.0060007370017665, "lancet psychiatry": 0.0059169937885749, "salud publica": 0.0057241206733723, "health care": 0.0056247734098876, "years": 0.0055857221823813, "med lond": 0.0055345833316675, "bmj case": 0.0054089365709259, "challenge": 0.0053847204869108, "retrospective": 0.0053786272044489, "systems": 0.0052181159236798, "epidemiology": 0.0052123145351345, "responses": 0.005177713104514, "international health": 0.0051562533951143, "syndrome associated": 0.0051303680772167, "investigation": 0.0051208172935842, "emerging": 0.0050927234230441, "surveillance": 0.0050871324724327, "adolesc": 0.00506733273582, "publica": 0.0050427604884888, "world health": 0.0049946592371569, "19 retrospective": 0.0049711108670983, "salud": 0.0049249731796268, "knowledge attitude": 0.0048911756075516, "health systems": 0.0048042101151725, "detection": 0.0047776838903303, "infections": 0.0047270723421477, "knowledge attitudes": 0.0047014237734195, "migrant": 0.0046619928011363, "women covid": 0.0046045142326589, "capital": 0.0045951211039861, "outbreak": 0.0045844314243635, "case rep": 0.0045672499768224, "zika": 0.0045398296154621, "glob health": 0.0045307871652878, "associated factors": 0.004521792685897, "early": 0.004508227975251, "factors": 0.004508227975251, "virus": 0.004503521644478, "behaviours": 0.0044688053925991, "stud": 0.0044429200747015, "coronavirus infections": 0.0044343787196657, "paediatr": 0.0044174240244875, "eclinicalmedicine": 0.0044090098365539, "papers": 0.004400637200335, "associated": 0.0043788587408574, "self reported": 0.0043675540943088, "risk": 0.0043652860311648, "tackling": 0.004311167958465, "psychiatr": 0.0042413223912158, "ahead": 0.0042337364484092, "responses covid": 0.0042037276050364, "arab": 0.0041815644739001, "communicable": 0.0041815644739001, "care workers": 0.004088737418591, "bull": 0.0040748968895773, "qual": 0.0040680187649766, "sars": 0.004063096683416, "committee": 0.0040407819480925, "clin med": 0.0040273258823118, "difference": 0.004007339929209, "outcomes covid": 0.004007339929209, "thinking": 0.0039875868274605, "16": 0.0039810532725976, "lives": 0.0039810532725976, "questionnaire": 0.0039487579077874, "highlights": 0.003942372004235, "mothers": 0.0039233573519772, "spreading": 0.003904553587456, "attitude": 0.0038921326133033, "2015": 0.0038736701217327, "responding": 0.0038675603659721, "ophthalmol": 0.0038433391627726, "curve": 0.00383733754451, "protecting": 0.0038253976684832, "2014": 0.0037900744035729, "workforce": 0.0037900744035729, "health system": 0.0037726849650941, "severe acute": 0.0037726849650941, "deficiency": 0.0037611903082604, "gen": 0.0037497730571101, "programme": 0.0037497730571101, "providers": 0.0037271666503456, "risk assessment": 0.0037104074820378, "prev": 0.0037048577049423, "gastroenterol": 0.0036938123538986, "january": 0.0036557106293423, "place": 0.0036503367567331, "14": 0.0036290099926558, "cities": 0.0036027233360444, "april": 0.0035665935435415, "ebola": 0.0035513419679328, "glob": 0.0035513419679328, "meeting": 0.0035312176320946, "technical": 0.0035162796025212, "acquired": 0.0035014720377541, "present": 0.0035014720377541, "retrospective study": 0.0035014720377541, "past": 0.0034770765753028, "pregnant women": 0.0034770765753028, "lond": 0.0034626060289513, "19 crisis": 0.0034435021041409, "singapore": 0.0034059281478034, "stay": 0.003360102239551, "coronaviruses": 0.0033510838385598, "situation": 0.0033510838385598, "transition": 0.0033465925633803, "opportunity": 0.0033376455484817, "editorial": 0.0033110843464257, "factors associated": 0.0033110843464257, "attitudes": 0.0032892635125527, "assess": 0.0032849328450926, "travel": 0.0032763045547722, "pakistan": 0.0032464467071147, "corona virus": 0.0032296182276285, "estimation": 0.0032254370778182, "pathogens": 0.0032005644255555, "reported": 0.0032005644255555, "northern": 0.0031720001212399, "maternal": 0.0031518877218239, "psychiatry": 0.0031518877218239, "planning": 0.0031399338152744, "burden": 0.0031241252588908, "enhanced": 0.0031201960441802, "identifying": 0.0030968100818414, "organ": 0.0030890858981452, "iran": 0.003085236962579, "pregnant": 0.003081396744881, "acute respiratory": 0.0030661222686991, "rural": 0.0030397186478305, "quarantine": 0.0030137199177525, "illness": 0.0029881138480461, "living": 0.0029309983709907, "field": 0.0029239923470182, "risk factors": 0.0028996967670606, "hospitals": 0.0028893900156316, "child": 0.002855479777484, "regional": 0.002855479777484, "rep": 0.0028521257597951, "diabetes": 0.0027896285727876, "findings": 0.0027576378993951, "developing": 0.0027481572294605, "considerations": 0.002741866107627, "incidence": 0.002741866107627, "models": 0.0027387292790008, "training": 0.002723131603319, "rev": 0.002695412369192, "immune": 0.0026893136022244, "crisis": 0.0026832366946836, "corona": 0.0026741619786992, "context": 0.0026591445608652, "perspectives": 0.0026501975459665, "tool": 0.0026442589921235, "clin": 0.0026383411662592, "epidemiological": 0.0026383411662592, "lockdown": 0.0026353899811994, "adults": 0.0026324439241787, "laboratory": 0.0026119636273133, "workers": 0.0026119636273133, "women": 0.0026090579618399, "following": 0.0025946038641632, "university": 0.0025917277729073, "south": 0.0025745729345934, "network": 0.0025435662362163, "self": 0.0024967350841189, "strategy": 0.0024859014664989, "influenza": 0.0024778214414105, "social": 0.0024697797406958, "quality": 0.0024617760025176, "world": 0.0024379890207651, "perspective": 0.0024249168250224, "int": 0.0024223144371149, "implications": 0.0024197160375431, "outcomes": 0.0024197160375431, "safety": 0.0024197160375431, "community": 0.0024016378956301, "population": 0.0023990709679803, "future": 0.0023965079207971, "viral": 0.0023761418454161, "children": 0.0023535186802548,