{"revue": 0.4470149769172663, "des": 0.3932882861126148, "cov": 0.2814850431261715, "sars cov": 0.2790451540374886, "sars": 0.2714691297788076, "lab": 0.2092514997838464, "rev": 0.1680835792963314, "le": 0.1581074362404174, "infecci\u00f3n por": 0.136236577477226, "por sars": 0.1350212026859985, "sur": 0.1283941624686074, "infecci\u00f3n": 0.1265647709144582, "economics": 0.1203930865612226, "papers": 0.1176085379531557, "la": 0.1143731608570099, "inf": 0.1128887542777816, "faculty": 0.1123460615076427, "covid": 0.1083084209984473, "covid 19": 0.0970051827660674, "por": 0.0969059435487695, "19": 0.0964209577812953, "du": 0.0927100087914776, "technol": 0.0864627756767322, "educ": 0.0862102544646964, "dans": 0.0852605265135524, "un": 0.084702346140943, "de": 0.0819102719584333, "administration": 0.0806413088270747, "scientific": 0.0775875807943777, "19 pandemic": 0.0740150044235522, "university": 0.0692648133140846, "trace": 0.0686463899811744, "series": 0.0683524678634576, "pandemic": 0.0659558600184005, "une": 0.0606353133979027, "anti sars": 0.0598975568814814, "crisis": 0.0557747715954471, "anti": 0.0547802117336712, "management": 0.0458892599385331, "les": 0.0425174787409047, "cov infection": 0.0380160807101924, "test": 0.0378901002261559, "infection": 0.0369408724318941, "10": 0.0321981699848555, "acm": 0.0319452639341037, "impact": 0.031875923188976, "pour": 0.0317701421227776, "infection sars": 0.0314287789118237, "coronavirus": 0.0303478814249501, "haematol": 0.0292492437267102, "animal": 0.0284024793347816, "welfare": 0.0282834000062558, "receptor": 0.0278661907322151, "online": 0.0276897525631011, "antibodies": 0.0263311439051934, "message": 0.0255569329761043, "russia": 0.0254174030250396, "students": 0.0250539996421548, "employees": 0.024877849836092, "priorities": 0.024877849836092, "empirical": 0.0233006823041534, "performance": 0.0230626929859323, "effect covid": 0.02240584426015, "lead": 0.0222697712387493, "self": 0.0222420337125437, "formation": 0.0215525636161741, "attention": 0.0214274781523754, "community": 0.0213948653902854, "government": 0.0210313597386895, "regions": 0.0207079399545447, "analyses": 0.0200635121329343, "virus": 0.020059693332863, "effect": 0.0199553122987699, "medical": 0.0195448556400337, "associated": 0.0195044168594658, "2020": 0.0194439609728013, "use": 0.0192839184102731, "team": 0.0192805336230015, "health": 0.0183577202038807, "neonatal": 0.017920290850461, "impacts": 0.0177895195274039, "aspects": 0.0177032727444696, "la covid": 0.0176314362471083, "maladies": 0.0176314362471083, "como": 0.0171627608597562, "lancet": 0.0170386686644348, "region": 0.015686573598239, "recommendations": 0.0155469630380349, "online learning": 0.0149382985627875, "state": 0.0146997500353069, "quality": 0.0146204017102204, "learning": 0.0145260017968133, "depression anxiety": 0.0143293475056143, "evidence": 0.0140518872507287, "classroom": 0.0140203778633354, "music": 0.0139019106287361, "ed impr": 0.0138437062212527, "fda": 0.0138437062212527, "mers cov": 0.0137861670215623, "programming": 0.0137576421567404, "stigma": 0.0137292779962348, "pandemie": 0.0134540933765445, "effects": 0.0134432005029239, "teachers": 0.0133743878832359, "employment": 0.0133480973526154, "early covid": 0.0131425739113834, "med": 0.0131384681577507, "2003": 0.0128969337226514, "case": 0.0128030190705579, "impr": 0.0128019379765924, "infrastructure": 0.0128019379765924, "articles": 0.012731849255242, "experiment": 0.0125945327841993, "scenarios": 0.0125945327841993, "inclusion": 0.0122246532119314, "manifestation": 0.0121621104800321, "vector": 0.0119990314399239, "metropolitan": 0.0119194309648186, "poland": 0.0118800977555931, "19 clinical": 0.0118023413811167, "confinement": 0.0113949068357701, "transformation": 0.0113949068357701, "shift": 0.0113594515823874, "skills": 0.011202922130075, "landscape": 0.0109687112883019, "paradigm": 0.010936124603838, "radiol": 0.0109199100159959, "green": 0.010903747481495, "legal": 0.010903747481495, "genomic": 0.0108876366671928, "mathematical": 0.0107293020721142, "sustainability": 0.0106827566696544, "satisfaction": 0.0105757955110203, "chloroquine": 0.0105606991723534, "ebola": 0.0105456479648112, "mers": 0.0105456479648112, "selected": 0.0103975600779099, "guided": 0.0103684581172653, "professional": 0.010325118178123, "lesions": 0.0102964307775818, "personnel": 0.0102964307775818, "remdesivir": 0.0102821481433983, "ed": 0.0102537038577198, "en": 0.0102254193722422, "management covid": 0.0101000695320963, "policies": 0.0100589703228558, "nasal": 0.010045344806628, "academy": 0.0100317560664671, "measurement": 0.0099777649305634, "situation": 0.0099509849462879, "coronavirus covid": 0.0099376481830633, "introduction": 0.0098978485673181, "resilience": 0.009858361108635, "korean": 0.0098322071528153, "building": 0.0097932292148513, "mental health": 0.0097545507262306, "comparing": 0.0097417236487871, "depression": 0.0096402668115007, "solutions": 0.0094918150196356, "tools": 0.0094191989746359, "france": 0.009407197478671, "planning": 0.009323978638972, "anxiety": 0.0092887302440717, "biology": 0.0092653676723433, "mobile": 0.0092189652685393, "pediatr": 0.0090042124476866, "activities": 0.0089931594790909, "korea": 0.0089931594790909, "working": 0.0089601454252305, "quarantine": 0.0089491886740656, "tests": 0.0088839442382252, "college": 0.0088409129918801, "economic": 0.0088302124029992, "elderly": 0.0088302124029992, "issues": 0.0088088792135665, "making": 0.0088088792135665, "remote": 0.0087982464214978, "urban": 0.0087035484853335, "mental": 0.0086827442194773, "integrated": 0.0086413918295184, "academic": 0.0086311065855466, "japan": 0.0086311065855466, "school": 0.0086208423104864, "resource": 0.0085193343322174, "policy": 0.0084992760380633, "regional": 0.008479297340524, "psychological": 0.0084693376435604, "approaches": 0.0084593976103746, "impact covid": 0.0083903615116126, "assessing": 0.0083126051371363, "interventions": 0.0082741726972781, "period": 0.0082646102534287, "initial": 0.0082550659374458, "young": 0.0082455396807281, "correction": 0.0081140308000761, "factor": 0.0080862917482346, "digital": 0.0080221555283735, "challenge": 0.0079949167324094, "pulmonary": 0.0079949167324094, "conditions": 0.0079678245136353, "isolation": 0.0079678245136353, "features": 0.007949843690333, "family": 0.0079408773029707, "technology": 0.0078169962684989, "effectiveness": 0.0077734815190174, "india": 0.0076620725011541, "application": 0.0075696914657087, "efficacy": 0.0075696914657087, "social": 0.0073339678158793, "cross": 0.0073260330227897, "life": 0.0072007481711255, "perspective": 0.0072007481711255, "implications": 0.0071853045235152, "safety": 0.0071853045235152, "population": 0.0071239993499262, "therapy": 0.0070259436253643, "children": 0.0069887326269009, "international": 0.0068570052680542, "human": 0.0067568815813618, "public": 0.006749805508274, "high": 0.0067286367657774, "early": 0.0066935521278149, "time": 0.0066034600786208, "new": 0.0063034929708708, "clinical": 0.006194666574927, "analysis": 0.0061442568904802}