{"zhonghua": 0.355836590264646, "za zhi": 0.3269318572602818, "xue za": 0.3155670107750265, "zhi": 0.315179811807358, "za": 0.2944982461343185, "yi xue": 0.2865074869870414, "yi": 0.2498467996447012, "xue": 0.2279584873691732, "respiratory syndrome": 0.2178095479499665, "severe acute": 0.2154760482660335, "acute respiratory": 0.175120879711004, "syndrome": 0.1621906320551101, "acute": 0.154870326490137, "severe": 0.1331455844842451, "respiratory": 0.1266148709009962, "ke za": 0.0891821573395898, "ke": 0.0747990239555459, "syndrome children": 0.0687594994383879, "beijing": 0.0671794104876104, "multisystem inflammatory": 0.0658320514831543, "inflammatory syndrome": 0.0599994791019793, "multisystem": 0.0576625838641131, "heart failure": 0.0524749933120482, "patients": 0.0501341304145841, "cov pandemic": 0.0476353443578993, "article": 0.0446760338625003, "circulation": 0.0419709641931715, "sars": 0.0414397942600967, "letter": 0.0372027520453992, "heart": 0.0353210200761793, "inflammatory": 0.0347841619177361, "failure": 0.034500736386703, "context": 0.0325449514287601, "patients severe": 0.0308767206220651, "children": 0.0288044329228391, "global": 0.0283211394563328, "rna": 0.0263854728878052, "sars cov": 0.0255577651470261, "clinical": 0.0255316474907076, "preventive": 0.0254264848338288, "cov": 0.0252207731338653, "pandemic": 0.024712780195204, "syndrome sars": 0.0232051034756181, "nucleocapsid protein": 0.0230609977410485, "reverse transcription": 0.0225128437005255, "spike glycoprotein": 0.0225128437005255, "chinese": 0.0215751791585489, "nucleocapsid": 0.0202802766094644, "detection": 0.0194911667510319, "chain reaction": 0.0194285893643086, "polymerase chain": 0.0193865416660147, "sars coronavirus": 0.019180053942131, "syndrome coronavirus": 0.0185208101011738, "transcription": 0.0184839202800323, "patients infected": 0.01844722616178, "glycoprotein": 0.0183382975315146, "medicine": 0.0183152462890726, "receptors": 0.0177514818399797, "polymerase": 0.0173966950955122, "thyroid": 0.0170293437243951, "analysis": 0.0168825875315642, "factors influencing": 0.0168818578580026, "implication": 0.0168527343410034, "immunoglobulin": 0.016823732935545, "hemodialysis": 0.0167948526219026, "manifestation": 0.0167089282241622, "coronavirus": 0.0166773874753862, "warning": 0.0165680511534077, "signs": 0.0162412112149128, "circulating": 0.0161356087809454, "spike": 0.0161356087809454, "domain": 0.0159545974212907, "endothelial": 0.0159037381842878, "reverse": 0.0157286193353417, "peripheral": 0.0150918692542688, "ace2": 0.0147619104286941, "influencing": 0.0143249130181558, "units": 0.0139903213977238, "derived": 0.0138949154014205, "cluster": 0.0135619557967752, "reaction": 0.0134544382163256, "chain": 0.0129571040452984, "modified": 0.0128422312378376, "pathology": 0.0128259754722626, "expression": 0.0127132424169144, "cells": 0.0126496389796079, "real time": 0.0126338290868538, "organ": 0.0126023173008309, "characterization": 0.0122200750196169, "dynamic": 0.0121020879358439, "antibodies": 0.0120583565463221, "area": 0.0120583565463221, "protein": 0.0120438406436837, "outcome": 0.0116083230528101, "incidence": 0.0111857901735451, "infected": 0.0110714598834436, "specific": 0.0109838247283896, "features": 0.0109219010823138, "cell": 0.0107634470588877, "real": 0.0107514073255284, "blood": 0.0105615683064906, "different": 0.0100976334928188, "changes": 0.0098609538679006, "diagnosis": 0.0096937717095195, "prevention": 0.0096937717095195, "therapy": 0.009652600010168, "cases": 0.0096218812695132, "early": 0.0091959436030425, "factors": 0.0091959436030425, "virus": 0.0091863435667082, "time": 0.0090721705468758, "treatment": 0.0088493273786624, "study": 0.0083898035150836}