{"revue medicale": 0.2939179316943955, "suisse": 0.2656899842594682, "sars cov": 0.2629030948193331, "cov": 0.2594365850255504, "inc": 0.2585096859394928, "sars": 0.2557653244792469, "medicale": 0.2370511649221577, "north america": 0.2193442904426976, "revue": 0.1858042440787308, "radiological": 0.1766055017145475, "public health": 0.1525319310267691, "public": 0.1515020727376499, "publication": 0.1479099617315997, "america": 0.1396969139701424, "north": 0.1285399243450633, "health": 0.122087804717906, "society": 0.1085635593081826, "innate": 0.1002622204891844, "bing": 0.0989028256876049, "review": 0.0969838772390755, "xue bao": 0.0953725265249601, "sign": 0.0952571423274341, "bao": 0.0908627668494343, "east respiratory": 0.0861698953131642, "cutaneous": 0.0857906164491088, "bmc public": 0.0817345185286137, "analysis": 0.0766168293622414, "br surg": 0.0754235012763968, "xue": 0.0752381717479766, "lineage": 0.0746902510198416, "cov transmission": 0.0719542648480867, "transmission": 0.0686202897294024, "syndrome coronavirus": 0.0672411498305739, "strains": 0.0671072186484576, "resistance": 0.0670380108132585, "du": 0.0660607323494839, "swab": 0.0615036295043801, "middle east": 0.0607665356667166, "nosocomial": 0.0601515162631192, "postoperative": 0.059749715097267, "proteins": 0.0574652284259348, "covid": 0.0568660969134243, "respiratory syndrome": 0.0564838161129009, "preparing": 0.0562226833911517, "allocation": 0.0558786775031047, "genomic": 0.0543060757749794, "article": 0.0540665314741241, "14": 0.0537506526283993, "virology": 0.0519345334901435, "radiology": 0.0512859799856747, "head": 0.0501048366077766, "analyses": 0.0500370577889733, "storm": 0.0497677572229102, "comment": 0.0484629423300467, "communities": 0.0478351087009726, "procedures": 0.0476497791725523, "br": 0.0472225896246657, "normal": 0.0462726120617146, "europe": 0.0462144149623842, "structural": 0.0452451581445882, "east": 0.0450779297544203, "point": 0.0437260405367564, "surg": 0.0425434743402443, "distribution": 0.04249330042321, "middle": 0.042443226553933, "bmc": 0.0417524786437643, "communication": 0.0417038590020099, "cov variants": 0.0414798694712059, "central nervous": 0.0407482439792799, "identification": 0.0403333419218002, "chinese": 0.0391651295622732, "vaccines": 0.0386437536622992, "transmission sars": 0.0376190858739883, "mortality": 0.0360711431926276, "phylogenetic": 0.0356572165560903, "eur respir": 0.0353452497366746, "diagnosis": 0.0351939441300071, "strategies": 0.0350444672772263, "contrast": 0.0350408464993171, "nervous system": 0.0348172913019495, "syndrome": 0.0346379353550616, "approach": 0.0333168839807889, "anatomy": 0.0331591469812107, "respiratory": 0.0328346078142239, "nervous": 0.0327140769428977, "new": 0.031440980020453, "anterior": 0.0314099226781753, "persistence": 0.0310218470641182, "infection": 0.0307093553113199, "28": 0.0306984982450677, "health covid": 0.0304874677555325, "new normal": 0.0303832678333583, "coronavirus": 0.0302742348711816, "out": 0.0297262638787599, "resident": 0.0296771208862384, "sequencing": 0.028962163907277, "injuries": 0.0287326142129674, "2015": 0.0286872036080957, "nasopharyngeal": 0.0285519489584514, "genes": 0.0282857336456591, "bias": 0.0280250456956721, "antigen": 0.0274781309613962, "finding": 0.0271932171811708, "targets": 0.0264509657888432, "detecting": 0.026300140929526, "government": 0.0262254025031356, "professional": 0.0257501543864127, "lesions": 0.0256786099275371, "adherence": 0.0255720518461745, "variants": 0.0255015122305279, "nasal": 0.0250524183038883, "respir": 0.0247838301254439, "assess": 0.0243271973102194, "universal": 0.0238248895862761, "structure": 0.0235509292222086, "enhanced": 0.0231072074811921, "lessons learned": 0.0229914829886256, "identifying": 0.0229340182724825, "hand": 0.0228198718630653, "ct": 0.0221559629389315, "liver": 0.0221559629389315, "improving": 0.0216283214993354, "learned": 0.021322061961182, "viruses": 0.021246650211605, "central": 0.0212216132769665, "update": 0.0210230950142374, "reduce": 0.0208519295010049, "increased": 0.0207551581660258, "interventions": 0.0206352334858684, "to": 0.0204928196503069, "function": 0.020282182525911, "protocol": 0.0202589950427545, "face": 0.0202127481449432, "therapeutic": 0.0202127481449432, "education": 0.0198263786275748, "eur": 0.0197594130365167, "versus": 0.0195825647811366, "implementation": 0.019516883627557, "performance": 0.0191722714358364, "prevalence": 0.0191086965224908, "measures": 0.0190034484748882, "diagnostic": 0.0189198806551856, "test": 0.0188990753172672, "efficacy": 0.018878304396797, "lessons": 0.0186113634493895, "support": 0.0186113634493895, "screening": 0.0185505593665882, "self": 0.0184900483166483, "implications": 0.0179196690635399, "rapid": 0.0178238942394355, "detection": 0.0176910250782682, "comparison": 0.0175222336386131, "china": 0.0173373110241985, "non": 0.0169932889957438, "19 pandemic": 0.0167807702090978, "time": 0.0164685879207932, "system": 0.016434375314991, "associated": 0.0162142371862419, "risk": 0.0161639795398459, "case": 0.0159649367683548, "clinical": 0.0154490842550065, "pandemic": 0.0149535913634292, "covid 19": 0.01423084940796, "19": 0.0141451424638402}