{"zhongguo": 0.6076216569569535, "bing": 0.3164113637614709, "zhong": 0.3134355126014352, "yi xue": 0.3025253803230336, "yi": 0.263815088673144, "xue": 0.240703057412045, "care medicine": 0.2204471494146488, "critical care": 0.1812656611309939, "chinese": 0.1252976542433271, "critical": 0.1185581564389449, "respiratory syndrome": 0.1181525167067926, "severe acute": 0.1168866912965377, "medicine": 0.1063656241297207, "care": 0.1023613806453155, "acute respiratory": 0.0949957100618728, "syndrome": 0.0767175150779199, "patients": 0.0746547437482573, "acute": 0.0732549497901481, "respiratory": 0.0727234315280059, "severe": 0.0722258782650986, "patients severe": 0.0620710167531086, "analysis": 0.037709796765812, "sars": 0.0370248036124476, "clinical": 0.034217263301761, "convalescent": 0.0260003511221451, "igg": 0.0215548229240699, "positive": 0.0184815793306072, "serum": 0.0176121945757725, "patients sars": 0.0167491418203182, "antibodies": 0.0161604910565284, "treatment": 0.0158130422289634, "function": 0.014973935636316, "features": 0.0146374246011871, "clinical features": 0.0140971947425098, "changes": 0.0132155535606262, "mortal": 0.0131977132063312, "transplant": 0.0125169845509499, "study": 0.0112439323012798, "ventilation": 0.0111759658896321, "pressure": 0.0110118879147506, "liver": 0.0109048738577757, "chest": 0.010683441476278, "period": 0.0101446530820779, "prospective": 0.010040004925278, "pulmonary": 0.0098136093758015, "specific": 0.0098136093758015, "retrospective": 0.0098025044179782, "preliminary": 0.0097803541886529, "bone marrow": 0.0097227890690194, "year": 0.0096059536948142, "chest ray": 0.0094937988675317, "hematopoietic": 0.0094451371739186, "marrow": 0.0094451371739186, "blood": 0.009436340101809, "acquired pneumonia": 0.0092578099004632, "community acquired": 0.0086982337647068, "positive patients": 0.0086418804638904, "comparison": 0.0086242131773833, "igm": 0.0085683066622673, "sars coronavirus": 0.0085683066622673, "report": 0.0085422382594436, "evaluation": 0.0082076316387834, "effect": 0.0081649230557709, "treatment patients": 0.0080661306975268, "noninvasive": 0.0080353846360611, "clinical course": 0.0079153713500628, "bacteria": 0.0078140523162696, "non invasive": 0.0076342727689572, "base": 0.0074899174728692, "middle east": 0.0074771226153207, "coronavirus": 0.0074502903196053, "observation": 0.0074139311761777, "nosocomial": 0.0074014464978484, "outcomes covid": 0.0073033444905644, "biochemical": 0.0072317593504158, "ray": 0.0072199880840546, "iii": 0.0071733463881666, "gas": 0.0071046779248134, "retrospective analysis": 0.0070264470707897, "physiology": 0.0068651955105861, "peripheral": 0.0067419916684057, "person": 0.006701991709399, "criteria": 0.0066920721063922, "bone": 0.0065945891422201, "acquired": 0.006381404364876, "three": 0.0063546513520163, "usage": 0.0063457849078182, "relation": 0.0063369438325938, "prognosis": 0.0062584922754749, "damage": 0.0061237590552497, "dysfunction": 0.0059710384549856, "manifestations": 0.0059553930864574, "rna": 0.0058935919527069, "12": 0.0056936929235891, "acid": 0.0056580529242898, "invasive": 0.0056439112351531, "organ": 0.0056298339730696, "east": 0.0055466911898225, "resistance": 0.0054992046882198, "complications": 0.0054790746256056, "dynamic": 0.0054063664784728, "risk factors": 0.0052846738190736, "antibody": 0.0052596538144942, "immunity": 0.0052410208715021, "distribution": 0.0052286610402908, "middle": 0.0052224996151527, "regional": 0.005204088714511, "course": 0.0051434994461287, "secondary": 0.0050489619406197, "death": 0.0049685496860939, "relationship": 0.0049012522089891, "cell": 0.0048083553582218, "protective": 0.0047976076824021, "chronic": 0.0047602825076182, "multiple": 0.0047025246823763, "investigation": 0.0046663239741265, "diagnostic": 0.0046560583378309, "drug": 0.0046407235486258, "pneumonia": 0.0046407235486258, "strategy": 0.0045305352428698, "outcomes": 0.0044099128358718, "community": 0.0043769655689884, "viral": 0.0043304992244431, "therapy": 0.0043121065886916, "cases": 0.0042983836038135, "non": 0.0041819367869066, "patient": 0.0041819367869066, "outbreak": 0.0041775445279113, "factors": 0.0041081044442062, "medical": 0.0039984902277591, "associated": 0.003990217254456, "risk": 0.0039778491778382, "infection": 0.0037786853007313, "health": 0.0037556258378701, "covid 19": 0.0035021185517989, "covid": 0.0034985932192056, "19": 0.0034810266358904}