{"plast reconstr": 0.4238941951692075, "reconstr": 0.3820722404265115, "plast": 0.3243545878400853, "mmw": 0.2757644401656751, "fortschr med": 0.2697331305687908, "mmw fortschr": 0.2697331305687908, "fortschr": 0.2444472555389786, "der": 0.1908066046552258, "surg": 0.1627603595942374, "plastic": 0.1496503396602617, "plastic surgery": 0.14565632488215, "covid 19": 0.141362224080227, "covid": 0.1412199248266051, "19": 0.1405108536600529, "manag": 0.132391931555792, "med": 0.1143598859607283, "rev": 0.0964637467846656, "surgery": 0.0913300895095431, "control": 0.078599412417201, "pandemie": 0.0765700607563491, "glob": 0.0741392514985831, "bei": 0.0705564424349735, "und": 0.0554067190133518, "pandemic": 0.0541976054959417, "open": 0.0512820754142749, "f\u00fcr": 0.0487351389704582, "gerontol": 0.0482136667386121, "geriatr": 0.0458877132086548, "von": 0.0454081973945039, "19 pandemic": 0.0450518586376352, "reconstruction": 0.0448004309308288, "19 pandemie": 0.0444107527657095, "reconstructive": 0.0440160763662991, "zur": 0.040104650604548, "breast": 0.0400839163253026, "die": 0.0378117998255567, "corona": 0.0372179248064425, "reconstructive surgery": 0.0371612062142397, "total environ": 0.0364537247511661, "sci total": 0.0363179796160432, "mit": 0.0279242408636614, "auf": 0.0266627481887666, "med covid": 0.0251069951165362, "das": 0.023774985355946, "den": 0.0212718266959024, "surgery covid": 0.0207847693972585, "des": 0.0197495817725301, "immediate": 0.0196275874810113, "total": 0.0187762007300999, "coronavirus": 0.0182875916824072, "surgeons": 0.0181709747364288, "der covid": 0.0177698416629053, "environ": 0.0175665870127415, "era": 0.0149572780086222, "sci": 0.0148922433103766, "free": 0.0146388225106179, "programming": 0.013817227126564, "tissue": 0.0129093589902125, "review current": 0.0127175657058438, "residency": 0.012671805842747, "19 era": 0.0125652258453199, "sars": 0.0121175499931681, "safety": 0.0120273740034607, "operative": 0.0119315509957779, "controlling": 0.011049158303432, "landscape": 0.0110162172725156, "review": 0.0108489853590861, "training": 0.0108284184575699, "based": 0.0105730149261777, "sars cov": 0.0103797670817908, "systems": 0.0103748094129649, "transfer": 0.0103123766772262, "cov": 0.0102429046219901, "surg covid": 0.0097247771946595, "minimally invasive": 0.009427771686273, "time coronavirus": 0.0093874005022507, "feasibility": 0.0092127152565061, "head neck": 0.009192493413065, "patient": 0.0091244828942317, "minimally": 0.0090991092259679, "council": 0.0089903593571448, "science iccs": 0.0088819527282958, "time": 0.0088427466168006, "19 positive": 0.0086032415444181, "iccs": 0.0085547072728139, "service": 0.0085060187275839, "diabetes": 0.0083196306479974, "safe": 0.0082431614346393, "willingness": 0.0081431900867128, "neck": 0.0078256893573995, "rheumatol": 0.0077755627300304, "cov pandemic": 0.0077384509396891, "implications covid": 0.0077017432785075, "resuscitation": 0.0076895956849118, "2021": 0.0076867519317217, "iop conference": 0.0075973833617932, "app": 0.0075821933889928, "ongoing": 0.0075587838950894, "enhancing": 0.0073441448483437, "computational science": 0.0072900846099673, "implications": 0.0072164244020764, "current": 0.0071778549521987, "report": 0.0069893010268096, "amid": 0.0068559264468399, "erratum": 0.0068089109905037, "iop": 0.0067363986305066, "head": 0.006725901099258, "novel": 0.0066527972317032, "conference": 0.0066183083414305, "management": 0.0065840011995493, "awareness": 0.0065398091094321, "2020": 0.0065093912154516, "networks": 0.0065054988531855, "case": 0.0064292347623301, "impact": 0.0064027958505259, "procedures": 0.0063963426250617, "trauma": 0.0063308851591244, "infection": 0.0061834775032632, "invasive": 0.0061571676170421, "conference series": 0.0061453746130466, "deep": 0.0060886034857511, "teaching": 0.0060362235749776, "protein": 0.0058696334330871, "case report": 0.0058625738418684, "integrated": 0.0057858787253304, "nature lond": 0.0057456978508479, "mass spectrometry": 0.0056724047040743, "impact covid": 0.0056178003642934, "spectrometry": 0.005585054755181, "practices": 0.0055336031025833, "neural networks": 0.0055182944723514, "value": 0.0055017713875352, "protocol": 0.0054389957638052, "correction": 0.0054327820227373, "phase": 0.0054327820227373, "factor": 0.0054142092287849, "mol biol": 0.0053034889732344, "italy": 0.0052810483274177, "tool": 0.0052573924157771, "levels": 0.0052456264227676, "trends": 0.0052339013550339, "women": 0.0051874047064824, "coronavirus disease": 0.0051701324898306, "radiofrequency": 0.0051001732999012, "diagnostic": 0.0050794795357857, "cardiac arrest": 0.0050748273066709, "positive": 0.0050405727971695, "science": 0.0048840071823119, "pandemic indian": 0.0048294466343288, "practice": 0.0048161158147707, "community": 0.0047750061153385, "diagnosis": 0.0047243141288779, "19 challenges": 0.0047240700238944, "testing": 0.0046942608518838, "fur": 0.0046937002511253, "cases": 0.0046892779188628, "cloud": 0.0046836973921671, "protects": 0.0046836973921671, "ir": 0.0046737535474693, "rat": 0.0046638680247768, "experience": 0.0046546021171032, "coagulopathy": 0.0046248957269444, "global": 0.004600822166673, "pneumothorax": 0.0045962467065325, "education covid": 0.0045495546129839, "melanoma": 0.0045495546129839, "hospital": 0.0045288417754041, "19 based": 0.0045221478825029, "analytics": 0.0045221478825029, "fractures": 0.0045221478825029, "public": 0.0045193594806147, "arrest": 0.0045131104518025, "effect": 0.0044537199240048, "high resolution": 0.0044425042419478, "19 lessons": 0.0044338828585085, "model": 0.0044167775972933, "system": 0.0044121881431128, "phase covid": 0.0044082801871711, "safety efficacy": 0.0044082801871711, "treatment patients": 0.0043998316642814, "algorithms": 0.0043914252788382, "conflict": 0.0043500109892388, "in hospital": 0.0043337260626748, "parental": 0.0043095899444425, "aerosols": 0.004301620772209, "induces": 0.0042936891021013, "monitor": 0.0042468672916336, "surgeon": 0.0042239352809156, "new": 0.0042205291225018, "geographic": 0.0041789865694969, "da": 0.0041716102916958, "analyzing": 0.0041569538794517, "combining": 0.004149673190863, "nhs": 0.0041352054901218, "robotic": 0.0041280179449549, "28": 0.0041208609202415, "mouse": 0.0041208609202415, "analysis": 0.0041139119631352, "anesthesiology": 0.0041066374030266, "disease": 0.0041013415809804, "cov covid": 0.0040785454729478, "2010": 0.0040509140871132, "warning": 0.0040372664272231, "breast cancer": 0.0040304838153037, "interventional": 0.0040237283882746, "infection prevention": 0.0040169999290898, "rapidly": 0.0039771836652593, "mitigate": 0.0039447071925302, "amidst": 0.0039128446786997, "solid": 0.0039065438235583, "smartphone": 0.0039002664353433, "amid covid": 0.0038630852926078, "web based": 0.0038630852926078, "injuries": 0.0038569674028147, "applying": 0.0038508716392537, "aid": 0.0038447978424559, "determination": 0.0038447978424559, "malaria": 0.0038088076468214, "protecting": 0.0038028832934901, "interest": 0.0037852341606295, "preparing": 0.0037735699148562, "bias": 0.0037619858363538, "diet": 0.0037504808306757, "effect covid": 0.0037504808306757, "members": 0.0037447576442346, "elective": 0.003710820723494, "neural": 0.003710820723494, "worldwide": 0.003710820723494, "types": 0.0036775536543275, "materials": 0.0036720724241718, "21": 0.0036611631512163, "paradigm": 0.0036611631512163, "construction": 0.003650324034842, "global pandemic": 0.0036288527025995, "fatality": 0.0036235273370716, "inhibition": 0.0036129268191893, "bone": 0.0035971500101979, "3d": 0.0035815195106611, "plus": 0.0035763413904979, "resolution": 0.0035660326318333, "unique": 0.0035609018005121, "anesthesia": 0.0035557865407818, "computational": 0.0035506867584117, "19 associated": 0.0035405332530829, "compliance": 0.0035405332530829, "chloroquine": 0.0035354793458856, "decision making": 0.0035054700643568, "protocols": 0.003490663438059, "german": 0.0034857566608309,