{"royal society": 0.4844621563865561, "transactions": 0.4051857418268264, "royal": 0.3668816253124448, "london": 0.3538442702227043, "biological": 0.253071931097026, "sciences": 0.2310374380203076, "series": 0.2232144515556162, "society": 0.2132350713037454, "tobacco": 0.1195588061824549, "vector": 0.1175534975889191, "entry": 0.1158158847206733, "resistant": 0.103167806535764, "diversity": 0.1001775699596118, "pathway": 0.0976199652465809, "adaptation": 0.0961976864324099, "infectious disease": 0.0943220308690472, "receptor": 0.0910009056828946, "systemic": 0.0857811889657018, "dynamics": 0.0801324585538037, "infectious": 0.0715400496853833, "virus": 0.0655077071191262, "infection": 0.0603177678700868, "disease": 0.060010835967373}