{"malaria": 0.5667615089551331, "dependent": 0.5122132363814013, "region": 0.3907194546524731, "age": 0.3825380049637022, "transmission": 0.3426688998976359}