{"care community": 0.4151557270132746, "ann intern": 0.3860586038687081, "intern med": 0.282101151618957, "intern": 0.2696613045902385, "including": 0.2348079309040492, "settings": 0.2156638602624665, "masks": 0.2083890082871668, "update": 0.1991778274990863, "ann": 0.1977864815655126, "health care": 0.1973262925149398, "community": 0.1685068063630793, "prevention": 0.1667179197019223, "infections": 0.165833464168745, "virus": 0.1579909384089095, "respiratory": 0.1555414615876642, "med": 0.1552186426074104, "care": 0.1515678549758015, "sars cov": 0.1465180449613889, "cov": 0.1445861307015983, "health": 0.1445861307015983, "sars": 0.1425401071728227}