{"natl med": 0.5980891469113739, "natl": 0.4315214296984668, "bull": 0.3911833867724795, "acad": 0.3178586412424569, "med": 0.2123722360464162, "covid 19": 0.1844713896606942, "covid": 0.1842856954893262, "19": 0.1833603892817218, "pand\u00e9mie": 0.0752194947322576, "med covid": 0.0692714157147944, "pour": 0.0684716669768582, "une": 0.0653412403692393, "des": 0.0635717282484913, "au": 0.0586969729947358, "tests": 0.0574405807474767, "du": 0.0570887220627232, "un": 0.0521577849029972, "screen": 0.049582126485527, "infants": 0.0448810668975146, "la": 0.0448180727851452, "diagnostic": 0.0327005702107456, "de": 0.0320972202129981, "rotavirus": 0.0316659210180806, "les": 0.0305448496662075, "clinical research": 0.0277441906330997, "syndromes": 0.0276928868579182, "research covid": 0.0274399446762145, "option": 0.0247130001129994, "older adults": 0.0237106823199444, "domestic": 0.0229243013030874, "opportunity": 0.0213605648581469, "treatments": 0.0210232093471333, "hydroxychloroquine": 0.019501877572478, "better": 0.0194299387792277, "older": 0.0190080430692319, "applications": 0.0186685765444067, "period": 0.0178120588437841, "adults": 0.0168473519314935, "science": 0.0157210811314226, "vaccination": 0.0153866716684842, "infections": 0.0151263718520875, "19 pandemic": 0.0145016970353508, "research": 0.0141728619238615, "based": 0.013613348158878, "clinical": 0.0133508734431181, "pandemic": 0.0129226757080148}