{"cell therapy": 0.5388810490300174, "hematology": 0.4167832048115109, "transfusion": 0.3661743878174413, "cell": 0.2576403816163428, "therapy": 0.2310504744998115, "de": 0.2012355037757363, "com": 0.1748998909317323, "covid 19": 0.1746444145484007, "covid": 0.1744686124909474, "19": 0.173592598268892, "da": 0.1663461617009442, "em": 0.1618070748174366, "pacientes": 0.1375211896561173, "pandemia": 0.1042069194724543, "pandemia covid": 0.0725716438725673, "na": 0.0657092525035481, "durante": 0.0644037737146428, "da covid": 0.0614701653702173, "impacto": 0.0609657377256658, "paciente": 0.0582272861084836, "therapy covid": 0.0465712182632127, "como": 0.0447051924071554, "para": 0.0354702935983646, "por covid": 0.0345651742924333, "por": 0.0315523161391748, "de covid": 0.0217276433530195, "das": 0.0184984543636943, "2019 covid": 0.0131542225475147, "kawasaki": 0.0125976214195249, "pandemia de": 0.0124514323069752, "plasma": 0.0115703539701345, "2019": 0.0109198125743523, "sobre": 0.0107659481101378, "brasil": 0.0106398356009438, "social": 0.0095516812532639, "surg": 0.0083314431863004, "pandemic": 0.0078091097045302, "women": 0.0075677467140542, "surgery": 0.0074021492001408, "review meta": 0.0069365018434087, "oncol": 0.0066679348377598, "19 pandemic": 0.0065724784253085, "care": 0.0062658507406766, "pandemia por": 0.0060965737725665, "contexto": 0.0060001188653019, "pcr": 0.0059143258010172, "sars": 0.0058926415251278, "meta analysis": 0.0058924446008246, "enfermagem": 0.0055521198973605, "meta": 0.0054765403271516, "world neurosurg": 0.0053669811428869, "mayo": 0.0051029592944375, "systematic review": 0.0049950246900787, "pandemic indian": 0.0046970217241736, "outcomes": 0.004679031885554, "systematic": 0.004679031885554, "pandemic world": 0.0046760052760976, "cancer": 0.0046540239764107, "neurosurgical": 0.0045169219476217, "hematological": 0.004488739124581, "melanoma": 0.0044248044280273, "glob health": 0.0043806168335698, "abnormalities": 0.0043632699997777, "neurosurg": 0.0043206894110471, "2019 pandemic": 0.0042956620471062, "review": 0.00422060113924, "geographical": 0.0041992071398416, "insurance": 0.0041682767788981, "material": 0.0041155144152216, "based": 0.0041132398436923, "confirmed covid": 0.004071603026363, "surgery covid": 0.004042968927202, "sars cov": 0.0040380602720385, "19 severity": 0.0040288372836822, "inter": 0.0040148264249173, "precision": 0.0040078656480199, "analysis": 0.0040011072334519, "emergent": 0.0039940321440161, "cov": 0.003984816412393, "children covid": 0.0039803144029088, "hemodialysis": 0.0039803144029088, "delay": 0.0039734983411293, "patients": 0.0039605309606635, "outcomes covid": 0.0038745189547244, "19 clinical": 0.0038428107998561, "century": 0.003787237325434, "sports": 0.0037631301189667, "medical students": 0.0037571583072759, "comorbidities": 0.0036814418772497, "far": 0.0036814418772497, "intestinal": 0.0036757598594422, "act": 0.0036644545698317, "hospitalized patients": 0.0036644545698317, "perinatal": 0.0036090688794177, "cardiology": 0.0035767140035063, "ethnic": 0.0035767140035063, "peripheral": 0.0035767140035063, "variability": 0.0035554935065736, "birth": 0.0035449853904869, "educ": 0.0035087285460719, "proceedings": 0.0034385354162422, "glob": 0.0034336347833062, "perceived": 0.0033949483743741, "containment": 0.0033854177632476, "pregnant women": 0.0033618308743521, "urgent": 0.0033618308743521, "centers": 0.0033524903334323, "tracking": 0.0033339674188799, "telehealth": 0.0032796223150632, "facilities": 0.0032574997054042, "usa": 0.0032227130313893, "factors associated": 0.0032013403623211, "principles": 0.0031928687129947, "comment": 0.0031635580381814, "utilization": 0.0031470414199027, "universal": 0.0031104764727716, "individual": 0.0030944835605896, "volume": 0.0030944835605896, "clinic": 0.0030747093703127, "presentation": 0.0030668660036929, "aerosol": 0.0030551708732576, "confirmed": 0.0030435585897782, "total": 0.0030435585897782, "parameters": 0.0030243857338323, "obesity": 0.0029866999247798, "hospitalized": 0.0029829785599666, "technique": 0.0029829785599666, "pregnant": 0.002979265624073, "preparedness": 0.0029317474999943, "kidney": 0.0028996390861822, "annals": 0.0028612307999766, "living": 0.0028338521176843, "disease 2019": 0.0028237018654632, "outbreaks": 0.0028136140767282, "cardiovascular": 0.0028102652287888, "experiences": 0.0028102652287888, "pregnancy": 0.0027969378342713, "infectious diseases": 0.002793622847305, "events": 0.0027771477287668, "differences": 0.0027673415549803, "covid19": 0.0027575936937711, "impact covid": 0.0027318792763535, "bmc": 0.0027255132081732, "reduce": 0.0027223394211291, "students": 0.0027191717670107, "assessing": 0.0027065620087075, "period": 0.0026909350028877, "severity": 0.0026754555630658, "experimental": 0.0026693044845682, "like": 0.0026540270161493, "indian": 0.0026060744782623, "surgical": 0.0026001778514141, "oral": 0.0025972374730541, "united states": 0.0025943023594746, "understanding": 0.0025855284197262, "cohort": 0.0025739024100284, "knowledge": 0.0025338486775297, "multi": 0.0025169779231706, "coronavirus disease": 0.0025141829344352, "blood": 0.0025030503925236, "status": 0.0024975123450393, "states": 0.0024538688888033, "united": 0.0024271702449468, "studies": 0.0024218823032768, "self": 0.0024139822374024, "infectious": 0.0023776104648901, "world": 0.0023571832784919, "implications": 0.002339515942777, "testing": 0.0022827713887038, "children": 0.0022755126587789, "diseases": 0.0022373331048232, "patient": 0.0022185716926351, "hospital": 0.002202329771408, "data": 0.0021885350715206, "factors": 0.0021794026774485, "medicine": 0.0021703208786169, "novel": 0.0021567918293655, "med": 0.002138925053081, "medical": 0.0021212509142555, "associated": 0.0021168619946426, "risk": 0.00211030056962, "impact": 0.002075743073861, "clinical": 0.0020169668752104, "infection": 0.0020046415502565, "disease": 0.0019944407675185, "health": 0.0019924082061965, "study": 0.0019883506286392, "coronavirus": 0.0019762378112387}