{"laparoendoscopic": 0.5226258748364694, "laparoscopic": 0.3971693800358019, "techniques": 0.2952638838309884, "surgeons": 0.2915194173029964, "laparoscopy": 0.2764893110030735, "percutaneous": 0.1903130929338338, "society": 0.1876171353326084, "endoscopy": 0.1617171586195484, "single incision": 0.1357627705385719, "surgical": 0.1350275169538741, "incision": 0.1334007027846515, "incision laparoscopic": 0.1291277119979585, "hernia": 0.1125215824195744, "hernia repair": 0.106938724548074, "repair": 0.1054757893543206, "arch": 0.0981377099891262, "chest": 0.0952226303250781, "dis": 0.0853322310481618, "gastrectomy": 0.0775797673066295, "sleeve": 0.0751094666776256, "single": 0.0750409253902594, "sleeve gastrectomy": 0.0690260589406657, "patients": 0.0665405532640251, "covid 19": 0.056754088422814, "covid": 0.0566969581358854, "19": 0.0564122803307192, "mesh": 0.0545582528007923, "gastric": 0.0503776876680774, "technique": 0.0501167761914553, "cholecystectomy": 0.0444669009282171, "hernias": 0.0413072650834986, "resection": 0.0387710097265492, "surgery": 0.0376857263019609, "robotic": 0.0367924182929987, "bypass": 0.0367050119018502, "total": 0.0325401848954874, "pulmonary": 0.0318071730595809, "single port": 0.0303268886393893, "obese": 0.0265001733785488, "pulmonary embolism": 0.0261433693957762, "treatment": 0.0256260541618521, "en": 0.025425662210249, "embolism": 0.0250083896147525, "laparoscopic surgery": 0.0247391577242886, "clinical": 0.0246450136242664, "severe covid": 0.0245783380120268, "hepatic": 0.0245282788619991, "study": 0.0242953560293446, "distinct": 0.0234009121092494, "tertiary care": 0.0225263257464902, "endoscopic": 0.0224914911436755, "tertiary": 0.0221709165504096, "artery": 0.0220826613908548, "outcomes": 0.021439643974537, "bariatric": 0.0213306960461948, "patients covid": 0.020936042920016, "experience": 0.0207428928802551, "initial": 0.0205263481533673, "giant": 0.0200324384779328, "management": 0.019560745568906, "case": 0.0191009420528833, "india": 0.0190518608726818, "port": 0.018891632875529, "anterior": 0.0187898994423389, "rehabilitation": 0.0187607168227377, "assisted": 0.0181338533010503, "centre": 0.0180665634294581, "operative": 0.017724027244012, "case report": 0.0174174201711205, "report": 0.0173040596118659, "severe": 0.0172127486835879, "patient": 0.0169427452749134, "procedure": 0.0169209614522232, "outcome": 0.0168078037205892, "recurrent": 0.0167907813538559, "review": 0.0161159024625023, "isolated": 0.0155340188491236, "term": 0.0153091574570247, "position": 0.0145720897728086, "literature review": 0.0141427612856212, "experience covid": 0.0137690351977149, "cystic": 0.0136271710610233, "line": 0.0136003899757877, "peritoneal": 0.0135992742250494, "randomized": 0.0134499937767992, "19 pandemic": 0.0133846868721322, "19 experience": 0.0133285342848848, "early": 0.01331489607951, "dimer": 0.0131220114441806, "linear": 0.0129236699088497, "in hospital": 0.0128752881884531, "positioning": 0.0128035809615781, "care": 0.0127602473107452, "pancreatic": 0.0123069385727943, "bilateral": 0.0122854932761789, "access": 0.0122591202934353, "prone": 0.0122217029981563, "spinal": 0.0121171591361505, "aortic": 0.012055464691205, "pandemic": 0.0119272915080386, "removal": 0.011914399895102, "retrospective": 0.0119141926724006, "extraction": 0.0118748149529418, "adoption": 0.0116061506476696, "literature": 0.0115586442671131, "closure": 0.0114407513107857, "monitoring": 0.0111946216451902, "patients severe": 0.0111766759373893, "moderate": 0.0110413306954274, "benefit": 0.010893315906389, "thoracic": 0.0106559506595635, "results": 0.0106283602342389, "anesthesia": 0.0105640679145586, "strategies": 0.0104820699957812, "retrospective study": 0.0103414770867726, "live": 0.0103269836783736, "short term": 0.0102266876681639, "association": 0.010219260552166, "prognosis": 0.010142290123598, "paper": 0.010100618850329, "hospital": 0.0100912255715313, "19 pneumonia": 0.0100868051336898, "19 vaccination": 0.0100730294190702, "evaluation": 0.0099757470702294, "approach": 0.0099653365298807, "country": 0.0099641671076209, "sleep": 0.0099641671076209, "system": 0.0098312963941456, "ultrasound": 0.0097275497465569, "deaths": 0.0097147265152057, "associated": 0.0096996063755167, "risk": 0.0096695414775014, "target": 0.0095016105608353, "new": 0.009404239211378, "right": 0.0093208158655136, "video": 0.0093208158655136, "device": 0.0092619730132465, "treated": 0.0091121411257191, "dose": 0.0090894828558097, "ventilation": 0.0090556865355787, "site": 0.009044471594483, "mechanical": 0.009033281714729, "combined": 0.0089887705851512, "profile": 0.0089118156485611, "complications": 0.0088791935846112, "liver": 0.0088360254801471, "gastric cancer": 0.0087681673676376, "italian": 0.0087087100855602, "alternative": 0.0085947813653559, "low middle": 0.008399723688766, "natural": 0.0083646273914647, "setting": 0.0083256585636216, "short": 0.0082390719260445, "long term": 0.0082010643879314, "to": 0.0081727468622902, "safe": 0.0081633431616747, "developing": 0.0081165877416354, "trial": 0.0081165877416354, "pre": 0.0080061243849366, "versus": 0.0078097278755016, "19 patients": 0.00780098120235, "double blind": 0.0077734291293218, "in": 0.0077661464941746, "laboratory": 0.0077143446276585, "middle income": 0.0076728640227945, "thrombectomy": 0.0076728640227945, "blood": 0.007646098677195, "thoracic surgery": 0.0075952226215636, "series": 0.0075537537966994, "pneumonia": 0.0075205916284373, "rectal": 0.007375777030398, "world health": 0.007375777030398, "self": 0.0073740210933452, "large": 0.0073500044089081, "hepatocellular": 0.0073067041104135, "aneurysm": 0.0072897295738493, "long": 0.0072550732415155, "intellectual": 0.0071902303398595, "vaccination": 0.0071007476499107, "infected covid": 0.007032710821314, "minimally invasive": 0.007002362152119, "comparison": 0.0069880466638541, "distal": 0.006987324662153, "randomized clinical": 0.0069723769487813, "esophageal": 0.006928061906023, "outcome covid": 0.0068559031782274, "pancreatitis": 0.0068135855305116, "minimally": 0.0067582521280915, "valve": 0.0067310373541315, "19 based": 0.0067175401001341, "high": 0.0066923434360661, "ovarian": 0.0066907619352175, "report cases": 0.0066907619352175, "patients infected": 0.0066774794926442, "case fatality": 0.0066380497871492, "dissection": 0.0066250433446372, "effect": 0.0066158920410426, "role": 0.006602116326423, "build": 0.006599231419602, "novel": 0.0065883784053065, "radical": 0.0065864245653202, "extracorporeal": 0.0065610057220903, "virtual reality": 0.0065483924231063, "respiratory": 0.0065473893433744, "endovascular": 0.006535842348944, "previous": 0.0064985652153963, "tumors": 0.0064985652153963, "hemorrhage": 0.0064862618267412, "modification": 0.0064376440942265, "use": 0.0063933012132566, "matrix": 0.006389952470305, "patients hospitalized": 0.0063781701683117, "diabetes mellitus": 0.006354770609647, "mellitus": 0.006331587716673, "obstructive": 0.0063200762731622, "type diabetes": 0.0063200762731622, "lipid": 0.0063086175137879, "woman": 0.0063086175137879, "multicenter study": 0.0062972109585096, "based": 0.0062823820530702, "blind": 0.0062632998141129, "da": 0.0061968250806271, "unusual": 0.0061968250806271, "simultaneous": 0.0061320697154997, "infection": 0.0061236030850392, "analysis": 0.0061111156244378, "donor": 0.0061003094432801, "disease": 0.0060924426291284, "health": 0.0060862337391747, "inclusion": 0.0060793575674314, "partial": 0.0060175338200836, "box": 0.0060073766680071, "strategic": 0.0059972605550408, "means": 0.0059671551676372, "nerve": 0.0059671551676372, "intubation": 0.005957199947551, "postoperative": 0.005957199947551, "focused": 0.0059374074764709, "mechanical ventilation": 0.0059177702420559, "outcomes patients": 0.0059177702420559, "poland": 0.0059080090813373, "abdominal": 0.0058886001891578, "radiological": 0.005869340597627, "congenital": 0.00585976607524, "socio": 0.00585976607524,