{"report reactions": 0.4324353510496245, "reactions weekly": 0.4007046144820347, "weekly": 0.2792774010464089, "reactions": 0.2507135760972374, "case report": 0.2232695664077318, "plus": 0.2043014415989069, "nucleic acids": 0.1973838244343075, "report": 0.1811500809584096, "case": 0.1734355680019123, "alpha": 0.1715326935943962, "interferon": 0.1601973924014027, "acids": 0.1492034286873128, "infectious bronchitis": 0.1396660457779265, "lopinavir ritonavir": 0.1392017436400457, "ritonavir": 0.1346423017450486, "nucleic": 0.1336367563850612, "lopinavir": 0.1321004849774449, "bronchitis virus": 0.1135403399417532, "bronchitis": 0.1103075989465849, "veterinary": 0.0833208689652741, "res": 0.0813758530742922, "virus": 0.071042563552307, "advances experimental": 0.0651299892624017, "coronavirus": 0.0644872658529974, "mol sci": 0.0552486496545433, "moderate": 0.0530760244495036, "experimental medicine": 0.0528541824231889, "medicine biology": 0.0517788364608407, "int mol": 0.0509111995138084, "disease 2019": 0.0506776292401155, "infectious": 0.0504299827819243, "chin med": 0.0480795369836794, "mild": 0.047449323975738, "inc": 0.0458877075773318, "coronavirus disease": 0.0451226215315155, "disease": 0.0423028141282076, "study protocol": 0.0411077126941067, "publication american": 0.0399683110623643, "avian": 0.0395089153266212, "american association": 0.0393951027983748, "2019": 0.0391960794291428, "chin": 0.038055073019818, "effectiveness": 0.0371658161298617, "official publication": 0.0362071390032231, "rna": 0.0357090972761453, "biology": 0.0344545269867391, "engl": 0.0339032403883325, "study": 0.0324412615902889, "reports reactions": 0.0323960686604197, "mol": 0.0316752799657324, "publication": 0.0315063586745571, "experimental": 0.0304860333285841, "canine": 0.0300501888400449, "syndrome": 0.0295129605137216, "patients": 0.0290784123214052, "sequences": 0.0289360703473214, "induced": 0.0284924563278124, "advances": 0.0277749669063689, "protocol": 0.0258922586442695, "official": 0.0258036804553363, "novel coronavirus": 0.0255988798244301, "injury": 0.0255698347948105, "medicine": 0.0247871589853266, "laboratory": 0.0247220650821896, "acute": 0.0246583082571954, "novel": 0.0246326441861472, "diagnostic": 0.0241807869743262, "drug": 0.024101147235268, "comparative": 0.0239168439438241, "liver injury": 0.0238646992796269, "sci": 0.0236314344492088, "strain": 0.0232385504890434, "sars cov": 0.0230592726959193, "american": 0.0230505848677825, "int": 0.0229270478875237, "safety": 0.0229024542053399, "cov": 0.0227552245648281, "acute kidney": 0.0225867163227226, "sars": 0.0224332177123292, "kidney injury": 0.021702052760491, "like": 0.0216511070679518, "database": 0.0214912582637722, "evaluation": 0.0213127690656921, "specific": 0.0212358448344436, "porcine": 0.0210259741163997, "med": 0.0209387900211078, "clin exp": 0.0205921556428835, "investigation": 0.0201950837998791, "antiviral": 0.0197878204543789, "veterinary record": 0.0191392833146026, "difference": 0.0189646053069783, "prospective study": 0.0189333238356141, "liver": 0.0188778012504897, "systemic": 0.0186057972006443, "proteins": 0.0183610361016954, "case reports": 0.0183320173096959, "association": 0.0181941879170495, "ophthalmol": 0.0181884770372403, "ocular": 0.0179917392977403, "lack": 0.0179364033043307, "sharing": 0.0179088777636414, "failure": 0.0177874235420235, "immune": 0.0169694516940873, "pharmacol": 0.0167826942233852, "transmissible": 0.0166076083039614, "server": 0.0164350409248975, "surface": 0.0161184436978291, "coronaviruses": 0.0158588947959364, "exp": 0.0158588947959364, "feline": 0.0157955789914905, "guillain": 0.0156469826354145, "gastroenteritis": 0.0152926064023767, "19": 0.0150653115838528, "multisystem": 0.0148644479674604, "global": 0.0146014304464719, "bovine": 0.0144975070103528, "structural": 0.014456533191901, "randomized": 0.0143676763896404, "strains": 0.0142945348348267, "kidney": 0.0141928614738302, "characterization": 0.0141755876517828, "tissues": 0.014071622379861, "respiratory": 0.0139882252503124, "protein": 0.0139711514401157, "arch": 0.013673943861107, "viruses": 0.0135772717610676, "encephalitis": 0.0135271740426676, "drugs": 0.0132171238795062, "prospective": 0.0130354477276821, "reports": 0.0130204921087352, "sequence": 0.0125601363755148, "aust": 0.0125191467126577, "clin": 0.0124858633824795, "protection": 0.0122925121653114, "multiple": 0.0122110527119196, "cutaneous": 0.0121828617947172, "record": 0.012106716383245, "efficacy": 0.012063824962086, "pneumonia": 0.012050573617634, "respiratory syndrome": 0.0120316397146399, "vet": 0.0118845754737628, "tocilizumab": 0.011866473511215, "large": 0.0117772342384034, "leading": 0.0117238217286287, "enhancing": 0.0116538975325632, "open": 0.011625121867756, "place": 0.0115167329703193, "large scale": 0.0113995330588827, "results": 0.0113535249853778, "computational": 0.0112686610918606, "viral": 0.0112450136618699, "evidence": 0.0111972534777472, "infections": 0.0111853577198351, "protocols": 0.0110781676744784, "isolated": 0.0110625952476782, "vaccine": 0.0110322966820369, "live": 0.0110315857415422, "thrombosis": 0.0110315857415422, "processing": 0.0109701008711736, "independent": 0.0108641741458441, "human": 0.0107684490254796, "reproductive": 0.0107456291318861, "related": 0.010656384532846, "bacterial": 0.0104602748220217, "host": 0.0103912528988483, "improved": 0.0101893751734187, "serum": 0.0101630247515216, "cov infection": 0.0100977110606132, "new": 0.0100458831373527, "interaction": 0.0099567678814937, "states america": 0.0099469651736265, "pathology": 0.0099189647218371, "essential": 0.0098814268496965, "health public": 0.00986712156044, "genetic": 0.0098317826434524, "infection": 0.0098121176401077, "acid": 0.0097948495289869, "cells": 0.0097825949421197, "health": 0.009752239099212, "platform": 0.0094274341153278, "health health": 0.009399229734967, "antibodies": 0.0093253268295236, "disorders": 0.0088627022648757, "interfaces": 0.0087565863232935, "scale": 0.0087404312309714, "syncytial virus": 0.0086546859065816, "respiratory syncytial": 0.0086051555574803, "isolation": 0.0084655533360954, "syncytial": 0.008438684617597, "chinese": 0.008342579533376, "versus": 0.008342579533376, "cd8": 0.0079548997598756, "autophagy": 0.0077871021521009, "quality": 0.0077668496752912, "cov transmission": 0.0076635030187543, "phylogenetic": 0.0075953576148652, "community": 0.0075771152577509, "graft": 0.0075619251493672, "detection": 0.0075367443127047, "degradation": 0.0075125472100112, "lupus": 0.0075125472100112, "adenovirus": 0.0074801278747249, "cats": 0.0074322239837302, "sinus": 0.0074164448086758, "influenza virus": 0.0074007581806348, "spike protein": 0.0073851630203325, "online": 0.0073548644546913, "severe": 0.0073548644546913, "intracranial": 0.0073542428792637, "encephalopathy": 0.0073389158320802, "assessment": 0.0073007152232359, "international": 0.0072853441643026, "pancreatitis": 0.0072784711710717, "immunodeficiency": 0.007204787105565, "valve": 0.0071902907968302, "data": 0.0071414807561697, "propagation": 0.0070909587604863, "nanoparticles": 0.0070222001559035, "microorganisms": 0.0069684382972144, "hemorrhage": 0.0069288144256133, "coinfection": 0.0069157358547404, "response": 0.0068933185963612, "biotechnol": 0.006889769025392, "treatment": 0.0068436249757973, "vein": 0.0068385796654358, "stop": 0.006825933956705, "thrombocytopenia": 0.0068008205100881, "diabetes mellitus": 0.0067883516650618, "leukemia": 0.0067883516650618, "motor": 0.0067883516650618, "mellitus": 0.0067635870213338, "swine": 0.006739049579374, "controls": 0.0067147352081551, "federation": 0.0067147352081551, "based": 0.0067110240935797, "milk": 0.0066548991014661, "societies": 0.0066430908597069, "personalized": 0.0066196296354604, "toxicity": 0.0066196296354604, "micro": 0.0066079757502943, "thrombotic": 0.0065963724244418, "user": 0.0065963724244418, "translation": 0.0065618614628551, "hepatic": 0.0065504560621426,