{"cir": 0.5883009344147725, "na": 0.4927893474108534, "bras": 0.431584672740849, "renal": 0.3499072686311227, "acta": 0.3199378740620942}