{"report reactions": 0.486820780939523, "reactions weekly": 0.4530149102105483, "weekly": 0.3157358867015156, "reactions": 0.2834431749957988, "veterinary": 0.2436005557894268, "case report": 0.2304034018347103, "inc": 0.1968956917380164, "case": 0.1888346126314279, "report": 0.1831230646538637, "publication american": 0.1714966528010207, "american association": 0.1690371218371352, "official publication": 0.1294651308646585, "publication": 0.1126566462074593, "diagnostic": 0.0953633254448949, "official": 0.0922656956309794, "laboratory": 0.0909981321630324, "investigation": 0.0892020095516461, "american": 0.0836335887030221, "association": 0.0780679054298321, "reports reactions": 0.0511049841691077, "bovine": 0.0343048507222486, "virus": 0.0313796144416308, "case reports": 0.030846786642584, "syndrome": 0.0267701971031437, "united states": 0.0253734720142041, "states": 0.0252631241970807, "states america": 0.0251062314039318, "feline": 0.0249176164788247, "proceedings national": 0.024874461298227, "sciences united": 0.024874461298227, "gastroenteritis": 0.0241241743339277, "united": 0.0237388429528848, "canine": 0.0237021726470389, "transmissible": 0.0235787376400975, "coronavirus": 0.0223803870067001, "acute": 0.0222277844235652, "reports": 0.0219092277338825, "infection": 0.0196063177016286, "academy sciences": 0.019146211936044, "national academy": 0.0189069722309406, "detection": 0.017833886087757, "pneumonia": 0.0177425257485923, "acute kidney": 0.0166276481372485, "immune": 0.0160616444410301, "remdesivir": 0.0155100394847166, "kidney injury": 0.0136940450940217, "kidney": 0.0134335922399239, "porcine": 0.013267437918126, "respiratory": 0.0132399033499616, "calves": 0.0130648565584756, "failure": 0.0126268932080552, "america": 0.012517779003296, "dairy": 0.0120083394649287, "cerebral": 0.0109006273995293, "associated": 0.0108967817560978, "injury": 0.0107564162890091, "proceedings": 0.0106201453149705, "myocarditis": 0.0103694432424555, "academy": 0.0100882247899952, "enteric": 0.0100149241324561, "disease": 0.0092399444279809, "multiple": 0.0089894026638538, "respiratory disease": 0.0088620488260221, "diarrhea": 0.0085201591690618, "drugs": 0.0083400354987956, "secondary": 0.0082728482465967, "vaccine": 0.0081216386106598, "renal": 0.0080057612085835, "sciences": 0.0079051393290645, "anti sars": 0.0075293400052328, "national": 0.0074153377247983, "antibodies": 0.0073553782866378, "venous": 0.0071931315199512, "mrna": 0.0071412824198921, "diarrhea virus": 0.0071216937799473, "isolates": 0.0070799667816687, "comparison": 0.0070654926400608, "interstitial": 0.0070048430930045, "acquired": 0.0069707252740497, "thrombosis": 0.006960955918339, "immunodeficiency": 0.0068193557958755, "anti": 0.0065581630207402, "thrombocytopenia": 0.006437000022715, "drug": 0.0063366163387829, "dogs": 0.0062544717937561, "thrombotic": 0.0062434892058956, "monoclonal": 0.0061362069432607, "infectious": 0.0061195067043792, "pcr": 0.0060889295241018, "hydroxychloroquine": 0.0060664023434293, "virus infection": 0.0060232214250238, "diagnosis": 0.0059130245215358, "viral": 0.0059130245215358, "enzyme": 0.0057565031201495, "covid": 0.0057325309874504, "lack": 0.0056589558228617, "tocilizumab": 0.0056158290126854, "fatal": 0.0054184707323432, "convalescent": 0.0053252768024761, "sars cov": 0.0051965907099438, "coronavirus infection": 0.0051916191180301, "delayed": 0.0051700131615722, "following": 0.0051653334760516, "cov": 0.0051280710426395, "sars": 0.0050555042344708, "coronaviruses": 0.0050034995047165, "cytokine": 0.0049834348089376, "guillain": 0.0049366409749225, "influenza": 0.004932843204226, "rotavirus": 0.0049251211006993, "monoclonal antibodies": 0.0048798122043796, "serum": 0.0048096689553383, "southern": 0.0048034567251501, "rapid": 0.0047914208566209, "fever": 0.0047910778127997, "pigs": 0.0047507566106424, "chain reaction": 0.0047404345294077, "polymerase chain": 0.0047301751967749, "infections": 0.0047053242596798, "cats": 0.0046897503892976, "sinus": 0.0046797936936281, "microscopy": 0.0046502712786312, "humoral": 0.0045189429901429, "atrial": 0.0045099421420297, "heparin": 0.0045009890439983, "liquid": 0.0044832240902693, "evaluation": 0.0044828020630901, "liver": 0.0044669759662807, "plasma": 0.0044669759662807, "tissues": 0.0044396130067168, "electron": 0.0044139772476533, "dexamethasone": 0.0043720978028951, "treatment": 0.0043183430645673, "antibody": 0.0043090360304443, "ventricular": 0.0042992380702857, "bleeding": 0.0042834654786513, "swine": 0.0042523557494433, "polymerase": 0.0042446671027924, "milk": 0.0041992566047738, "cytokine storm": 0.0041770014907873, "assays": 0.0041550360394448, "bilateral": 0.0041405496413063, "hepatic": 0.0041333528072834, "azithromycin": 0.0041190505604922, "function": 0.0040891936015909, "indirect": 0.004049302823866, "economy": 0.0040154809500159, "italy": 0.0039659049852622, "shedding": 0.003956258907948, "cell": 0.0039393042235328, "assay": 0.0039053069619967, "sequencing": 0.0038928057565325, "type": 0.0038869268544363, "induced": 0.0038526011416516, "covid 19": 0.0038255382210398, "curve": 0.0038196829102386, "efficacy": 0.003806150617649, "19": 0.0038024984725933, "commercial": 0.0037268674942832, "sensitive": 0.0037044398549749, "leading": 0.0036988792073713, "antigen": 0.0036933368213692, "peripheral": 0.003682306357129, "serological": 0.0036658946716783, "mortality": 0.0036362429870879, "evidence": 0.0035327463200304, "sensitivity": 0.0034135366900654, "samples": 0.0033856409306362, "2019": 0.0033726567364718, "nasal": 0.0033672966737106, "related": 0.0033621015473175, "storm": 0.0033446432460521, "effect": 0.0033446067815496, "reaction": 0.0032827850904925, "manifestations": 0.0032526859865803, "culture": 0.0032105976451873, "cov infection": 0.0031858394258025, "mediated": 0.0031817481388998, "new": 0.0031694876565462, "chain": 0.00316143916914, "interaction": 0.0031413716910712, "pathology": 0.003129444750824, "skin": 0.0031176015090924, "clinical": 0.003114768166853, "day": 0.0031058407993324, "direct": 0.003078713728152, "asian": 0.0030520158038241, "correlation": 0.0030257336594387, "resistance": 0.0030035273519367, "characterization": 0.002981609446199, "tests": 0.0029779839775205, "asian psychiatr": 0.0029448855869537, "off label": 0.0029448855869537, "free": 0.0029315482115835, "isothermal": 0.0028859900029213, "intervention": 0.0028557632128442, "mass spectrometry": 0.0028398677307457, "inflammatory": 0.0028290275246687, "spectrometry": 0.0027961363127518, "increased": 0.0027897017448391, "reverse transcription": 0.0027464850801052, "molecular": 0.002735513642535, "syncytial virus": 0.0027305633339692, "respiratory syncytial": 0.0027149364519963, "pulmonary": 0.0026799733645651, "acute coronary": 0.0026697205909829, "escherichia coli": 0.0026697205909829, "escherichia": 0.0026624146794532, "syncytial": 0.0026624146794532, "implementation": 0.0026232652082961, "protection": 0.0025855344617759, "status": 0.0025712443254146, "test": 0.0025402255654562, "application": 0.0025374337450993, "coli": 0.0024917616478824, "new england": 0.0024917616478824, "viral rna": 0.0024799596721367, "neutralization": 0.0024625605503496, "infection case": 0.0024568396639593, "atrial fibrillation": 0.0024399061021898, "inflammatory syndrome": 0.0024399061021898, "neuroradiology": 0.0024288029484388, "perspective": 0.0024137603866878, "fibrillation": 0.0024124174333927, "colitis": 0.0023857960612272, "graft": 0.0023857960612272, "lupus": 0.0023702172647038, "delirium": 0.0023448751946488, "influenza virus": 0.0023349476976681, "severe": 0.0023204681744742, "infective": 0.0023202720667136, "encephalopathy": 0.0023154363657409, "malignant": 0.0022963660058381, "pancreatitis": 0.0022963660058381, "sequences": 0.0022823408490036, "amplification": 0.002277717125049, "development": 0.0022697259765, "multiplex": 0.0022685449965861, "specificity": 0.0022639960502035, "strains": 0.0022549710710148,