{"publication american": 0.3787688666986189, "society": 0.3652515679545517, "american": 0.3640735904288112, "official publication": 0.2859377141983685, "academy": 0.252517243305013, "publication": 0.2488143617565266, "official": 0.203778746689905, "reporting": 0.1929160189063493, "week": 0.1815418583095699, "european": 0.1797078380200244, "australia": 0.1795007545815496, "19": 0.169964143479692, "2020 covid": 0.167567058607322, "epidemiology": 0.1484212755573005, "23": 0.146280685690204, "covid 19": 0.1367951796481657, "covid": 0.1366574777119542, "report": 0.1334663004709271, "2020": 0.1243020382884913, "14": 0.0516682453149651, "review": 0.0388443869651535, "systematic review": 0.0367774476783374, "15": 0.0353094781951976, "systematic": 0.0344508508032062, "april 2020": 0.0312088366587146, "resection": 0.0311501038255428, "22": 0.0305222303178509, "period": 0.0297192889169535, "16": 0.0283402412113477, "february": 0.0273598848022764, "surgery": 0.0272503312602377, "facial": 0.0265328782794121, "bone": 0.0257589225799465, "review meta": 0.0255360933573918, "april": 0.0253897937067421, "17": 0.0252093781890154, "erratum": 0.0243790515492678, "effect": 0.0239195668216432, "analysis": 0.0220945622490072, "meta analysis": 0.0216924926752375, "ct": 0.0212975968167715, "imaging": 0.0202086184512954, "meta": 0.0201613793561597, "mesh": 0.018786075154806, "magnetic resonance": 0.0187364058480837, "test": 0.0181668875068251, "quality": 0.0175248410263387, "safety": 0.0172254254016031, "ear": 0.0171759669825972, "cases": 0.0167897844856897, "intracranial": 0.0165938498511429, "cystic": 0.0164228812865544, "resonance": 0.01635582741114, "approach": 0.0160130607766808, "19 world": 0.0159997850089955, "june 2020": 0.0159997850089955, "high resolution": 0.015906220550296, "wall": 0.0158140846125405, "provider": 0.0155750519127714, "march 2020": 0.0152889895119464, "october": 0.015123642546926, "september": 0.0150158756349491, "geographic": 0.0149627053641258, "communicable": 0.0148838181401435, "surgery covid": 0.0148838181401435, "disease": 0.0146847003820918, "magnetic": 0.0146030797685125, "patients": 0.0145803303508738, "consultations": 0.0145287282731916, "patients undergoing": 0.0144068092437705, "nerve": 0.0143827182469076, "providing": 0.0143827182469076, "postoperative": 0.0143587230395494, "procedure": 0.0135949440002287, "reconstruction": 0.0133671891708692, "13": 0.0131870329059019, "peripheral": 0.0131673435354186, "21": 0.0131086579510682, "quality life": 0.0130892222283109, "place": 0.0129929715963037, "image": 0.012973904323886, "tumor": 0.0129170613287412, "june": 0.0128982320257906, "3d": 0.0128234968700417, "resolution": 0.0127680466786959, "undergoing": 0.0125512046673189, "fluid": 0.0124108544648494, "11": 0.0122736943175353, "late": 0.0121728320248465, "automated": 0.0121395824272376, "damage": 0.0119599138020993, "daily": 0.0118641215257285, "temperature": 0.0117698260650658, "variation": 0.0115553694536956, "procedures": 0.0114509329612797, "intelligence": 0.0113337489550124, "march": 0.0112903850316612, "post covid": 0.0112903850316612, "total": 0.0112045809316869, "skin": 0.0111480485585575, "12": 0.0111199797326074, "body": 0.0109952609876641, "temporal": 0.0109542543517411, "assisted": 0.0109270705819032, "telemedicine": 0.0108730676559907, "pressure": 0.0107532994906038, "complications": 0.0107008227538501, "end": 0.0105460761546324, "environment": 0.0103457328868981, "middle": 0.0101997228606141, "improve": 0.0100454327908458, "practices": 0.0099064296389845, "to": 0.0098494435054353, "10": 0.009648637252032, "understanding": 0.0095183850007993, "rate": 0.0094119486139353, "versus": 0.0094119486139353, "region": 0.0094014074991156, "method": 0.0093908847646276, "multi": 0.0092660226545825, "science": 0.0087435026710319, "world": 0.0086777533717878, "life": 0.0086312243309607, "outcomes": 0.0086127127008015, "detection": 0.0085028197698032, "post": 0.008457615163679, "prevention": 0.008457615163679, "experience": 0.008332814536161, "diseases": 0.0082365359840045, "19 pandemic": 0.0080653248783032, "high": 0.0080653248783032, "effects": 0.0080568905139675, "early": 0.0080232704453986, "virus": 0.0080148946124096, "role": 0.0079565870409441, "acute": 0.0079483031869325, "novel": 0.0079400306884474, "use": 0.0077049320349996, "impact": 0.0076416571517878, "study": 0.0073199299050726, "pandemic": 0.007187129728888}