{"iccsa 2020": 0.4729212525210898, "applications iccsa": 0.4508229901920244, "iccsa": 0.4508229901920244, "computational science": 0.3796442197143664, "science applications": 0.3682289072986179, "computational": 0.1849083756866594, "applications": 0.1520148298810968, "science": 0.1271717130191493, "2020": 0.1129960707372725, "based": 0.0175027930763603, "urban": 0.0160782672895988, "data": 0.0139690893138382, "learning": 0.0109014020944839, "approach": 0.0092545163997444, "sustainable": 0.0085719114556729, "machine": 0.0075166619459776, "case study": 0.0073403263233086, "systems": 0.0071561164447761, "analysis": 0.0070940177982844, "areas": 0.0069588745508217, "model": 0.0068546505735494, "networks": 0.0067308379563932, "machine learning": 0.0066956969285127, "impact": 0.0066245775013324, "platform": 0.0061468423544872, "environment": 0.0059791663820201, "processing": 0.0059605720781696, "social": 0.005927341483549, "case": 0.0059128286318259, "mobility": 0.0059030171031748, "energy": 0.0058069279796321, "software": 0.0057854717994754, "clustering": 0.00573459132266, "spatial": 0.0056535186916154, "study": 0.0056405965352254, "planning": 0.0053826257263245, "system": 0.0053258550615501, "use": 0.0051951127697025, "landscape": 0.0050656887881115, "quality": 0.0050641139424559, "framework": 0.005060789391807, "fuzzy": 0.0049633005937689, "optimization": 0.0049052703574109, "investment": 0.0048356441967137, "big data": 0.0048152479553653, "assessing": 0.0047987714254202, "programming": 0.0047652772367099, "distance": 0.0047029562885957, "development": 0.004690628675079, "computing": 0.0045609753034847, "project": 0.0045228149532923, "infrastructure": 0.0044342470119954, "monitoring": 0.0043317156297107, "cultural": 0.0042054663274302, "socio": 0.0040813449510237, "cost": 0.0040099587715063, "assessment": 0.0039668221670264, "service": 0.0039114010402909, "public": 0.0038965851578279, "sharing": 0.0038922944466195, "shared": 0.0038509828318265, "smart": 0.0038451602596201, "big": 0.0038163354916864, "management": 0.0037844774926372, "green": 0.0037767648755818, "statistical": 0.0037163416774131, "learning based": 0.0036985697529567, "education": 0.0036714827285415, "italy": 0.003642649737186, "computers": 0.0036094780715058, "innovative": 0.00359135503621, "higher education": 0.0035267304872348, "blockchain": 0.003517889589087, "application": 0.0034959167197882, "source": 0.0034606859253233, "support": 0.0034464841382584, "transport": 0.003437526770132, "resilience": 0.0034146711512792, "classification": 0.0033965999143735, "open": 0.003368787099845, "low": 0.0033578964709996, "international conference": 0.0033538754898726, "detection": 0.0032760543034682, "challenges": 0.0032517070128583, "modelling": 0.0031342154384793, "intelligent": 0.0031254587034929, "analytics": 0.0031191914510977, "data driven": 0.0031129578034345, "exploring": 0.003062254487503, "time": 0.003049681298357, "virtual reality": 0.0030406502023231, "algorithms": 0.0030290243804024, "linear": 0.0030004585082929, "location": 0.0030004585082929, "academic": 0.00298958319101, "low cost": 0.0029670809286123, "special": 0.0029648471910825, "services": 0.0029404571605551, "google": 0.0029240177646502, "port": 0.0029240177646502, "assist": 0.0028876031209639, "personalized": 0.0028774050511517, "years": 0.0028725941711952, "visualization": 0.0028622737420575, "parallel": 0.0028522945176621, "quantifying": 0.0028522945176621, "time series": 0.0028522945176621, "scale": 0.0028494525779642, "inclusion": 0.0028228607302426, "models": 0.0028169169559327, "warning": 0.0027847401838235, "prediction": 0.0027818152286067, "means": 0.0027707611876996, "vector": 0.0027707611876996, "economy": 0.0027661386269224, "road": 0.0027661386269224, "robust": 0.0027615343733644, "people": 0.0027474061368113, "region": 0.0027167036050955, "game": 0.0027164677810261, "cell": 0.0027136628741495, "real": 0.0027106274360363, "text": 0.0027032815621156, "effectiveness": 0.0026925249334538, "mining": 0.0026730831758498, "virtual": 0.0026539358459677, "relevant": 0.0026353748161054, "covid 19": 0.0026352930504985, "covid": 0.0026326402892209, "decisions": 0.002627158721812, "19": 0.0026194216918928, "example": 0.0026190002847955, "self": 0.0025680140957533, "language": 0.0025253196266609, "power": 0.002514123015201, "image": 0.0024993599913758, "perspective": 0.0024941455051826, "critical": 0.0024781466887852, "cities": 0.0024703847220075, "vulnerability": 0.0024703847220075, "emergency": 0.0024675617776486, "future": 0.002464925558317, "resolution": 0.0024597025105233, "investigating": 0.0024077159432979, "plan": 0.0023942366908066, "non": 0.0023601347561102, "high": 0.0023306188116209, "policies": 0.0023227711918528, "evaluation": 0.0023160460909754, "reality": 0.0023071239502155, "conference": 0.0022825183226751, "building": 0.0022614074766461, "control": 0.0022589432946015, "educational": 0.0022554455533043, "driven": 0.0022203021468062, "communities": 0.0022145468256273, "estimation": 0.0022116798143005, "literature review": 0.0021889947530121, "programs": 0.0021695020627668, "sars cov": 0.0021478608121936, "techniques": 0.0021422103751313, "cov": 0.002119540184982, "health": 0.002119540184982, "deep": 0.0020998340208378, "total environ": 0.0020953565569372, "structural": 0.0020946439563974, "sars": 0.0020895467888823, "sci total": 0.002087553939759, "needs": 0.0020690355971374, "decision": 0.0020464606644431, "aspects": 0.0020439791853712, "higher": 0.0020439791853712, "elderly": 0.0020390320608685, "simulation": 0.0019859593704603, "complex": 0.0019789063306045, "negative": 0.0019695683486433, "distribution": 0.0019672455256851, "approaches": 0.0019534052133706, "local": 0.0019511144293706, "natural": 0.0019419961669119, "key": 0.0019106339278071, "practices": 0.0019084258122262, "dynamics": 0.0018887392599092, "phase": 0.0018736546969822, "par": 0.0018702343960757, "10": 0.0018587633542687, "relationship": 0.0018440603443385, "isolation": 0.0018398934133406, "escherichia coli": 0.001839086610479, "escherichia": 0.0018340537976383, "understanding": 0.0018336708873142, "design": 0.0018295409628864, "change": 0.0018254256576908, "context": 0.0018233734550329, "sustainable development": 0.0018143472917308, "information": 0.0018070849573575, "home": 0.0017990254969777, "knowledge": 0.001797019331676, "literature": 0.001789029111194, "multi": 0.001785054500472, "performance": 0.0017751770196117, "series": 0.0017537375226008, "network": 0.0017441214834615, "distance learning": 0.0017331055960879, "amino": 0.0017247416208246, "coli": 0.0017164962875155, "different": 0.0016971993560746, "math": 0.0016963805691645, "iot": 0.0016924396303277, "practices covid": 0.0016807746318169, "health information": 0.0016731260181505, "life": 0.0016627636701217, "results": 0.001645041185099, "graph": 0.0016327681818711, "welfare": 0.0016327681818711, "civil": 0.0016292345159622, "dataset": 0.0016187606064335, "interstitial": 0.001608472085601, "health impact": 0.0016017128669778, "online": 0.0015984975971388, "transmission": 0.0015884028375876, "global": 0.0015867288668105, "potential": 0.0015867288668105, "international": 0.0015833881389261, "identity": 0.0015754355680729, "marketing": 0.0015754355680729, "privacy": 0.0015658799624508, "human": 0.0015602680374041, "strains": 0.0015533787010251, "effects": 0.0015521210348709, "early": 0.0015456442910788, "factors": 0.0015456442910788, "medical education": 0.001544176087947, "simulations": 0.001544176087947, "high resolution": 0.0015321282732221, "ms": 0.0015321282732221, "novel": 0.0015296085540314, "previously": 0.0015291549355274, "architecture": 0.0015261967293877, "fungal": 0.0015203251011615, "phase covid": 0.0015203251011615, "research": 0.001518513708372, "automatic": 0.0015174113795124, "euro": 0.0015116273889855, "medical": 0.0015044027427751, "hearing": 0.0015030579032899, "tourism": 0.0015002292541464, "review": 0.0014966366985069, "risk": 0.0014966366985069,