{"nan": 0.4134727120124042, "zhong": 0.3552011336461781, "leader": 0.2591258452952172, "clinical research": 0.2327901677162129, "transportation": 0.227346834850376, "optimizing": 0.2032103576165407, "ophthalmology": 0.1992446642169717, "uncertainty": 0.191522019191023, "visual": 0.1856804573978836, "telehealth": 0.1821492214804396, "networks": 0.1757030469991244, "mobile": 0.1667118594912668, "real time": 0.1662951812940365, "jama": 0.1630286774967577, "applications": 0.1566403980662761, "lancet": 0.1540600302507466, "covid19": 0.1531559113294117, "like": 0.1474038496930778, "real": 0.1415174463793556, "network": 0.1365866156485389, "testing": 0.1267844255603581, "china": 0.1257133070038364, "public": 0.1220606211988735, "time": 0.1194141724928803, "research": 0.1189186935710525, "clinical": 0.1120217240820687, "pandemic": 0.1084288918423898}