{"law": 0.4537188689639883, "surge": 0.4496070350998435, "resources": 0.3772444227303286, "issues": 0.3573052624699515, "crisis": 0.3231904491066695, "life": 0.292076341710029, "medicine": 0.2703721009635243, "pandemic": 0.243208898079394}