{"mmwr morb": 0.3646413246733624, "morb": 0.3646413246733624, "morb mortal": 0.3646413246733624, "mortal wkly": 0.3646413246733624, "wkly rep": 0.3646413246733624, "mortal": 0.317003348045697, "mmwr": 0.3044546131506635, "wkly": 0.2387938405718544, "no": 0.1657424339078026, "vol": 0.1457578191359977, "erratum": 0.1294711297420673, "rep": 0.1248531304936489, "2020 mmwr": 0.0406326665133346, "cov transmission": 0.0193329907218611, "13": 0.0147438061499779, "mitigation": 0.0128359097195189, "transmission": 0.0115232521959505, "2020": 0.0108575241207715, "implementing": 0.0105395926889851, "sars cov": 0.0103879365423006, "cov": 0.010250966364046, "sars": 0.0101059059888098, "12": 0.0093245478383467, "august": 0.0086100127794081, "october": 0.0084545195111191, "september": 0.0083942749333241, "strategies": 0.0070619270673557, "settings": 0.0061161135352699, "education": 0.0053270392639582, "states": 0.0050500750524254, "prevention": 0.0047280324298193, "early": 0.0044852221489059, "care": 0.0042983845703269, "december": 0.004281303844867, "st": 0.0041675436663261, "2013": 0.004124104269566, "mitigating": 0.0040336560327634, "county": 0.0039868901722262, "rapidly": 0.003980313932503, "global health": 0.0036914729936601, "14": 0.003610490881787, "june": 0.0036052278405361, "security": 0.0035791561723258, "schools": 0.0035433198518925, "30": 0.0034787215498369, "11": 0.0034306612232846, "20": 0.0033839323804322, "building": 0.0032811284460783, "project": 0.0032811284460783, "preventing": 0.0030964821957944, "pilot": 0.00292655097812, "capacity": 0.0028952162686587, "school": 0.0028883313474576, "comprehensive": 0.0028576923009086, "secondary": 0.002756224462232, "city": 0.0027278741587105, "10": 0.00269692277009, "implementation": 0.0026219413879623, "investigation": 0.0025473426889426, "strategy": 0.0024732157243929, "global": 0.0023022216362471, "new": 0.0021119254581537, "health": 0.0020501932728092}