{"mmwr morb": 0.353036102652719, "morb": 0.353036102652719, "morb mortal": 0.353036102652719, "mortal wkly": 0.353036102652719, "wkly rep": 0.353036102652719, "mortal": 0.3069142715027322, "mmwr": 0.2947649177109391, "2020 mmwr": 0.2712978642029121, "wkly": 0.2311938913903377, "rep": 0.1208795043539098, "2020": 0.0857090107154206, "covid": 0.0810280876039351, "19": 0.0806212421770496, "covid 19": 0.0797800671939878, "states": 0.0698079344424527, "united states": 0.0635912653566483, "united": 0.0594945406222542, "march": 0.0345693855122697, "xue": 0.0316346527824731, "january": 0.0309874476901016, "december": 0.0297766522394548, "july": 0.0274915449091241, "april": 0.0240622448203924, "september": 0.0218934535963539, "2021": 0.0209556422305555, "august": 0.0194619778973526, "june": 0.0194327487944526, "february": 0.0192807811141516, "april 2020": 0.0166844779746046, "aged": 0.0162857515359531, "health": 0.0156851005563251, "county": 0.0152509458712413, "19 pandemic": 0.014895250799235, "october": 0.0139653673059378, "persons": 0.0136321446097241, "pandemic": 0.0136226766621189, "xue bao": 0.0133667821865322, "zhongguo": 0.0133095526826091, "yi xue": 0.0132532388901372, "bao": 0.0127347241139112, "ke": 0.0126868385188652, "years": 0.0125614738554981, "june 2020": 0.0116640067872828, "yi": 0.0115573919427008, "14": 0.0113000036632101, "racial ethnic": 0.0107331386599681, "facilities": 0.0104909109156314, "incidence": 0.0099605530553525, "health care": 0.0097302264353525, "care": 0.0097160210612107, "school": 0.0095420226106168, "19 vaccination": 0.009439871631373, "17": 0.0091889471681818, "notes": 0.008967500717753, "coverage": 0.0088146355617763, "18": 0.0087000385491569, "12": 0.0086470174611409, "racial": 0.008503887755026, "13": 0.0083316841904108, "outbreak": 0.0083270791932503, "ethnic": 0.0083192442717463, "vaccination": 0.0083180222544359, "adults": 0.0081968983404878, "22": 0.0081587065394793, "trends": 0.0077415150993496, "associated": 0.0075749339523734, "disparities": 0.0074659523475378, "visits": 0.0073479053260211, "30": 0.0072583973654369, "characteristics": 0.0070326315813641, "emergency department": 0.0066164472663753, "personnel": 0.0065980640702108, "field": 0.0065756319812323, "hospitalizations": 0.0065332269673513, "19 outbreak": 0.0064291148599936, "25": 0.0063994186705741, "21": 0.0063708970767404, "mask": 0.0057277308190173, "acta": 0.0055974291526338, "department": 0.0055309063381699, "16": 0.0055094201271086, "11": 0.0053685891558272, "patients": 0.0053146049174349, "facility": 0.0051814885808179, "19 cases": 0.005127810572638, "pfizer": 0.0050767107645142, "mitigation": 0.0050216795859697, "emergency": 0.004980148081036, "schools": 0.0049287883703679, "response": 0.0049135259369895, "rates": 0.0049107631268168, "testing": 0.0049011723602847, "children": 0.0048855876693889, "processing": 0.004811961648273, "level": 0.0047252302126805, "24": 0.0046907100555985, "sars": 0.0045686556809143, "adults covid": 0.0045417488077673, "use": 0.0044935793575356, "child": 0.0044456934551147, "transmission": 0.0044079592842903, "monitoring": 0.0043712350945585, "confirmed": 0.0043564021378996, "associated covid": 0.0043500192745784, "2019": 0.0042982747649867, "related": 0.0042848227279944, "23": 0.0042656045935108, "10": 0.0042203730987306, "mortality": 0.0042129106064669, "prevention": 0.0041104585933671, "cases": 0.0040799748264949, "outbreaks": 0.0040272707153557, "cdc": 0.0040156021606732, "sites": 0.0039953785314075, "deaths": 0.0039830395849357, "public": 0.0039321348045118, "update": 0.0039286105014535, "adolescents": 0.0038656897479481, "program": 0.0037814971557032, "vulnerability": 0.0037393841090932, "confirmed covid": 0.0036424344245207, "reopening": 0.0036424344245207, "workers": 0.0036147230379076, "vaccines": 0.0036107018578966, "care facilities": 0.0034809538513026, "outbreak covid": 0.0034604068079078, "large": 0.0034440035476697, "social": 0.0034179533106414, "mental health": 0.0034095389888763, "mode": 0.0033772196465842, "19 mortality": 0.0033558108907974, "community": 0.0033236511179811, "indian": 0.0032639325256994, "spread covid": 0.003228653835293, "nursing homes": 0.0031861170464087, "industry": 0.0031666473356357, "age": 0.0031314308618827, "surveillance": 0.0030800587934328, "mental": 0.003034907068261, "risk": 0.0030205818754333, "experiences": 0.0030168580026381, "19 prevention": 0.0030164973877131, "2018": 0.0029784359975288, "ethnicity": 0.0029776652239454, "march 2020": 0.0029722212281856, "american": 0.0029490374245268, "transmission covid": 0.0029139475396166, "15": 0.0028601078291756, "concerns": 0.0028263943047185, "vaccine": 0.0028228919986567, "association": 0.002793265752727, "19 response": 0.0027867286312344, "implementation": 0.0027353572555423, "effectiveness": 0.0027170895987171, "homes": 0.002693180961017, "university": 0.0026900388248369, "primary": 0.0026751883698581, "public health": 0.0026722332583802, "risk covid": 0.0026719655730985, "hospitalized": 0.0026685567635348, "spread": 0.0026575316818836, "efforts": 0.0026347186675602, "exposed": 0.0026105285532097, "members": 0.0026065449195653, "california": 0.0025868271616244, "sars cov": 0.0025286990783604, "cov": 0.002495356906688, "demographic": 0.0024893185000597, "immunization": 0.0024469098231022, "race": 0.0024469098231022, "impact covid": 0.0024439246791486, "health related": 0.0024244886186147, "selected": 0.0024228613884791, "hiv": 0.0024017413183854, "centers": 0.0023992960255312, "scale": 0.0023962074487004, "up": 0.002382463451882, "data": 0.0023494222100228, "telehealth": 0.0023471461520124, "pediatric": 0.0023103929156581, "system": 0.0023033332890653, "abuse": 0.0023012931845365, "parental": 0.0022497730512128, "minority": 0.0022291659211392, "measures": 0.0022194979851835, "excess": 0.0022170293944358, "interim": 0.0022050579956743, "suspected": 0.0022004949270956, "workplace": 0.0021815930254707, "spring": 0.0021625058510655, "child adolesc": 0.0021555100593263, "state": 0.0021408542313034, "rural": 0.0021033487813863, "estimates": 0.0021005422348856, "activities": 0.0020956049976202, "adolesc health": 0.0020761202470324, "mitigate": 0.002059290106736, "19 transmission": 0.0020559381627364, "diagnosis": 0.0020552292966835, "strategies": 0.0020465002606347, "active": 0.002028119232768, "urban": 0.002028119232768, "testing sars": 0.0020062055154134, "assessment": 0.0020015063028891, "differences": 0.0019805192360849, "costs": 0.0019790994706627, "respiratory syndrome": 0.0019790994706627, "pandemic covid": 0.0019729891389136, "patients severe": 0.0019639024739667, "high": 0.0019599014209519, "severe acute": 0.0019578964149072, "participation": 0.0019549086896739, "children adolescents": 0.0019460059064456, "contact tracing": 0.0019284661050015, "nursing": 0.0018972482010195, "death": 0.0018864354149748, "adolescent": 0.0018833339438683, "19 vaccines": 0.0018696920545466, "impact": 0.0018569487201323, "internet res": 0.0018558651169341, "19 associated": 0.0018482956388879, "nigeria": 0.0018325830028489, "19 patients": 0.0018276592394717, "protocols": 0.0018222616617913, "hospitalization": 0.0017969758919827, "student": 0.0017920047813825, "higher education": 0.001779452922661, "med internet": 0.0017661710837601, "prevention control": 0.0017651546353356, "19 case": 0.0017627538583051, "tracing": 0.0017555905820861, "adolesc": 0.0017531833320122, "outpatient": 0.0017160646975053, "attitudes": 0.0017070169649724, "residents": 0.0016936174536957, "practice": 0.0016761327970523, "communities": 0.0016760630712337, "outcomes": 0.0016743348212505, "changes": 0.0016725395967517, "rapid": 0.0016653860442152, "19 related": 0.0016652668101905, "reported": 0.0016609851266281, "programs": 0.0016419712820201, "sars coronavirus": 0.0016265870480579, "services covid": 0.0016129448171298, "19 vaccine": 0.0016091512820234, "populations": 0.0016091512820234, "staff": 0.0016091512820234, "hand": 0.0015991411144924, "19 american": 0.0015963264396816,