{"zhonghua": 0.520360749581363, "xue za": 0.3461735903719133, "za zhi": 0.3197831636451403, "zhi": 0.3082880884764775, "xue": 0.2978337855917803, "za": 0.2909108128134855, "zhi zhonghua": 0.2841861282497206, "zazhi": 0.2200450849785545, "yi xue": 0.1942276227694988, "yi": 0.1909315991981009, "bing": 0.0960311014573158, "chinese": 0.0833689411620473, "covid": 0.0445966850516692, "covid 19": 0.0414529352569608, "19": 0.0412032801377322, "preventive": 0.027579178507863, "prevention control": 0.0263388654352095, "respiratory": 0.0257502227683283, "respiratory diseases": 0.0249830396804017, "prevention": 0.0223432695098967, "control": 0.0218664527061405, "medicine": 0.019865878044997, "coronavirus": 0.0192199369992177, "patients": 0.018126219452885, "acute respiratory": 0.0169595728401182, "tuberculosis": 0.0156310604822363, "genetics": 0.0154904030683814, "diseases": 0.015359452274211, "2019": 0.0149930593452996, "respiratory syndrome": 0.0147656283469948, "zhongguo": 0.0141856659909742, "application": 0.0141001210980187, "outbreak": 0.0139467690855506, "guideline": 0.0137810357183334, "infection": 0.0137620080584725, "analysis": 0.0137339441015111, "acute": 0.0135867940587631, "medical": 0.0133489947323837, "clinical": 0.012692737106975, "severe acute": 0.012520660272719, "syndrome": 0.0116419135305689, "disease": 0.0114099824609644, "pneumonia": 0.0112677064094171, "19 outbreak": 0.0110691276936034, "characteristics": 0.0105819683258641, "epidemic": 0.0102720895241931, "protection": 0.0100571864621825, "examination": 0.0095498255610565, "joint": 0.0093684597526964, "oral": 0.0089151107910948, "control covid": 0.0088370910579616, "2015": 0.0085705376147298, "disinfection": 0.0085570197131229, "progress": 0.0085220301025838, "coronavirus pneumonia": 0.0080613477769412, "health": 0.0079788480764198, "adenovirus": 0.0078684528559045, "cases": 0.0078273771280502, "severe": 0.0077366864835094, "dynamics": 0.0076178737715798, "novel coronavirus": 0.0074799515624702, "effect": 0.0074341819937068, "situation": 0.0074143097336443, "principles": 0.0073064242586173, "epidemiological": 0.007296698445956, "autopsy": 0.0072885184007973, "treatment": 0.0071989064074031, "blood": 0.0071598418821778, "respiratory tract": 0.0068312859824087, "ability": 0.0067277131739155, "diagnosis treatment": 0.0066169346813399, "disease 2019": 0.0064616386276566, "efforts": 0.0063183406498565, "forecasting": 0.0062795343763001, "evaluation": 0.0062275568840067, "novel": 0.0061693877666845, "model": 0.0061437646589594, "system": 0.0061373807001167, "research": 0.0061246387981303, "severity": 0.0061223981272006, "construction": 0.0060931476774622, "protocol": 0.0060525411058731, "death": 0.0060318351822622, "significance": 0.0059956654455216, "coronavirus disease": 0.0057533487387049, "tract": 0.0055907422938664, "infectious": 0.0054408221382587, "gene": 0.005387099199821, "epidemics": 0.0053041425198031, "diagnosis": 0.0052572398846815, "critical covid": 0.0052456352372696, "report": 0.005185152260104, "prevention treatment": 0.0051147258302991, "immunodeficiency": 0.0050525453242158, "development": 0.0050450044167307, "ischemia": 0.0050322682962593, "public": 0.0050291653489909, "stage": 0.0049826275150963, "stratification": 0.0049825145349658, "ct": 0.0049644568799592, "infectious diseases": 0.0047946053163501, "coagulation": 0.0046340157579247, "interventions": 0.0046237090723995, "version": 0.0046097094978746, "reflection": 0.0045777835046115, "importance": 0.0045654802535501, "beijing": 0.0045541906549391, "hepatology": 0.0045386253637967, "new coronavirus": 0.0045231881834987, "requirements": 0.0044701371813711, "pandemic": 0.0044675081965605, "therapy covid": 0.004440482700907, "convalescent plasma": 0.0044331417646544, "physics": 0.0044185455289808, "laboratory": 0.0043342486219855, "stages": 0.0043332759901891, "public health": 0.0042722031337934, "investigation": 0.0042486991522516, "network": 0.0042207511387091, "military": 0.0042187509562842, "patients severe": 0.0041863562508667, "deficiency": 0.0041608373971043, "transfusion": 0.0041482070004307, "different": 0.0041072002052007, "peripheral": 0.0040923997054741, "perspective": 0.0040238662963669, "bone": 0.0040029261367696, "european": 0.0039895036068713, "emergency": 0.0039809781148099, "sustainability": 0.0039797702029244, "continuous": 0.0039455636593678, "convalescent": 0.0039455636593678, "viral": 0.0039429299135111, "comparison": 0.0039261833746171, "strategies": 0.0039261833746171, "therapy": 0.0039261833746171, "core": 0.0039064288634013, "children": 0.0039053894127936, "stem": 0.0038899035862964, "technical": 0.0038899035862964, "variant": 0.0038899035862964, "prognostic": 0.0038735226365987, "step": 0.0037989148021184, "hospital": 0.0037797879697811, "supporting": 0.003737245461159, "related": 0.003736534130404, "changing": 0.003702186369034, "transport": 0.0036972309980716, "classification": 0.0036532121293086, "response": 0.0036255899166826, "review": 0.0036218412016345, "risk": 0.0036218412016345, "compr clin": 0.0036089598961073, "sn compr": 0.0036089598961073, "team": 0.0035913994665473, "province": 0.0035589406892963, "new": 0.0035224690979449, "cells": 0.0034301502327061, "affected": 0.0034130603029137, "study": 0.0034125424282086, "mechanical": 0.0033835225772082, "correlation": 0.0033627054176948, "asymptomatic": 0.0033217516767309, "kidney": 0.0033177050585091, "wuhan": 0.0033177050585091, "plasma": 0.0033096379199728, "free": 0.0032580306672314, "index": 0.0032502156275155, "urban": 0.0032424330154436, "east respiratory": 0.0032179954655391, "intervention": 0.003173805598364, "process": 0.0031663330513554, "psychological": 0.0031551797569342, "inflammatory": 0.0031440923937026, "mesenchymal stem": 0.003136395899566, "compr": 0.0031266776425561, "nucleocapsid protein": 0.0031266776425561, "disorders": 0.0031076008376241, "syndrome children": 0.0031075381331641, "period": 0.0030789103077495, "scale": 0.0030647279579964, "trial": 0.003040164000303, "therapeutic": 0.0030193622327205, "multisystem inflammatory": 0.0029752341427621, "crisis": 0.0029683453028161, "design": 0.0029516434398411, "sustainable development": 0.0029271311164204, "19 patients": 0.002921949835738, "group": 0.002921949835738, "anti": 0.0029154146137317, "hematopoietic": 0.0028666066712781, "status": 0.0028576002373232, "induced": 0.0028544399891986, "primary": 0.0028512850568849, "syndrome associated": 0.0028377489048761, "microbes infect": 0.002809752694262, "non pharmaceutical": 0.002809752694262, "positive": 0.0028045870393057, "stem cells": 0.0027960618903958, "apoptosis": 0.002756149338903, "sn": 0.002756149338903, "mesenchymal": 0.0027496593240108, "nucleocapsid": 0.0027496593240108, "respiratory viral": 0.0027178663332749, "inflammatory syndrome": 0.0027116350584613, "knowledge attitude": 0.0027054449144741, "critical": 0.0026653700082148, "macrophages": 0.0026573418881325, "mis": 0.0026573418881325, "acute kidney": 0.0026399208904131, "post": 0.0026286199423407, "human coronavirus": 0.0026284841217306, "detection covid": 0.0026228176186348, "terminal": 0.0026228176186348, "motivation": 0.0026115863058429, "resist": 0.0026115863058429, "multisystem": 0.0026060206906402, "sars coronavirus": 0.0026004879111165, "china": 0.0025898320083946, "experience": 0.0025898320083946, "goals": 0.0025895193251533, "vaccine": 0.0025788954945031, "hematological": 0.0025679596765882, "occlusion": 0.0025679596765882, "transmission": 0.0025626093706007, "assessment": 0.0025599087123685, "potential": 0.0025599087123685, "kidney injury": 0.0025365219817115, "advance": 0.0025161341481296, "myocardial infarction": 0.0025161341481296, "19 pandemic": 0.0025066964393947, "respiratory infection": 0.0025061040695344, "transcription": 0.0025061040695344, "hospital covid": 0.0024912572674829, "medical education": 0.0024912572674829, "allergic": 0.0024863601106151, "extracellular": 0.0024670232727828, "phenotype": 0.0024622507260494,