{"br dent": 0.7460969765551905, "dent": 0.4801131915162364, "br": 0.3964102804263386, "view": 0.1477416085170535, "expert": 0.1421438168822671, "nhs": 0.0470174085874827, "ireland": 0.0461370737304781, "road": 0.0455972092735462, "mode": 0.0441336035517737, "water": 0.0377762767673278, "re": 0.0339398351788056, "national": 0.0280679292867197, "transmission": 0.0261833358210109, "hospital": 0.0257465323900945, "new": 0.0239937704041631}