{"patients hospitalized": 0.2683213195795329, "supplementation": 0.2625484307992935, "rationale": 0.2570755710052248, "ill patients": 0.2561904493701473, "2019 novel": 0.2506116501669186, "critically ill": 0.2325988902256103, "shared": 0.2325988902256103, "nutritional": 0.2291338127916942, "critically": 0.2238164008498298, "ill": 0.211879620217455, "disease covid": 0.2079044746935769, "nutrition": 0.1968069722447096, "feasibility": 0.1919070722754823, "hospitalized": 0.1916679601302536, "protocol": 0.1699469251066056, "novel coronavirus": 0.1680212982616043, "coronavirus disease": 0.1615460201104764, "non": 0.1425518494959821, "2019": 0.1403280753820923, "early": 0.1400350881146272, "novel": 0.1385822532913929, "disease": 0.1281505669002126, "patients": 0.1272397496332638, "coronavirus": 0.1269809562481871, "covid 19": 0.1193785325201962, "covid": 0.119258362678595, "19": 0.1186595614368478}