{"software": 0.6446339130514305, "structures": 0.6440874814867793, "science": 0.375359950869895, "types": 0.0579770397956709, "acm": 0.0421501516739981, "learning": 0.0383326417471735, "conf": 0.0366087088951598, "abstract": 0.0352936497246127, "automatic": 0.0346819162235911, "complexity": 0.0316642239160799, "order": 0.0296540612382877, "proc": 0.0275541383118524, "syst": 0.0273996497814555, "structure": 0.024919877204047, "analysis": 0.0243211037847714, "covid": 0.022564335022389, "systems": 0.0204450021245833, "19 data": 0.0198542213444639, "stochastic": 0.0187818964218354, "programming": 0.0181525093916702, "delta": 0.0178230402863912, "propagation": 0.0176121358437547, "hypotheses": 0.0174077218090183, "differentiation": 0.0171446009997657, "linear": 0.0171446009997657, "innov": 0.0167380830517753, "oil": 0.0166776923453381, "based": 0.0166684748817706, "generalized": 0.0166477016309341, "saliva": 0.0164125290383776, "combining": 0.0163550141166931, "relative": 0.016157545123841, "spinal": 0.0160746800332397, "replication": 0.015992835893769, "partial": 0.015965777070379, "vector": 0.0158321119580399, "difference": 0.0157010834111233, "observations": 0.0156751850081161, "text": 0.0154465338028833, "signal": 0.0153473837240755, "covid 19": 0.0150580478761419, "19": 0.0149673590331308, "reactive": 0.0148043197185365, "neural": 0.014625374704421, "protocols": 0.0137576737203747, "one": 0.0136998248907277, "problem": 0.0134179042839076, "automated": 0.0133629279815173, "energy": 0.0132722999461583, "reporting": 0.0132722999461583, "way": 0.012887601671952, "view": 0.0128031922521661, "simple": 0.0124758880261494, "problems": 0.0123965211088581, "interaction": 0.0123650379600836, "theory": 0.0123493521630498, "consensus": 0.012271473991413, "essential": 0.012271473991413, "site": 0.011998438356503, "flow": 0.0117935739992936, "reduction": 0.0116369274021866, "japan": 0.0113883063369168, "resource": 0.0112408285311147, "psychological": 0.0111748604422476, "failure": 0.0110448576248324, "second": 0.0108921398195347, "safe": 0.0108295292527737, "program": 0.0107060511259569, "change": 0.0104304706995094, "exposure": 0.0103720452397128, "implementation": 0.0103256720534355, "stress": 0.010268157131751, "general": 0.0100540322205434, "surveillance": 0.0099658991605518, "states": 0.0099440473909881, "state": 0.009697786420487, "rapid": 0.0094299730501886, "testing": 0.0092506926411756, "development": 0.008934074225658, "19 pandemic": 0.0088780941306916, "data": 0.0088688098077864, "effects": 0.0088688098077864, "time": 0.0087129298559314, "model": 0.0087038733692426, "care": 0.0084639019080507, "sars cov": 0.0081819087596809, "cov": 0.0080740261694559, "sars": 0.0079597714519772, "pandemic": 0.007911400374486}