{"zhonghua": 0.4297147863190283, "za zhi": 0.4002923580880138, "zhi": 0.3964759538633475, "za": 0.3605809430313117, "ke za": 0.3420408934539783, "ke": 0.2868771707979645, "neck surgery": 0.1977562868711265, "bing": 0.1471250475782854, "head neck": 0.1240139705536289, "neck": 0.1206568093485065, "xue za": 0.1077814759570553, "head": 0.0972189632720766, "chinese": 0.0911910358419122, "surgery": 0.088008198818576, "xue": 0.0827250876147425, "covid": 0.0588468857065133, "covid 19": 0.057065364154158, "19": 0.0567216813678024, "disease": 0.0375455781177027, "coronavirus": 0.0372029053604521, "disease 2019": 0.0363702465548734, "coronavirus disease": 0.0348745780682824, "diagnosis treatment": 0.0305594685937302, "2019": 0.0281301847422228, "treatment": 0.0270133749915032, "management": 0.0253781022093987, "zhi zhonghua": 0.0250260516416887, "pathological": 0.0244218047740409, "clinical": 0.0239808219159678, "patients": 0.0235444589664967, "pathology": 0.0210820907334311, "autopsy": 0.0210381826981106, "application": 0.0195358830915091, "zazhi": 0.0193776511685823, "coronavirus pneumonia": 0.018615153094022, "ear": 0.0184906121283426, "diagnosis": 0.0182099187406251, "consensus": 0.018001977014721, "prevention control": 0.0162914316330621, "health": 0.0157925536487314, "report": 0.0157151952283388, "experts": 0.0155879353937703, "pneumonia": 0.0146358181248229, "sampling": 0.0143903112095613, "department": 0.0139219915674105, "prevention": 0.0136574390554688, "cases": 0.0135561534741205, "sinus": 0.0135112743339115, "infant": 0.0134358858898319, "epidemic": 0.0133425941869004, "period": 0.0133308322769232, "yi xue": 0.0122320294762311, "practice": 0.0116023558182143, "incision": 0.0115382673192718, "thinking": 0.0114598007226488, "case report": 0.0112986764172573, "standards": 0.011257133789724, "experience": 0.0112132581590371, "discussion": 0.0111854778502674, "severe": 0.0111659060708599, "outbreak": 0.0109792114092792, "procedure": 0.010976623761684, "endoscopic": 0.0109426688084678, "yi": 0.0106668535958162, "control": 0.0105195231205712, "symptoms": 0.0103518018702718, "case": 0.0103256472255935, "19 patients": 0.0101209893860865, "pregnant women": 0.0099926613198631, "analysis": 0.0099106982134264, "nasal": 0.0097218963272076, "big data": 0.0089695234614879, "expression": 0.0089557676160199, "staff": 0.0089109625548548, "pregnant": 0.0088555294647323, "malignant": 0.0088399427003781, "anxiety depression": 0.0087859523597854, "report cases": 0.0086805914249311, "hospital covid": 0.0086291653791642, "related": 0.008628353074838, "respiratory": 0.0084945798909125, "interpretation": 0.0082903213649678, "advice": 0.0080969990031795, "patients coronavirus": 0.0080682524080902, "mri": 0.0080115113314152, "infection": 0.0079447597963213, "hepatology": 0.0078603983156347, "women": 0.0074980898498871, "summary": 0.0074688621902364, "protection": 0.0074648302254011, "public health": 0.007398984411621, "recurrent": 0.0072614506414176, "patients severe": 0.0072503070831634, "different": 0.0071132175465409, "big": 0.0071088157965883, "13": 0.0070981829096952, "types": 0.007087584714175, "outcomes": 0.0069539460318913, "tumor": 0.006952865335319, "associated covid": 0.0068825738497238, "clinical characteristics": 0.0068825738497238, "characteristics": 0.0068725505525483, "families": 0.0068430798185988, "variants": 0.0065974484667808, "public": 0.00653246958103, "management covid": 0.0065165726532248, "airway": 0.0064550324951392, "novel": 0.0064108193106088, "research": 0.0063643191451814, "zhong": 0.006336579801907, "medical": 0.0063051779678508, "deaths": 0.0063019408327449, "mental health": 0.0062936436531497, "depression": 0.0062199075832082, "gene": 0.0062199075832082, "improvement": 0.0062118170583648, "infectious disease": 0.0062118170583648, "zhongguo": 0.0061420020448842, "pattern": 0.0060618061101251, "maternal": 0.0060387408483958, "expert": 0.006023454495266, "anxiety": 0.0059930959187304, "opinion": 0.0059930959187304, "electronic": 0.0059480835027008, "study": 0.0059101469287795, "combined": 0.0058310133896282, "correlation": 0.0058238347258327, "tertiary": 0.0057529073655223, "functional": 0.0056493382086286, "caused": 0.0056222685182628, "mental": 0.0056021132682091, "psychological": 0.0054644231808073, "guidelines": 0.0053446840436931, "19 infection": 0.0052894700677096, "importance": 0.0052712720142572, "10": 0.0051935710279126, "injury": 0.0051759009351359, "amp": 0.0050548306217818, "technology": 0.0050435320224065, "chronic": 0.0050042935671749, "type": 0.0049876211060465, "status": 0.0049490482892431, "positive": 0.0048572352800163, "liver injury": 0.004830743738056, "online learning": 0.0048191008779997, "lung disease": 0.0047733465277752, "ifn": 0.0047509437998677, "infectious": 0.0047114517880653, "burn": 0.0046329652700471, "venous thromboembolism": 0.0046329652700471, "survey": 0.0046309933331518, "critical": 0.0046161267440654, "otolaryngology": 0.0046124058559954, "mild covid": 0.0045424307007547, "learning covid": 0.0044659849664406, "women covid": 0.0044109230146825, "obstetrics gynecology": 0.0043664223673552, "hospital": 0.0043641171220575, "malignancies": 0.0043489579837861, "19 pandemic": 0.0043413216316984, "data": 0.0043367816672342, "dissection": 0.0042976640780288, "role": 0.0042827913266414, "obstet gynecol": 0.0042561228871648, "tracheostomy": 0.0042561228871648, "coronavirus infections": 0.0042479406430452, "noninvasive": 0.0042236383638643, "associated": 0.0041947549344283, "resection": 0.0041917908332271, "library": 0.0041683084190319, "thromboembolism": 0.0041528399971337, "neonates": 0.0040412969531001, "confirmed covid": 0.0040341262040451, "false": 0.004019878989682, "breathing": 0.0040128019762073, "contacts": 0.0040128019762073, "reprod": 0.0040128019762073, "cases covid": 0.0039987397929291, "respiratory tract": 0.003943677841171, "base": 0.0039369245174174, "gynecology": 0.003910188571768, "lateral": 0.0038969838484425, "combating": 0.0038904215283122, "signaling": 0.0038773758997599, "virus disease": 0.0038708921704999, "pandemic": 0.0038686156147015, "patient covid": 0.0038074398816661, "understand": 0.0037827371693911, "close": 0.0037403913661106, "edition": 0.0037225757722423, "applying": 0.0037108063582577, "clinical features": 0.00370495347977, "determination": 0.00370495347977, "gynecol": 0.00370495347977, "left": 0.0036875203389903, "perioperative": 0.0036196008113092, "obstetrics": 0.003592118395493, "perinatal": 0.0035758494245122, "obstet": 0.0035597418013564, "preparation": 0.0035490914548476, "promote": 0.0035020107084508, "collection": 0.0034815161523186, "inhibition": 0.0034815161523186, "spontaneous": 0.0034663131830684, "venous": 0.0034612769867147, "muscle": 0.0034215399092994, "detecting": 0.0034020301008641, "engagement": 0.0033779678530178, "section": 0.0033684418900934, "fluid": 0.0033401947081546, "symptom": 0.003330887106621, "lesions": 0.0033216325401418, "student": 0.0033078488193147, "threat": 0.0032941810919031, "hybrid": 0.0032896506230723, "hepatitis": 0.0032851327563965, "upper": 0.0032761345504296, "on": 0.0032627300284889, "19 case": 0.0032538547494491, "sleep": 0.0032318764435377, "best": 0.0032275162475696, "tract": 0.0032275162475696, "mild": 0.0032015980589158, "severe covid": 0.0031887924312961, "pathogenesis": 0.0031803110959777, "principles": 0.0031634801471973, "19 cases": 0.0031551296299711, "physician": 0.0031509704163724, "time covid": 0.0031426838064442, "virol": 0.0031385563022592, "corona virus": 0.0030938328451335, "province": 0.0030818462813361, "pathogens": 0.0030660005749412, "suspected": 0.0030464083949955, "lower": 0.0030270497388477, "theory": 0.0030193704241979, "confirmed": 0.0030155443399251, "receptor": 0.0029965479593652, "day": 0.0029890111847147, "enhanced": 0.0029890111847147, "invasive": 0.0029666084568072, "technique": 0.0029555219153118, "line": 0.0029408566055365, "ventilation": 0.0029372108755597, "site": 0.0029335733107185,