{"zhongguo": 0.6087120193395213, "bing": 0.3169791563088767, "zhong": 0.3139979650558343, "yi xue": 0.3030682548086605, "yi": 0.2642884984756906, "xue": 0.2411349932329069, "care medicine": 0.2208427364980155, "critical care": 0.1815909379803057, "chinese": 0.1255224978565306, "critical": 0.1143719837348328, "severe": 0.1106613313131295, "medicine": 0.106556494672305, "care": 0.1025450656697143, "study": 0.0976222803064434, "liquid": 0.0712671623571117, "efficacy safety": 0.0698981074719215, "regression": 0.0623812295398292, "respiratory syndrome": 0.0603427059240463, "severe acute": 0.0596962251497793, "oxygen": 0.0541885563298127, "province": 0.050905140796575, "acute respiratory": 0.0485160905250528, "pilot": 0.0465451391993152, "infectious diseases": 0.0457196077898235, "factor": 0.0430888554990057, "laboratory": 0.0413298142362232, "multi": 0.0411921185331141, "efficacy": 0.0403360838185424, "infectious": 0.0389112718048614, "safety": 0.0382878280885292, "report": 0.0370827907649762, "syndrome": 0.0370043472765505, "diseases": 0.0366155338922662, "evaluation": 0.0356302268202977, "acute": 0.0353341945318181, "respiratory": 0.0350778190960892, "treatment": 0.0343230730942274, "clinical": 0.0330090851557301, "analysis": 0.0327404706069965, "patients": 0.0324084409489397, "sars": 0.032145744564239}