{"pharmacological sciences": 0.4499369069416853, "medical pharmacological": 0.4231746295001571, "european review": 0.4178655551651041, "review medical": 0.3255629687242031, "pharmacological": 0.2188311171221729, "natl acad": 0.1864975365355913, "sciences": 0.1734968543844238, "acad sci": 0.1602500420052957, "proc natl": 0.1575645691779069, "european": 0.1508646407180848, "covid": 0.1445520946361674, "covid 19": 0.1420181635357756, "19": 0.1411628426440132, "medical": 0.1407314135688334, "review": 0.1400049283287945, "natl": 0.1128272171418027, "acad": 0.0831085166753387, "proc": 0.0735491134741481, "sci": 0.0626682765108032, "proceedings national": 0.0348464994633893, "sciences united": 0.0348464994633893, "academy sciences": 0.0268218256450381, "national academy": 0.0264866760248894, "states america": 0.0263783887213427, "19 pandemic": 0.0221180650099817, "drug repurposing": 0.0208943997931765, "pandemic": 0.0197097333309356, "19 european": 0.0194620943406047, "lett": 0.0169039987497836, "cholecystectomy": 0.0167956849694809, "cases": 0.0164441850213918, "repurposing": 0.0162305634319264, "19 outbreak": 0.0159460341757267, "dynamics": 0.0153638868769626, "release": 0.0149203034401481, "proceedings": 0.0148777046297527, "amp": 0.0147161337743889, "blockchain": 0.0143080781025794, "patients": 0.0142802100984165, "network": 0.0141874983701411, "academy": 0.0141325400183109, "united": 0.0140023653946271, "editorial": 0.0138514194458897, "dynamics covid": 0.0136722055060928, "america": 0.0131520671168948, "china": 0.013058068169808, "identifying": 0.0129550355411967, "outbreak": 0.0127855159490426, "quarantine": 0.0126074404351208, "opportunities": 0.0123649320053393, "framework": 0.0123500470458152, "management": 0.0123138826664905, "impact": 0.0119749791124378, "based": 0.0118646574889066, "affects": 0.0117864009120726, "microbiota": 0.0117445559156183, "clinical": 0.0116358987320128, "health": 0.0114942195655621, "middle east": 0.0114419929952161, "united states": 0.0112249139683761, "technology": 0.0110124301124931, "silico": 0.010959457816797, "drug": 0.0106523182247895, "ratio": 0.0106355812655102, "states": 0.0106172925703503, "optimizing": 0.0105539133676869, "national": 0.0103881068598841, "cancer": 0.0100684136818482, "promoting": 0.0100041842526422, "restrictions": 0.0098621779723877, "experience": 0.009793551127356, "mobility": 0.0096035793749861, "human": 0.0095189614574841, "data": 0.0094692578160274, "rna polymerase": 0.0094491806520833, "medicine": 0.009390449442901, "storm": 0.0093709855808689, "19 lockdown": 0.0092098431227691, "19 cases": 0.0091855322530723, "use": 0.0090556012605479, "care": 0.0090369363008025, "healthcare workers": 0.0089721823621182, "new": 0.0088802365284532, "telemedicine": 0.0085194059012546, "east": 0.0084879177466658, "profile": 0.0084152507266557, "consequences": 0.0083742226710707, "economic": 0.008293219341242, "protein": 0.0082333646972101, "east respiratory": 0.0081126505547342, "cov spike": 0.0080333953054611, "immunity": 0.008020160586458, "middle": 0.00799181812154, "child": 0.007963644530305, "impact covid": 0.0078801171696034, "drugs": 0.0077890073423524, "second": 0.0077530493459479, "countries": 0.0074832759789174, "insights": 0.0074327937868886, "lockdown": 0.0073498363303034, "protective": 0.0073416200749954, "effective": 0.0073007515946509, "workers": 0.007284502596736, "blood": 0.0072200592995588, "measures": 0.0071564824931666, "publication american": 0.007066139452825, "neural network": 0.0070149267600901, "support": 0.0070088277333202, "complications covid": 0.0069980994515444, "inhibitory": 0.0069813910649007, "prediction covid": 0.0069813910649007, "american association": 0.0069647999310588, "healthcare": 0.0069480107696537, "strategy": 0.0069329279698154, "crispr": 0.0068995757429681, "social": 0.00688796610578, "implications": 0.0067483434970251, "venous thromboembolism": 0.0067439783632234, "cancer covid": 0.0067289673485417, "otolaryngology": 0.0067140510412075, "knowledge attitudes": 0.0065558978937729, "nervous system": 0.0065558978937729, "spike protein": 0.006528245802292, "experience covid": 0.0065009133953318, "hematological": 0.0064738933655764, "association": 0.0064332300082519, "19 management": 0.0064207624359248, "19 based": 0.0063432398557436, "data driven": 0.0063305630056932, "syndrome coronavirus": 0.0063305630056932, "effects": 0.0063128385440183, "19 experience": 0.0062929352586104, "confidence": 0.0062929352586104, "early": 0.0062864961152182, "related": 0.0062799333747615, "prostate": 0.0062681787301001, "effect": 0.0062472556100113, "comprehensive review": 0.0062436787505424, "role": 0.006234247475975, "build": 0.006231523315694, "nervous": 0.0061598745941118, "of care": 0.0061481414341989, "colorectal cancer": 0.0061364662160525, "hearing": 0.0061132873355904, "medications": 0.0061132873355904, "stable": 0.0060903334963554, "19 prevention": 0.0060789396098692, "radiotherapy": 0.0060676003705306, "epithelial": 0.0060563152566455, "thromboembolism": 0.0060450837539549, "point of": 0.0060339053554942, "herd": 0.0059897129123688, "lipid": 0.0059571023695568, "infected patients": 0.0059463313856878, "polymerase": 0.0059463313856878, "air pollution": 0.0058722779578091, "plants": 0.0058722779578091, "19 china": 0.0058515389926323, "cytokine storm": 0.0058515389926323, "unusual": 0.0058515389926323, "neutrophil": 0.0058309803685658, "lymphocyte": 0.0058207677096185, "developmental": 0.005800473792138, "robotic": 0.0057903917859426, "ill patients": 0.0057504882754925, "health covid": 0.0057406167502115, "breast cancer": 0.0056535801657626, "vector": 0.0056346662499278, "actions": 0.0056065760952865, "care unit": 0.0056065760952865, "genetics": 0.0055788157739595, "observations": 0.0055788157739595, "potentially": 0.0055788157739595, "interval": 0.0055696342988474, "heat": 0.0055332608603341, "19 transmission": 0.0055242542708893, "peptide": 0.0055242542708893, "laparoscopic": 0.0055152818621318, "spike": 0.0055152818621318, "wave covid": 0.0055152818621318, "reveal": 0.0055063433756056, "second wave": 0.0054885671499812, "recovered": 0.0054709235839929, "ards": 0.0054447026845036, "web based": 0.0054187694057992, "socioeconomic": 0.0054101878106421, "related covid": 0.0054016372520633, "block": 0.005393117506375, "reverse": 0.0053761695709322, "colorectal": 0.0053343237551658, "official publication": 0.0053343237551658, "length": 0.0053260427419009, "costs": 0.0053177906327551, "respiratory syndrome": 0.0053177906327551, "bias": 0.0052769566838434, "mortality covid": 0.0052769566838434, "red": 0.0052769566838434, "look": 0.005244789835669, "contemporary": 0.0052209486904112, "critically ill": 0.0052209486904112, "neural": 0.0052051871195681, "spread covid": 0.0052051871195681, "united kingdom": 0.0051895299307543, "care covid": 0.0051817400493411, "contact tracing": 0.0051817400493411, "sources": 0.0051817400493411, "ophthalmology": 0.0051739757505073, "genomic": 0.0051127625739847, "pollution": 0.0051052211740656, "cellular": 0.005097703753201, "dietary": 0.005097703753201, "arabia": 0.0050604710644982, "fatal": 0.0050604710644982, "saudi arabia": 0.0050604710644982, "tumor": 0.0050604710644982, "ace2": 0.0050457406313628, "bone": 0.0050457406313628, "significance": 0.0050384096894579, "venous": 0.0050384096894579, "critically": 0.0050238156500921, "needed": 0.0050165522745789, "gut": 0.0049734344800493, "available": 0.0049521669285099, "profiles": 0.0049101973020619, "era covid": 0.0048963713745309, "il": 0.0048963713745309, "containment": 0.0048826258307535, "prognostic": 0.0048826258307535, "kingdom": 0.0048757829117362, "innovative": 0.0048689597414303, "19 disease": 0.004862156206174, "regions": 0.004862156206174, "artificial intelligence": 0.0048351361764185, "delayed": 0.0048284291453387, "dependent": 0.0048284291453387, "variants": 0.004801789687493, "ill": 0.0047558809271453, "progression": 0.0047493947039549, "prevention control": 0.0047429262269513,