{"2021": 0.4674638800288343, "conference": 0.3354060904607295, "computing": 0.2780152706019077, "combining": 0.2617058050041061, "waves": 0.2361691556789562, "human": 0.1936096352418497, "making": 0.1926263588339468, "international conference": 0.1861829963196229, "covid": 0.1805323254166246, "19": 0.1796258650376044, "covid 19": 0.1721087976488701, "systems": 0.1635760049226602, "factors": 0.1615115892967417, "applications": 0.1110364185118101, "dis": 0.099980490635915, "lung": 0.0994246073807414, "int": 0.0976294541326374, "applications iccsa": 0.0974929622194101, "iccsa": 0.0974929622194101, "reporting": 0.0910189529701669, "international": 0.0878982982321162, "communicable": 0.0842673128542148, "computational science": 0.0821001598735346, "ai": 0.0802265907186605, "science applications": 0.0796315354992602, "interaction": 0.0777306931505015, "australia": 0.070574624612946, "intelligence": 0.0641679816301459, "pandemic": 0.0632973896855705, "technologies": 0.0610311940542788, "design": 0.0597428994305161, "epidemiology": 0.0583550516623164, "period": 0.0560869662472589, "future": 0.0536607461367097, "report": 0.052475178035728, "diseases": 0.0518139713930222, "emerging": 0.0513145403650064, "19 pandemic": 0.050736925490448, "21st": 0.0479146418633104, "19 int": 0.0424322028407319, "computational": 0.0399874577762624, "remote": 0.0398056238141331, "science": 0.0385022197081423, "online": 0.0365387920719655, "designing": 0.0358916987102237, "tuberculosis": 0.0351534810057019, "study": 0.0322334835428196, "conf ser": 0.0316696495790457, "conf": 0.0313819606129338, "iop": 0.0303458428331703, "cognitive": 0.0289260423180445, "monitoring": 0.028290074557184, "23": 0.0276064474619784, "learning": 0.0273831348196528, "exploring": 0.0266657725391259, "week": 0.0263546322181169, "smart": 0.0251124218965037, "case": 0.0241351200565447, "environ sci": 0.0238263133745181, "information": 0.0236038431628184, "distance": 0.023035962321314, "patients": 0.022930295611168, "ill covid": 0.0226375370499909, "ser": 0.0222618515834552, "iot": 0.0221063649687003, "molecular docking": 0.0220552357226639, "dis covid": 0.0211893112867273, "earth": 0.0211893112867273, "motivation": 0.0211439818127196, "ny": 0.0210095948647685, "china": 0.0209678541968848, "case study": 0.0205453117733529, "east": 0.0204440755821835, "docking": 0.020412110882985, "advanced": 0.0200478966272679, "architecture": 0.0199349278457566, "system": 0.0198758380085961, "factors covid": 0.0198582336144219, "treatment patients": 0.0198201750668442, "responsible": 0.0197446255445617, "sequelae": 0.0197446255445617, "characteristics outcomes": 0.0196698203646498, "experiences": 0.0195247192102097, "treatment": 0.0194279808417655, "workshop": 0.0194136579948253, "use": 0.019387913988208, "let": 0.0193777588057522, "impact": 0.0192286954528918, "revealed": 0.0191658567453241, "misinformation": 0.0191311076487695, "scoring": 0.0190620829520788, "nhs": 0.0186280983013416, "london": 0.018156352542285, "game": 0.0177410251795658, "technology": 0.0176830926251425, "environments": 0.0175415816281973, "influence": 0.0173903002401278, "animals": 0.0172383859622642, "spread": 0.0171992052113955, "moving": 0.0170779715938347, "participation": 0.0168692254056397, "look": 0.0168435310855372, "sci": 0.016771486506286, "spread covid": 0.0167163478044873, "social": 0.0165904175649442, "january": 0.0163711672578292, "june": 0.016227905189821, "inhibitor": 0.0161572752447376, "values": 0.0160641125502149, "indicators": 0.0160179563938236, "april": 0.015972079128297, "implementing": 0.0158136571354436, "meeting": 0.0158136571354436, "trust": 0.0157689942752208, "ill": 0.0152734105169855, "telehealth": 0.0151904297528399, "room": 0.0151698254950278, "related": 0.0151259044204492, "2020": 0.0146616147290603, "risk": 0.0146616147290603, "solutions": 0.0143145046518118, "simple": 0.0142595514733657, "new": 0.0142593454361784, "rehabilitation": 0.0142231357472317, "successful": 0.0142231357472317, "12": 0.0139905978162478, "health": 0.0138425406896097, "needs": 0.0135126994262996, "mask": 0.0134796877901908, "longitudinal": 0.0134632356399957, "environ": 0.0131888693509955, "int conf": 0.0131584803156363, "urban": 0.0131257283272846, "mental": 0.0130943536365894, "east respiratory": 0.0130268024159385, "events": 0.0128630870979658, "outcome": 0.0127425660858028, "impact covid": 0.0126534144038737, "course": 0.0126386570341273, "key": 0.0124781912964028, "molecular": 0.0123069209289149, "recovery": 0.0122506787136423, "factor": 0.0121948500478104, "education": 0.0119890741919259, "understanding": 0.0119755520791012, "people": 0.0119620540056008, "cohort": 0.0119217031700943, "implementation": 0.0118019215814092, "need": 0.0118019215814092, "performance": 0.0115935334934185, "england medicine": 0.0114588704817877, "19 data": 0.0113463783352166, "distance learning": 0.0113187685249954, "lineage": 0.0112913580653229, "lessons": 0.0112543506506676, "studies": 0.0112175822284776, "new england": 0.0112102945119198, "outcomes": 0.0108360808563767, "characteristics": 0.010709245245134, "detection": 0.010697819111534, "post": 0.0106409449553815, "challenges": 0.0106183140463935, "cloud": 0.0105494606789728, "children": 0.0105396328827615, "housing": 0.0105047974323842, "learning covid": 0.0104387725999977, "assessment": 0.0103627942786044, "potential": 0.0103627942786044, "bcg": 0.0103100710486862, "nursing homes": 0.0103100710486862, "price": 0.010165234272132, "data": 0.0101367734061536, "researchers": 0.0101248473787662, "early": 0.0100944743310463, "time": 0.0099586074758019, "respiratory": 0.0099275958696768, "automatic": 0.0099100875334221, "workers covid": 0.0098723127722808, "sensor": 0.0098535654148137, "control": 0.0098353138706225, "april 2020": 0.0098163461738313, "respiratory distress": 0.0098163461738313, "consumer": 0.0097429848151974, "library": 0.0097429848151974, "march 2020": 0.0096179178569563, "ensuring": 0.009582928372662, "monitor": 0.0095655538243847, "september": 0.0094461088023093, "thrombotic": 0.0093630347615794, "user": 0.0093630347615794, "sars cov": 0.0093516669005453, "visualization": 0.0093466358930037, "19 risk": 0.0093140491506708, "factors influencing": 0.0092656875772703, "sensing": 0.0092656875772703, "cov": 0.0092283604597398, "middle east": 0.0091864293295766, "july": 0.0091241929821014, "sars": 0.0090977708759324, "platforms": 0.0090934532823908, "centered": 0.0090629604905644, "19 response": 0.009017675673221, "threats": 0.0089140656354067, "interview": 0.0088994923654102, "eng": 0.0088849748250717, "medicine covid": 0.0087707908140986, "market": 0.0087567562984026, "mode": 0.0087427734753309, "homes": 0.008714961393635, "users": 0.0087011313886417, "times covid": 0.0086599411237414, "visits": 0.0086463097547972, "analysis covid": 0.0086327271565081, "choice": 0.0086191929811321, "february": 0.0086057068846331, "transformation": 0.0085922685266287, "respiratory syndrome": 0.0085389857969173, "intestinal": 0.0085126222731059, "preparing": 0.0084995088501461, "well being": 0.0084995088501461, "being": 0.0084864405681463, "exposed": 0.0084475034865882, "comput": 0.0083834828771284, "proposed": 0.0083581739022436, "25": 0.0082832438611476, "21": 0.0082463262395331, "demand": 0.0082340997163333, "criteria": 0.0082219124436768, "article": 0.0081735508702763, "global pandemic": 0.0081735508702763, "14": 0.0081257976346982, "attention": 0.0080786376223688, "19 vaccines": 0.008066938592549, "vulnerability": 0.008066938592549, "needed": 0.0080552755045058, "persons": 0.008020499699449, "sustainable": 0.0079974915552525, "17": 0.0079292921372417, "behaviors": 0.0079068285677218, "proc": 0.0078733804908027, "influencing": 0.0078622963014041, "nat": 0.0078292365960631, "effects covid": 0.0078073556584162, "estimating": 0.0077856001136505, "visual": 0.0077424595110899, "mobility": 0.0077104227625533, "well": 0.0076471490949891, "automated": 0.0076367052584927, "database": 0.0076262900745331,