{"articles": 0.676167378943814, "transfusion": 0.5913552912191329, "key": 0.4394275767397709}