{"lancet psychiatry": 0.6938714701810789, "psychiatry": 0.3696142070675408, "lancet": 0.3364362655995481, "doi": 0.2894392497254954, "published": 0.2385233331348789, "10": 0.2043538447324707, "correction": 0.1602152301391612, "20": 0.1424503346977645, "online": 0.1366866908907967, "2020": 0.0914118706352745, "16": 0.0666926334996147, "21": 0.061696787538445, "2021": 0.0431782543055673, "24": 0.0324468481124547, "25": 0.0309864976103156, "june": 0.030353201826123, "19": 0.0159989553294673}