{"laparoscopic": 0.4426095966345511, "surgical endoscopy": 0.4086985655556897, "endoscopy": 0.3223296312418545, "surgical": 0.2703866311921176, "single incision": 0.2596752989983281, "incision": 0.2316666641238202, "incision laparoscopic": 0.2166013389722232, "gastric": 0.1789507364627246, "laparoscopy": 0.154336359522245, "gastrectomy": 0.1530986030693956, "bypass": 0.143421187778304, "hernia": 0.137673475477362, "cholecystectomy": 0.1368939378913483, "single": 0.1355008534178866, "hernia repair": 0.120290854808124, "percutaneous": 0.1126711371490392, "techniques": 0.1010592540548006, "surgery": 0.1003999308230745, "repair": 0.0901981514808818, "en": 0.0812849312735269, "veterinary": 0.06772745685725, "laparoendoscopic": 0.0583793221540414, "canadienne": 0.0546514383114861, "sleeve gastrectomy": 0.0525413899386372, "sleeve": 0.0500254738237541, "laparoscopic surgery": 0.0488211117433757, "port": 0.0447376841156811, "revue": 0.0438698318162199, "technique": 0.0431573166793835, "single port": 0.041893693589545, "gastric cancer": 0.0415281732978108, "cases": 0.0391777143443241, "obesity": 0.0378097622569817, "comparison": 0.0372342247575505, "la": 0.0367348130978832, "medical association": 0.0363669276907082, "total": 0.0357774463145619, "canadian": 0.0343364555600173, "patients": 0.0340221173189733, "endoscopic": 0.0332891164274297, "obese": 0.0313778166617876, "resection": 0.0306048220292477, "case": 0.0301555691349027, "versus": 0.0300533762309831, "cancer": 0.0294585235407196, "study": 0.0287671788532041, "experience": 0.0286543208839923, "medical": 0.0268537164011616, "assisted": 0.0268394812047108, "asian": 0.0268062087557904, "report": 0.0266357764126506, "randomized": 0.026542684130274, "spinal cord": 0.0242652289627963, "prospective": 0.0240815398502461, "american": 0.0234208654979608, "mesh": 0.0230715317178759, "association": 0.0201670431512767, "clinical": 0.0200620713610832, "cord": 0.0192733406771713, "site": 0.0187411075777065, "patient": 0.0180551165703899, "case report": 0.0180453740024015, "spinal": 0.0179343165233594, "initial": 0.0170131110436288, "outcomes": 0.0169238947563912, "trial": 0.0168184334972837, "results": 0.0167794997203219, "procedure": 0.0166962060525869, "canine": 0.0166543144932921, "conventional": 0.0164665735224559, "feasibility": 0.0162041838244207, "year": 0.016128309786304, "surgeons": 0.0159804035346722, "following": 0.0158787030354126, "loss": 0.0154860890329601, "weight": 0.015306172124118, "matched": 0.0153024110146238, "open": 0.0150332837781613, "diarrhea": 0.0149667092177085, "society": 0.0149524103458291, "dogs": 0.014649000296836, "international": 0.0141318062067775, "postoperative": 0.0141073739482155, "retrospective": 0.0141071285839365, "abdominal": 0.0139449213777243, "approach": 0.0137661584761874, "modified": 0.0137605562748315, "series": 0.0134161557184176, "pain": 0.0133040636851104, "treatment": 0.0132749777812436, "feline": 0.0131312589179487, "rectal": 0.013100052748262, "advanced": 0.0130462486508376, "colon": 0.0128579869549581, "analysis": 0.0126628818655645, "bariatric": 0.0126284205813462, "coronavirus": 0.0125089703833742, "distal": 0.0124101259116421, "small": 0.0124092919285015, "randomized clinical": 0.0123835774093178, "esophageal": 0.0123048698514182, "hernias": 0.0122275784017989, "coloproctology": 0.0118486069181631, "factors": 0.0118242349423215, "radical": 0.0116980907736969, "management": 0.0115805560865847, "follow up": 0.0113827387987831, "center": 0.0113042773060843, "standard": 0.011294242411024, "double": 0.0111639262222304, "large": 0.0108785651848195, "case control": 0.0106337869172302, "follow": 0.0105910114215395, "safety": 0.0105774342227445, "liver": 0.0104623914558751, "intra": 0.010192132688562, "closure": 0.0101599089176204, "randomized controlled": 0.0101120069004059, "surg": 0.0100448462490089, "colorectal": 0.0100332993425062, "controlled trial": 0.0100332993425062, "outcome": 0.0099507308140646, "today": 0.0099406530554236, "early": 0.0098535291186012, "single center": 0.009731701688604, "up": 0.0096326159400984, "risk": 0.009541104233246, "exploration": 0.0094492664060985, "injury": 0.0094474851718028, "clinical trial": 0.0094084067532592, "method": 0.0092264975593093, "anti": 0.0092161770207451, "one": 0.0091708324668428, "term": 0.0090634866623515, "gastroenterology": 0.0089453095030378, "application": 0.0089146299425966, "bariatric surgery": 0.0088604411205736, "comparing": 0.0086044320688685, "fistula": 0.0085916895415857, "obes": 0.0084189470542308, "gastrointestinal": 0.0082878346824434, "right": 0.0082773095629002, "therapy": 0.0082742721683445, "hand": 0.008081924707889, "propensity": 0.0080676995781041, "combined": 0.0079824382110662, "cohort study": 0.0079726108900919, "complications": 0.007885128837345, "evaluation": 0.007874594080641, "novel": 0.0078010406478144, "respiratory": 0.0077525071060873, "colorectal cancer": 0.0076946963697391, "previous": 0.0076946963697391, "tumors": 0.0076946963697391, "control": 0.0076804436515688, "common": 0.0076690825465116, "review": 0.0076328833865968, "limb": 0.0076083434505052, "tech": 0.0075941927126397, "controlled": 0.0075873197765845, "particles": 0.007566092275195, "loop": 0.0074294517792761, "surgeon": 0.0074294517792761, "interventions": 0.007308209457233, "control study": 0.0072988326811173, "pancreatic": 0.0072860818057441, "28": 0.0072481549692212, "cervical": 0.0072481549692212, "disease": 0.0072138225327233, "incidence": 0.0071913996397144, "function": 0.0071831723275968, "training": 0.0071422625548816, "10": 0.0071098035718521, "thermal": 0.0071011211693192, "preliminary": 0.0070376257052596, "extraction": 0.0070302514848389, "prospective study": 0.0069954419973885, "retrospective cohort": 0.0069839290743598, "cohort": 0.0069822862772688, "chronic": 0.0068506898408197, "institution": 0.0068381928838378, "primary": 0.0067600885214799, "carcinoma": 0.0067307690313082, "left": 0.0067307690313082, "complete": 0.0066681348574612, "intestinal": 0.0066475474555995, "perioperative": 0.0066067966565113, "reconstruction": 0.0065665984276797, "infectious": 0.0064498004497031, "fortschr med": 0.0064112407594528, "mmw fortschr": 0.0064112407594528, "medication": 0.0063454742449821, "gut": 0.0062363364991177, "post": 0.0062321736147155, "mmw": 0.0062184647011296, "morbidity": 0.0061224688496472, "score": 0.0061138883112285, "thrombosis": 0.0061138883112285, "transplant": 0.0060045441115213, "metabolic": 0.0059962977252471, "solution": 0.0059798734508048, "upper": 0.0059798734508048, "virus": 0.0059059455604807, "traditional": 0.0058126988210103, "fortschr": 0.0058102251100674, "clinics": 0.0058049685064501, "factors associated": 0.0057895680876403, "two": 0.0057742472579133, "associated": 0.0057424618736426, "good": 0.0056988087356769, "use": 0.0056775430428562, "tissue": 0.0056765464987402, "renal": 0.0056252423316394, "animal": 0.0055748109388788, "new": 0.0055675955323575, "mechanism": 0.0055463735605968, "video": 0.0055182063752668, "adv": 0.0055042225099326, "enhanced": 0.0054557919867151, "direct": 0.005408139944279, "vs": 0.005361241751158, "elderly": 0.0051995564313198, "caused": 0.0051311162176239, "cost": 0.0051127216976744, "field": 0.0051127216976744, "mol sci": 0.0051032867689798, "cardiovascular": 0.0050823155444191, "risk factors": 0.0050702398700686, "complex": 0.0050462350915126, "viruses": 0.0050164998978506, "official society": 0.0049268066301356, "years": 0.0048834332668766, "experimental medicine": 0.0048821111743375, "diabetes": 0.0048777810745942, "patterns": 0.0048665089167018, "long term": 0.0048552794564795, "aneurysms": 0.0048387240678416, "safe": 0.0048329473436885, "like": 0.004799761467816, "infected": 0.0047452640884331, "int mol": 0.0047026389331914, "reactions weekly": 0.0046266075509122, "angiography": 0.0046143063435751, "trends": 0.0046029372076793, "double blind": 0.0046021063818907, "transmissible": 0.0046021063818907, "calves": 0.0045900060128409,