{"series earth": 0.4153123485001674, "earth environmental": 0.4114803708603241, "iop conference": 0.3885753490785211, "iop": 0.3445394716482142, "conference series": 0.3143109899510508, "environmental science": 0.2789539749994768, "earth": 0.240578393404797, "conference": 0.16924981612838, "environmental": 0.135661330072024, "series": 0.1300404690244768, "science": 0.1248985805634596, "software": 0.1005458150943703, "covid 19": 0.0977041147513187, "covid": 0.0976057629979039, "19": 0.0971156803674527, "mathematical": 0.0861151555887656, "pandemic": 0.0737913400901131, "19 pandemic": 0.0648061838234036, "2020": 0.0520201504621175, "district": 0.0314219092231379, "impact": 0.0307009727175663, "pandemic covid": 0.0302032142882889, "food": 0.0266255275180244, "food security": 0.0257110032428563, "impact covid": 0.0224474770791915, "indonesian": 0.0218148064237948, "province": 0.0204466866255096, "analysis": 0.0197259294050909, "19 outbreak": 0.0181696910824814, "industry": 0.0174514159354523, "security": 0.0171483148958064, "disaster": 0.0166905078789774, "era": 0.0159375856975233, "agriculture": 0.0156506183250932, "communities": 0.0153946591299636, "west": 0.0151780829098556, "responsibility": 0.0147228152946554, "outbreak": 0.0145684420693056, "managing": 0.0145073227948917, "model": 0.0141187664138858, "algorithms": 0.0140377246465718, "tourism": 0.0139053388362903, "disasters": 0.0137000632881457, "new normal": 0.0130375663189947, "combating": 0.0129056128321965, "systems": 0.0124366272239971, "analytical": 0.0121187013615653, "order": 0.0120256449653196, "computer": 0.0118980084724339, "social": 0.0117727280917723, "provide": 0.0117382258150209, "2018": 0.0109427879438014, "supporting": 0.0107355381078343, "facilities": 0.0107065712025367, "resilience": 0.0105499785542347, "adaptation": 0.0105080496935448, "building": 0.0104802773052094, "culture": 0.0102498191960434, "double": 0.0101446874427242, "new": 0.0101185757338318, "normal": 0.009927869704742, "direct": 0.0098287803572142, "evaluating": 0.0091277766959354, "distribution": 0.0091170117944375, "regional": 0.0090741659908514, "developing": 0.0087331155575736, "city": 0.0087131235813615, "fractional": 0.0083860632341581, "support": 0.0079862010429281, "math": 0.0078617139828247, "society": 0.0077641670632092, "life": 0.0077059196698809, "characteristics": 0.0075993887342215, "motivation": 0.0075019916673014, "ir": 0.0074701106360018, "derivatives": 0.0074543104986051, "amidst covid": 0.0073161306873619, "intelligent": 0.0072423201605322, "public": 0.0072233409359668, "cooperation": 0.0071846940979215, "medical": 0.0069720110532152, "consumer": 0.0069137205608345, "library": 0.0069137205608345, "tech": 0.0069008617502447, "use": 0.0068789299231423, "numbers": 0.0068753268130546, "assistance": 0.0068001428904758, "oil": 0.0067633234238726, "generalized": 0.0067511612555685, "factors affecting": 0.0066324673571591, "impacts covid": 0.0066208806050876, "study": 0.006535201690369, "russian": 0.0064855928131276, "economy": 0.0064097028452811, "road": 0.0064097028452811, "set": 0.0063990338582522, "metropolitan": 0.0063778218139815, "dimensional": 0.0063672780991377, "socio": 0.0063048679943315, "variations": 0.0062843818446275, "amidst": 0.0062539417952846, "adoption": 0.0062438710706454, "interactive": 0.0062138828310651, "gas": 0.0061940745381156, "mining": 0.0061940745381156, "product": 0.0061646325433824, "decisions": 0.0060876582866488, "lack": 0.006022064055029, "prospects": 0.0059852864776306, "sensitive": 0.0059132041651228, "income": 0.0058691129075104, "construction": 0.0058343522225923, "movement": 0.0057830379910342, "affecting": 0.0057326829603778, "sub": 0.0057243812104993, "contribution": 0.0057161049652688, "sustainability": 0.0057161049652688, "values": 0.0056996283652593, "content": 0.0056832519275709, "uncertainty": 0.0056669744417715, "concern": 0.0056507947192391, "government": 0.0056267058937216, "indonesia": 0.0055635026263258, "usage": 0.0055324484991214, "mobility": 0.0054713939719007, "problem": 0.0054413778875109, "19 case": 0.0053969716781322, "source": 0.0053460729712472, "situation": 0.0053245502279733, "water": 0.0053102966724796, "traditional": 0.005282013833128, "korean": 0.0052609948783545, "classification": 0.0052470728023886, "innovation": 0.0051920930226072, "hygiene": 0.0051717614868273, "number": 0.0051382129124824, "mapping": 0.0051315530433212, "response covid": 0.0050853893434844, "presentation": 0.0050400034085502, "tools": 0.0050400034085502, "nutrition": 0.005033581675584, "light": 0.0049143901786071, "artificial": 0.0048537138365004, "east": 0.0048357742649639, "impacts": 0.0047593876770212, "decision": 0.0047420634005719, "economic": 0.0047248498231304, "reduction": 0.0047191363200265, "making": 0.0047134349090017, "area": 0.0046964027192603, "framework": 0.0046907491690139, "environment": 0.0046183127384669, "increase": 0.0046183127384669, "small": 0.0045105417393207, "bmc": 0.004479033594132, "practices": 0.0044222087206975, "scale": 0.0044018387506466, "molecular": 0.0043665577787868, "function": 0.0043515776713984, "phase": 0.0043416370117657, "family": 0.0042489864352184, "design": 0.0042394165647507, "context": 0.0042251252012404, "implementation": 0.0041873814566287, "in": 0.0041780275732598, "type": 0.0041363324308107, "south": 0.0040907490132251, "general": 0.0040772230482222, "network": 0.0040414823488067, "rapid": 0.0038241476276336, "community": 0.0038159718529101, "results": 0.0038118932515199, "diagnosis": 0.003775461078928, "challenges": 0.0037674315179799, "testing": 0.003751443840766, "development": 0.0036230452169181, "high": 0.0036003435457446, "factors": 0.0035815705380403, "approach": 0.0035740978128501, "time": 0.0035333642907528, "control": 0.0034896190961684, "response": 0.0034715995259473, "review": 0.0034680100308078, "case": 0.0034253050566776, "based": 0.0033797927277278}