{"21st": 0.3552251171146594, "congress": 0.3533017458639579, "increases": 0.2898122003554526, "protect": 0.2807807533976821, "temperature": 0.2744591726347493, "action": 0.238407898042217, "2021": 0.2139284106539525, "emergency": 0.1991252608230115, "global": 0.1920668019263192, "international": 0.1916624209798946, "association": 0.1914606654291766, "natl": 0.1865485408037001, "health": 0.1710409019877047, "student": 0.1433023330561878, "distance": 0.1423182297939632, "management covid": 0.1411551911448494, "transition": 0.1388852447354802, "adv": 0.1306391443352509, "experiences": 0.1206254566864876, "isolation": 0.1113556484593194, "home": 0.1088822044571975, "university": 0.1075579829964087, "cancer": 0.099882701787966, "experience": 0.0971559550103162, "management": 0.0916189910169126, "covid 19": 0.079747762666804, "covid": 0.0796674862904287, "19": 0.0792674724998139}