{"official european": 0.4492284563807791, "european society": 0.3963883142819659, "oncology": 0.2552835466299155, "north": 0.2402572920390819, "official": 0.226422408016686, "group": 0.2193677041631766, "radiofrequency": 0.213046252416929, "society": 0.2029189522742235, "american": 0.2022645157534866, "european": 0.1996767674986502, "international": 0.1917825449474478, "heat": 0.1647797113613652, "vivo": 0.1524826334323962, "radiofrequency ablation": 0.117007842118007, "hepatocellular": 0.1027341858751183, "ablation": 0.0965963943287641, "liquid": 0.0935165587997703, "study international": 0.0926068656019195, "recurrence": 0.0879061375791073, "components": 0.0869756031947032, "pancreatic": 0.0865194002511453, "thermal": 0.0843230643108951, "closure": 0.0804299896336399, "determination": 0.0803031312339705, "materials": 0.0766955574419906, "prior": 0.0760163755814384, "transfer": 0.0717953775099277, "equipment": 0.0711060626898373, "comparative study": 0.0697666501798479, "clinic": 0.0660294749910818, "modified": 0.0653605110544846, "mechanical": 0.0635051610630198, "correlation": 0.0631144448678111, "capacity": 0.0604224458115153, "small": 0.0589422146948112, "versus": 0.0549034163058826, "recommendations": 0.0543538327061167, "induced": 0.0535748372065996, "comparative": 0.0524664437626769, "monitoring": 0.0524664437626769, "treatment": 0.045038634583503, "analysis": 0.0429619482996829, "study": 0.0426998887683095}