{"natl med": 0.5298649146917618, "natl": 0.3822976335812473, "bull": 0.3465609649187443, "animals": 0.3273797301549451, "humans": 0.3233318929952007, "acad": 0.2816003980271704, "med": 0.1881468629162531, "risk": 0.1856289594684336, "sars cov": 0.1776005127801043, "cov": 0.1752587605182828, "sars": 0.1727786917460953}