{"age covid": 0.4949866466847777, "infarction": 0.442375172154668, "stroke": 0.3442121704465788, "article": 0.3164911856639975, "age": 0.2802628752305685, "letter": 0.2635494265460102, "time": 0.2410069027526831, "covid 19": 0.2082590781825262, "covid": 0.2080494386442536, "19": 0.2070048136854092, "response": 0.0710381987673269}