{"nano": 0.372556338062586, "personalized": 0.3498386876985846, "road": 0.3363107696108151, "face masks": 0.3297353006389245, "smart": 0.3116664251997483, "chemistry": 0.3043220671537858, "pathogens": 0.2668253498111846, "assisted": 0.2559344244519181, "masks": 0.2476084158651625, "face": 0.2275413321556198, "covid 19": 0.1602011962338396, "covid": 0.1600399331325992, "19": 0.159236365914867, "european": 0.0286335134432624}