{"reactions weekly": 0.5497476999344146, "weekly": 0.3831553301860163, "reports reactions": 0.3443855902864525, "reactions": 0.3439671189710433, "report reactions": 0.3337840315976694, "case": 0.2239485761124416, "case reports": 0.1948780473494429, "case report": 0.1579738979297214, "lack": 0.15600475853171, "reports": 0.1384140127522739, "report": 0.1255565850757727, "efficacy": 0.099930535164212, "drugs": 0.0875870972439807, "multiple": 0.0826059103373387, "sodium": 0.0398007983380528, "non": 0.0314833339768331, "remdesivir": 0.0180985019228706, "label use": 0.0177987976995062, "dexamethasone": 0.0172184229076875, "off label": 0.0154636020622552, "label": 0.0152093400689938, "thrombocytopenia": 0.0140836267780891, "off": 0.0109090526560604, "lopinavir": 0.0091187718936126, "drug": 0.0083183973189162, "thrombotic": 0.0081961446131958, "tocilizumab": 0.0073721832765381, "following": 0.0067807949607926, "anti sars": 0.0065894307376006, "lopinavir ritonavir": 0.0064059767212485, "ritonavir": 0.0061961540719233, "hydroxychloroquine": 0.0059727552874151, "pain": 0.0059653949181186, "plasma": 0.0058640256747357, "effect": 0.0058541797066445, "use": 0.0056572165913419, "proceedings national": 0.0054423276059348, "sciences united": 0.0054423276059348, "hepatic": 0.0054260616505693, "immune": 0.0052712336092495, "interferon": 0.0049147888510254, "gap": 0.0049073167688916, "18": 0.0046941264263198, "muscle": 0.0046671902859698, "convalescent": 0.004660507112719, "academy sciences": 0.004189033745066, "national academy": 0.004136690064698, "states america": 0.0041197777495289, "site": 0.0040015739175666, "liver": 0.0039093504498238, "pregnancy": 0.0037800780196566, "cardiac": 0.0037533315750599, "secondary": 0.0036200623484756, "function": 0.0035787277492576, "pulmonary": 0.0035181368191919, "exposure": 0.0034591589730142, "anti": 0.0034436931492822, "cardiac arrest": 0.0033352962849451, "de": 0.0032767587125228, "rheumatoid arthritis": 0.0032402893638132, "fistula": 0.0032103487539919, "rheumatoid": 0.003181196147139, "error": 0.0031527911260249, "graft": 0.0031319553683134, "elevation": 0.0031250963053688, "lupus": 0.0031115042928018, "delirium": 0.0030782364734593, "interstitial": 0.0030652041451862, "malignant": 0.003014556003541, "bcg": 0.0030083847612495, "arrest": 0.0029661227099604, "heparin": 0.0029543381825811, "transient": 0.0028806508861259, "ventricular": 0.0028219138200274, "bleeding": 0.0028115610799412, "loop": 0.0027760699623743, "transportation": 0.0027661350515982, "prescribing": 0.0027465286083246, "sars cov": 0.0027287311661608, "myocarditis": 0.002722498704514, "cov": 0.0026927514706057, "23": 0.0026851032504906, "injection": 0.0026805163490037, "beta": 0.0026713991360032, "clinically": 0.0026578624894304, "sars": 0.0026546466203045, "alpha": 0.0026312755701781, "interval": 0.0026095970871988, "abdominal": 0.0026053118395866, "16": 0.0026010431054937, "fatigue": 0.002559236818509, "left": 0.0025150019525821, "relevant": 0.0025110668325422, "arthritis": 0.0024954646714304, "worldwide": 0.0024388389644111, "sepsis": 0.002435164881022, "13": 0.0024205892085407, "impairment": 0.0024133726675369, "14": 0.0023710336875262, "cities": 0.0023538591554956, "chloroquine": 0.0023236004725386, "proceedings": 0.0023236004725386, "acquired": 0.0022877060615008, "hepatitis": 0.0022405612816473, "roles": 0.0022344242292392, "academy": 0.0022072206353019, "hypertension": 0.0021777578579592, "15": 0.0021604491444583, "interactions": 0.0021073570984869, "structure": 0.0020777439464576, "interaction": 0.0020619188898017, "america": 0.0020540903404253, "12": 0.0020411644630002, "invasive": 0.0020233179414706, "dose": 0.0020107441955019, "resistance": 0.0019714412658002, "complications": 0.0019642247247964, "chest": 0.0019149839459707, "negative": 0.0018766657875299, "central": 0.0018722436853447, "major": 0.0018612650511166, "diabetes": 0.0018226192088615, "air": 0.0017791730472231, "symptoms": 0.0017650615808946, "crisis": 0.0017531074887025, "united states": 0.0017531074887025, "sciences": 0.0017295794865071, "induced": 0.0016858349048436, "test": 0.0016673414014199, "network": 0.0016618530245792, "states": 0.0016582091557464, "united": 0.0016401674682337, "national": 0.0016224149228058, "critical": 0.0015741699987301, "vaccination": 0.0015708030200701, "community": 0.0015691233607243, "infections": 0.0015442293889087, "syndrome": 0.0015279388728726, "vaccine": 0.001523098070735, "global": 0.0015118844595978, "acute": 0.0014589769402856, "management": 0.0014423869959124, "associated": 0.001430475750756, "response": 0.0014275178447895, "treatment": 0.0014172269335055}