{"reactions weekly": 0.3155330621002881, "cystic fibrosis": 0.2957075211103908, "cystic": 0.2751071842566862, "clinical course": 0.2589606806315811, "del": 0.2515377900503669, "le": 0.2442059853571225, "fibrosis": 0.2358267501556285, "weekly": 0.2199157442733528, "reactions": 0.1974232876712271, "reaction": 0.1966406401395071, "archives": 0.1938216839857458, "adverse": 0.1886490067854359, "chest": 0.1747606747573933, "natural": 0.1688662363389604, "course": 0.168275632120165, "adult": 0.1629236052413673, "effective": 0.1560856330917024, "pneumonia": 0.1518267274681452, "therapy": 0.1410756372352216, "related": 0.1342611598087425, "research": 0.1320423279566336, "sars cov": 0.1245114615276962, "clinical": 0.1243842224071712, "disease": 0.1229950610760924, "cov": 0.1228697151605773, "sars": 0.1211309984041871}