{"zhonghua": 0.4437119038502943, "bing": 0.285340428650232, "zhong": 0.2826567998591877, "yi xue": 0.2728180197852309, "yi": 0.237908997930751, "xue": 0.2170665198711099, "ke za": 0.2075846433160941, "ke": 0.1741057759914848, "experts": 0.1738333640763446, "diagnosis treatment": 0.1703963705211583, "edition": 0.1660535159201627, "za zhi": 0.1630676111260895, "zhi": 0.1572059065069284, "chinese": 0.15065824836646, "za": 0.1468903210607388, "consensus": 0.133836164334486, "disease 2019": 0.1247979415087398, "treatment": 0.1235886990595267, "coronavirus": 0.1164572477431706, "coronavirus disease": 0.111118265930118, "critical": 0.1029561414841858, "diagnosis": 0.1015365843607752, "severe": 0.0996158614326195, "neck surgery": 0.0980149490848277, "2019": 0.0965236555323702, "compr clin": 0.0929363364258832, "sn compr": 0.0929363364258832, "disease": 0.0881474440668671, "compr": 0.0805168174900786, "sn": 0.0709751367635194, "head neck": 0.0658560768441274, "obstetrics gynecology": 0.0649245603450387, "gynecology": 0.0581407964071988, "clin med": 0.0573648293186629, "neck": 0.0560641358683698, "ncov": 0.0543197028308832, "obstetrics": 0.0534113944812836, "head": 0.0481851266827341, "staff": 0.0441658545945536, "advances": 0.0417989009055787, "old": 0.0412050210298102, "hospitals": 0.0411561840102714, "secondary": 0.039460758328928, "novel coronavirus": 0.038524079783145, "clin": 0.0375802691685786, "protection": 0.0369983157575357, "surgery": 0.0363499574094096, "novel": 0.0317742681288734, "med": 0.0315110513767817, "medical": 0.0312506725964377, "new": 0.030236354569405, "covid 19": 0.0273712211415149, "covid": 0.0273436684882902, "19": 0.027206374781778}