{"reactions weekly": 0.5466835206313664, "report reactions": 0.4762698715135173, "weekly": 0.3810197020919858, "reactions": 0.3420499178131195, "case report": 0.2274405680835679, "case": 0.2227003333422531, "report": 0.180768224437753, "reports reactions": 0.179149776131468, "case reports": 0.1013757820893464, "lack": 0.0952727250759439, "reports": 0.0720031270106352, "efficacy": 0.0588125752887949, "label use": 0.0515943074857826, "drugs": 0.0403921171875625, "multiple": 0.0399830561220554, "label": 0.0360720907967205, "heparin": 0.0326985077494045, "thrombocytopenia": 0.0311754139765227, "sodium": 0.0299669245620704, "hydroxychloroquine": 0.0293805505262044, "off label": 0.0285250977047706, "azithromycin": 0.0256489925130129, "bleeding": 0.0237091473987201, "off": 0.0201234997918219, "use": 0.0171442733402249, "acute": 0.0169168516082078, "tocilizumab": 0.0168370752255361, "immune": 0.0157430313922475, "dexamethasone": 0.0151248317173168, "following": 0.0116148178797123, "drug": 0.0105220250893193, "anti sars": 0.0104187971683706, "lopinavir ritonavir": 0.0101287311122561, "thrombotic": 0.0100794034469931, "ritonavir": 0.0097969726172203, "lopinavir": 0.0096120225016366, "remdesivir": 0.0095387410584533, "treatment": 0.0082163799396906, "syndrome": 0.0080529390352799, "intracranial": 0.0080267473715241, "failure": 0.0077655936855007, "invasive": 0.0074646698403007, "pulmonary": 0.0074168782078202, "convalescent": 0.0073689033609676, "covid 19": 0.0072787351601997, "veterinary": 0.0072752078161125, "covid": 0.0072714081774266, "anti": 0.0072599372866906, "19": 0.0072348981319413, "plasma": 0.0072114248086871, "infection": 0.0071395873801315, "acute kidney": 0.0065739054801854, "gastrointestinal": 0.0065286463032948, "interaction": 0.0065203552616138, "sinus": 0.0064757098563545, "kidney injury": 0.0063164225173333, "thrombosis": 0.0060201813638993, "inc": 0.0060100658990227, "toxicity": 0.0057799662751648, "sars cov": 0.0057526661870831, "cov": 0.0056768143843815, "sars": 0.0055964823653796, "injury": 0.0055816107136809, "effect": 0.0053994873717336, "publication american": 0.0052347828217967, "kidney": 0.0051635731644876, "american association": 0.0051597078262843, "disease": 0.0049722799034378, "mrna": 0.0049409093627859, "muscle": 0.0049196469186366, "infections": 0.004883278518331, "encephalopathy": 0.0048060112508183, "15": 0.0045546233708776, "reaction": 0.0045425856690522, "corticosteroids": 0.0043658386193227, "acid": 0.0042762135546516, "viral": 0.0040911024803413, "official publication": 0.0039518079916015, "leading": 0.003838769950466, "spontaneous": 0.0037380179879891, "venous": 0.0037325870325137, "prolonged": 0.0036121088183396, "marrow": 0.0035691981101187, "coronavirus": 0.0035192133315438, "publication": 0.0034387439445379, "bacterial": 0.0034250425833701, "level": 0.003420348469496, "infection case": 0.003399675684218, "colitis": 0.0033013684107437, "delirium": 0.0032447437652185, "multisystem": 0.0032447437652185, "posterior": 0.0031841602041517, "pancreatitis": 0.0031776187052969, "peritoneal": 0.0031711136495218, "syndrome coronavirus": 0.0031265655686294, "retinal": 0.0031079818157549, "fungal": 0.0030539418871469, "disease 2019": 0.0030170081331501, "associated": 0.0030157054622551, "ventricular": 0.0029745561630709, "cardiac": 0.0029672669721717, "major": 0.0029429162876705, "increased": 0.0028952076097833, "dogs": 0.0028848953103969, "secondary": 0.002861908474916, "like": 0.0028357176057639, "official": 0.0028163283110287, "oral": 0.0027750403382763, "interval": 0.0027507548401261, "shedding": 0.0027372557939223, "laboratory": 0.0026982760044087, "elevated": 0.0026933538374538, "form": 0.0026933538374538, "coronavirus disease": 0.0026863000142452, "left": 0.0026510428862479, "investigation": 0.0026450173887857, "diagnostic": 0.0026391985072294, "respiratory syndrome": 0.0026263732117664, "traumatic": 0.0026142311145726, "severe acute": 0.0025982355974275, "deficiency": 0.002590319265467, "american": 0.0025158432286926, "diabetic": 0.0024740200413894, "compliance": 0.0024527893748435, "weight": 0.0024114521557096, "vaccine": 0.0024082277359672, "coronavirus infection": 0.0023946510817946, "association": 0.0023829533906524, "2019": 0.0023334732148778, "respiratory": 0.0022901055643026, "response": 0.0022571022401408, "renal": 0.0022156099247124, "states america": 0.002171311931706, "antiviral": 0.0021597306266322, "12": 0.0021515746831699, "direct": 0.0021300999722951, "acute respiratory": 0.0021116282165904, "liver": 0.0020604070881963, "loss": 0.0020331647085034, "increase": 0.0020017677633905, "pregnancy": 0.0019922745851517, "immunity": 0.0019805156288585, "19 infection": 0.0019013606307135, "molecular": 0.0018926467507826, "therapeutic": 0.0018796966606487, "rhino": 0.0018677944741408, "multisystem inflammatory": 0.0018522248248959, "escherichia coli": 0.0018471258645739, "escherichia": 0.0018420710516484, "bone marrow": 0.0018370596282102, "chronic kidney": 0.0018370596282102, "acute lung": 0.001827164014262, "calves": 0.0018078621821037, "chronic": 0.0017988506696058, "lung": 0.0017988506696058, "traditional chinese": 0.0017755472885353, "cardiac arrest": 0.0017578541998058, "pneumonia": 0.0017536708482198, "chinese medicine": 0.0017364661947284, "coli": 0.0017239996588791, "feline": 0.0017239996588791, "guillain": 0.0017077811924763, "cd4": 0.001699837842109, "inflammatory syndrome": 0.0016881218520426, "monoclonal antibodies": 0.0016881218520426, "low": 0.0016862874719449, "neuroradiology": 0.0016804398037635, "elevation": 0.0016470691644358, "19 acute": 0.0016434763700463, "kidney disease": 0.0016434763700463, "pigs": 0.0016434763700463, "heart disease": 0.0016399055500719, "diagnosis": 0.0016364409921365, "therapy": 0.0016294906472601, "idiopathic": 0.0016293222890513, "cats": 0.0016223718826092, "interstitial": 0.0016155032475523, "severe": 0.0016054851573115, "occlusion": 0.0015986770902987, "malignant": 0.0015888093526484, "melanoma": 0.0015759065679273, "myocardial infarction": 0.0015664132328111, "arrest": 0.0015632827843147, "humoral": 0.0015632827843147, "giant": 0.0015570717975906, "mucosal": 0.0015570717975906, "related": 0.0015507801948387, "virus": 0.0015507801948387, "glycoprotein": 0.0015478774777157, "viral load": 0.0015478774777157, "previously": 0.0015358393760573, "wall": 0.0015299121449869, "endovascular": 0.001524044485086, "anticoagulation": 0.0015153521074597, "coinfection": 0.0015096282650852, "alveolar": 0.0014955594579158, "clinical course": 0.0014955594579158, "geographical": 0.0014955594579158, "lung injury": 0.0014900255089389, "22": 0.001476415865966, "obstructive": 0.0014737315980383, "impaired": 0.0014604923176706, "oxide": 0.0014604923176706, "suppression": 0.0014578801108706, "wound": 0.0014552795397742, "false": 0.0014449915687912, "neutrophil": 0.0014399147781418, "thyroid": 0.0014373928422729, "use covid": 0.0014373928422729, "clinical": 0.0014366968744664, "28": 0.0014274126463259, "mouse": 0.0014274126463259, "endocrine": 0.0014200378883199, "23": 0.0014151726331159, "monoclonal": 0.0014151726331159, "spinal": 0.0014127551255381, "viral infections": 0.0014127551255381, "infarction": 0.0014055620910707, "replication": 0.0014055620910707, "decreased": 0.0014031839727283, "absence": 0.0013961071921931, "breast cancer": 0.0013961071921931, "economy": 0.0013891151655588, "virus infection": 0.0013891151655588, "trans": 0.0013799208456839, "decrease": 0.001375377420063, "endothelial": 0.0013423840519897, "cutaneous": 0.0013296916554675, "enzyme": 0.0013276028258839, "myocardial": 0.0013234474542792, "curve": 0.0013213808070033, "transformation": 0.0013213808070033, "species": 0.0013111559003721, "recurrent": 0.0013051058229581, "gap": 0.0012931905676433, "transfusion": 0.0012912281212718, "coronary": 0.0012873229077424, "h1n1": 0.0012662990331825, "vivo": 0.0012644247868029, "load": 0.0012625565380221, "cerebral": 0.0012569873964688, "14": 0.0012496435606972,