{"signal": 0.6070223852623736, "target": 0.4985504433863064, "ther": 0.4740181588794994, "covid": 0.142911621881258, "covid 19": 0.1401361231948353, "19": 0.1392921371097109, "sars cov": 0.1269067747411668, "cov": 0.1252334449622232, "sars": 0.1234612793074749, "ace2": 0.0439800529681654, "cell": 0.040084324963944, "replication": 0.0372089071484978, "variants": 0.0366219961941018, "spike": 0.0360545268998604, "targeting": 0.0359283975661292, "inhibits": 0.035122105874612, "therapeutic": 0.033173660064657, "alterations": 0.0328707290623081, "domain": 0.0297083854366078, "cov infection": 0.0291757107403755, "interferon": 0.028571887611735, "infection": 0.0283505345221212, "potential": 0.0281256553123638, "cov antibody": 0.0268765224969153, "recombinant": 0.0261039865498336, "microbiota": 0.0255921889863848, "single cell": 0.0252260821659925, "central nervous": 0.0250788830947238, "way": 0.0249868950261931, "reveals": 0.0249539971045747, "disease severity": 0.0248059380989985, "vaccines": 0.0237836550927423, "metabolism": 0.0229976976049467, "clinical": 0.0221859903708735, "cov transmission": 0.0221424584236016, "immunity": 0.0218455966858691, "patients": 0.0217822867685076, "terminal": 0.021612625461749, "nervous system": 0.0214286234930894, "spike protein": 0.0213382398009174, "severity": 0.0210208251981213, "oral": 0.020406272364516, "pathogenesis": 0.0201756510547803, "nervous": 0.0201341807911996, "treatment": 0.0197735527894325, "fitness": 0.0197589751772569, "revealed": 0.0195067662046309, "mutations": 0.0192625290673995, "binding domain": 0.0189310960648217, "implication": 0.0188284610727375, "disease": 0.0188041803365881, "receptor binding": 0.0185015297142882, "complexity": 0.0184174835446429, "mutation": 0.0182349305456751, "glucose": 0.0181155811836387, "olfactory": 0.0180860296463387, "evidence": 0.0179737008709981, "antibody": 0.0175386099396781, "reactive": 0.0172218536306721, "enhancing": 0.0168360305304375, "inhibitor": 0.0164446700656812, "immune": 0.0163434997323508, "features": 0.0162697704485299, "19 associated": 0.016232938530992, "combat": 0.016232938530992, "concern": 0.0162097669466542, "core": 0.0160949399069546, "anti": 0.0160157950403202, "increases": 0.0159146934245606, "vitro": 0.0158041376392852, "pathways": 0.0153978846711982, "anti sars": 0.0153229349350993, "liver injury": 0.0153229349350993, "storm": 0.0153150129109197, "cytokine": 0.0152126575392246, "treatment covid": 0.0152126575392246, "activity": 0.015025612897632, "proteomics": 0.0147616389490677, "mapping": 0.0147202797198464, "inhibitors": 0.014682212068547, "mediated": 0.0145691215001968, "potential therapeutic": 0.0145659770136006, "receptor": 0.0142574037977437, "expression": 0.0142036766919627, "vaccine": 0.0141671313149861, "progress": 0.0140447008951207, "women covid": 0.0139912796088228, "potent": 0.0137127354643757, "stage": 0.0136860020986685, "liquid": 0.0136856917711758, "evaluation": 0.0136844034720015, "nanoparticles": 0.0135263446854341, "antibodies": 0.0134720154153986, "protein": 0.013455797743997, "systemic": 0.0134396140363299, "associated": 0.0133056027010032, "current status": 0.0131482916249232, "central": 0.0130610378873039, "patients covid": 0.0129237204375234, "pathological": 0.0129108389184573, "cytokine storm": 0.0127509028724959, "identified": 0.0126396283150697, "looking": 0.0125091957350595, "fight covid": 0.0124664418654201, "delivery": 0.0123553569476156, "promising": 0.0119215159174664, "endothelial": 0.0118454730354079, "proteins": 0.0117891685217031, "multiple": 0.0117606237565423, "binding": 0.0117150404553977, "profiling": 0.0116966739057331, "newly": 0.0116058106734397, "single": 0.0115806022277205, "self": 0.0113798710046207, "forward": 0.0113596021711697, "leading": 0.0112913652567063, "vivo": 0.0111575444413064, "inhibition": 0.0110432364807958, "formation": 0.0110271118612962, "19 vaccines": 0.0109472372113226, "transmission": 0.0105582477672217, "samples": 0.0103351599856748, "susceptibility": 0.0101826052888154, "system": 0.010114688070216, "therapies": 0.0099684731997631, "dysfunction": 0.0099553809138748, "fight": 0.0098904139530118, "response covid": 0.0097252369134585, "based": 0.0096952119421252, "production": 0.0096630912657441, "gender": 0.0095530839887436, "acid": 0.009433547031528, "analysis": 0.0094309070478772, "cells": 0.00942174447946, "agents": 0.0092707222733737, "better": 0.0092251307216331, "liver": 0.0090907280107422, "cov detection": 0.0089283563834761, "rbd": 0.008839009651321, "mass": 0.0085756433495686, "cov variants": 0.0085097229202624, "key": 0.0084667633528383, "molecular": 0.0083505521459071, "antibodies sars": 0.0083354406110294, "function": 0.008321904370191, "injury": 0.0082088802014907, "preliminary": 0.0081532845714093, "vectors": 0.0081274069590088, "understanding": 0.0081257101341739, "effective": 0.0079544180254823, "women": 0.0079278850309141, "status": 0.0078490962301856, "2021": 0.0078317500463759, "hepatocellular carcinoma": 0.0078141584345592, "epitope": 0.007794569702423, "regulates": 0.007794569702423, "efficacy": 0.007745884529971, "drug": 0.0077373761684592, "epitopes": 0.0077366817412931, "proteome": 0.0077176712796414, "hepatocellular": 0.0075173232435762, "neutralization": 0.0075173232435762, "autophagy": 0.0074998594081266, "inhibit": 0.0074825131751543, "quality": 0.0074803539841868, "tmprss2": 0.0074652829713644, "alzheimer disease": 0.0074311645141328, "current": 0.0073132535502768, "parkinson disease": 0.0072829885068003, "degradation": 0.0072354319709029, "therapy": 0.0071894803483992, "protects": 0.0071580716265093, "report": 0.0071211428607389, "severe": 0.007083565657493, "activated": 0.0070535277655413, "parkinson": 0.0070244211749224, "immunodeficiency": 0.0069390242097495, "identifies": 0.0069250626261817, "19 pandemic": 0.0068852533379906, "transcription": 0.0068836262496469, "effects": 0.0068780530409074, "early": 0.0068493520657043, "model covid": 0.0068428458855879, "related": 0.0068422017360007, "virus": 0.0068422017360007, "role": 0.0067924253900853, "alzheimer": 0.0067762813066945, "infectivity": 0.006750129753525, "control": 0.0066735052433003, "differentiation": 0.0066481003425089, "response": 0.0066390448357205, "library": 0.0066108576813014, "zinc": 0.0066108576813014, "protease": 0.0065863250590856, "let": 0.0065741458124616, "cytokines": 0.0065022554015436, "lipid": 0.0064904663381183, "suppression": 0.0064323170096438, "19 treatment": 0.0063867245652348, "19 severity": 0.0063308458911507, "candidate": 0.0063198141575348, "developmental": 0.0063198141575348, "immunotherapy": 0.0062653532312229, "study": 0.0062489202323814, "decreased": 0.0061909920220049, "structured": 0.0061391611815476, "pandemic": 0.0061355506074553, "robust": 0.0061187173769182, "selective": 0.0061085559993932, "severity covid": 0.0061085559993932, "immunological": 0.0059896469254039, "recovered": 0.0059607579587332, "carcinoma": 0.0058483369528665, "hope": 0.0058029053367198, "dementia": 0.0057671282912843, "improves": 0.0055705293148601, "clinical trials": 0.0055623127022722, "cellular": 0.0055541222156825, "fatal": 0.0055135559306481, "tumor": 0.0055135559306481, "diabetic": 0.0054578154526456, "agent": 0.0054499500851232, "mrna": 0.0054499500851232, "gut": 0.00541872660147, "release": 0.00541872660147, "integrative": 0.0054032556488847, "targeted": 0.0054032556488847, "ebola": 0.0053955548782399, "activation": 0.0052461851613248, "poor": 0.0052461851613248, "derived": 0.0051746276192917, "vascular": 0.0051465520731069, "analyses": 0.0051326282237327, "causes": 0.0051326282237327, "treating": 0.0050913026444077, "mild": 0.0050776734810661, "severe covid": 0.0050573639998082, "wide": 0.005043912763695, "15": 0.0050238667025098, "basic": 0.0049973790052386, "follow up": 0.0049452069765059, "cognitive": 0.0049067599066154, "sex": 0.0048563738333989, "inflammation": 0.0048501443119535, "pattern": 0.0048069544593568, "temporal": 0.0046757457063769, "growth": 0.0046125653608165,