{"bras": 0.3948040953542934, "assoc": 0.360019004279751, "brasileira": 0.2852205785173596, "covid 19": 0.2703051906729032, "covid": 0.2700330937450772, "19": 0.2686772462538353, "rev": 0.2681813068683428, "da": 0.2303523207522762, "med": 0.220108719383639, "medica": 0.2113070741900197, "revista": 0.2027683186423813, "19 pandemic": 0.0855153901333763, "pandemic": 0.0762040230218659, "brasil": 0.0755107171692364, "disease": 0.0707725468490934, "2019 covid": 0.0700164562419408, "19 rev": 0.0695416036604603, "treatment": 0.0669788419118801, "coronavirus": 0.0631139549606029, "19 revista": 0.0611129794975777, "disease 2019": 0.0601192802963025, "review": 0.0599070570002117, "2019": 0.0542483960127065, "coronavirus disease": 0.0535293298489543, "response": 0.0524729297870841, "clinical": 0.0501003185933413, "patients": 0.0491886766626586, "protocol": 0.0469275205326722, "institutions": 0.0445371327821107, "practice covid": 0.0429639328268636, "practice": 0.0415533277833004, "care unit": 0.0413829533771884, "allocation": 0.0388308666890662, "physical": 0.0368650929590932, "fast": 0.0363455317341941, "information": 0.0361668070990921, "infection": 0.0355672603422769, "systematic review": 0.0354495981678919, "protect": 0.0348185447067161, "best": 0.0346776230609936, "hospital mortality": 0.0341105508257116, "comment": 0.0336775696395712, "general practice": 0.0334857670662087, "mortality": 0.0334217824573561, "intensive care": 0.0334144887430284, "prostate cancer": 0.0334099765601753, "systematic": 0.0332070030578822, "adolescents": 0.0328577319998615, "pharmaceutical": 0.0324824336150476, "maternal": 0.0324412276872942, "children": 0.0322985428039567, "resources": 0.0322366450124639, "oncology": 0.0316369054970791, "prostate": 0.0308442257495555, "intensive": 0.0306438186226178, "prevention covid": 0.0304862343798703, "research": 0.0303913726603797, "adults covid": 0.0300254295284888, "in hospital": 0.0299130247745388, "kawasaki": 0.0298016956806636, "unit": 0.0297747243939843, "clinical research": 0.0297464281110211, "child": 0.0293904091114696, "19 china": 0.0287940400940345, "sars cov": 0.0286580393297787, "cov": 0.0282801686391519, "doctor": 0.0279137529925338, "sars": 0.027879978868856, "medicines": 0.0266222552617407, "socioeconomic": 0.0266222552617407, "context covid": 0.0257691337847039, "children adolescents": 0.0257300285326565, "critically ill": 0.0256910542867241, "healthcare": 0.0256421388792448, "evaluate": 0.0255749088808238, "older adults": 0.025421830336331, "types": 0.025383873364552, "critically": 0.0247210091970553, "19 disease": 0.0239255212894093, "patient": 0.0236177436220047, "ill": 0.023402565764511, "treatment covid": 0.0229021100440975, "western": 0.0222763258286856, "care": 0.0222343136139205, "cov infection": 0.0219614927986111, "literature review": 0.0219051546665743, "trial trials": 0.0219042381669971, "19 epidemic": 0.0216274851248628, "analysis": 0.0212968382219771, "health": 0.0212101264793639, "meta analysis": 0.0209092853675666, "trials": 0.0204539915544361, "older": 0.0203798119097241, "integrated": 0.0199681672480314, "controlled": 0.0198498162626562, "patients covid": 0.019456197372231, "meta": 0.0194334528849666, "19 infection": 0.0189440047320772, "pandemic public": 0.0186095718955707, "relationship": 0.0184534142905771, "context": 0.018246401683906, "chinese": 0.0181442605402647, "adults": 0.0180631884245114, "in": 0.018043008364759, "effectiveness": 0.0179626363592255, "literature": 0.0179027196523812, "controlled trials": 0.0176904768578373, "general": 0.0176076792874449, "network": 0.0174533313978705, "cd8": 0.0173010965298479, "journal": 0.017259398137915, "support": 0.0172443922034447, "cd4": 0.016936153828215, "retrospective observational": 0.0166673383055077, "safety": 0.0166035015289411, "cancer": 0.0165147611937924, "current": 0.0165147611937924, "rapid": 0.0165147611937924, "mhealth": 0.0164826592779901, "characteristics": 0.0164091586393757, "diagnosis": 0.0163045060458445, "prevention": 0.0163045060458445, "health emergency": 0.0163036635931475, "challenges": 0.01626983000965, "therapy": 0.0162352570227491, "liver disease": 0.0162335796036143, "china": 0.0160639166425064, "epidemic": 0.0159286383562851, "hematological": 0.0159282494201627, "randomised controlled": 0.0157332512471943, "hospital": 0.0156298937990576, "manifestations covid": 0.0156067919022953, "effects": 0.015531993068191, "evaluation": 0.0154510337885833, "approach": 0.0154349093209566, "medicine": 0.015402727276838, "dissection": 0.0153918951405106, "role": 0.0153386290346333, "dimer": 0.0152431171899351, "justice": 0.0152138128419877, "clinical course": 0.0149008478403318, "study protocol": 0.0149008478403318, "patients hospitalized": 0.0148183372261941, "impact": 0.0147315103395409, "mortality patients": 0.0146038649782403, "patients treated": 0.014525433667347, "coagulation": 0.0143716740340827, "neutrophil": 0.0143464379825044, "lymphocyte": 0.0143213109422878, "marker": 0.0143213109422878, "vertical": 0.0143213109422878, "19 severity": 0.0142962919756964, "stimulation": 0.0141241089804068, "study": 0.0141112877664321, "hospitalized covid": 0.0140999222479917, "basis": 0.0140041686329011, "di": 0.0137943177923961, "diagnosis treatment": 0.0136809243232011, "jmir": 0.0136139343225618, "coronavirus 2019": 0.0135477070329993, "fatigue": 0.0134389767501793, "randomized controlled": 0.0132274297729761, "controlled trial": 0.0131244730894044, "procedure": 0.0131040986350711, "randomised": 0.0130837952959064, "ratio": 0.0130837952959064, "comorbidities": 0.0130635625771945, "ocular": 0.013043399989364, "mortality covid": 0.0129833281911294, "conventional": 0.01292387042543, "smoking": 0.0129041854632762, "survivors": 0.012691936682276, "legal": 0.0125979620896862, "memory": 0.0125422975427485, "article": 0.0125238604408946, "endoscopy": 0.0125238604408946, "associated covid": 0.0123248179788352, "sustainable": 0.0122540949098942, "integrative": 0.0122016112386755, "admission": 0.0119962875430814, "coronavirus infection": 0.0119294258786053, "manage": 0.0118797791980146, "turkey": 0.0117333320033578, "head": 0.0116061815689053, "coronavirus covid": 0.0114817511395362, "disease covid": 0.0114817511395362, "19 cases": 0.0112999581953153, "manifestations": 0.0112111488249963, "observational study": 0.0110660814372739, "exercise": 0.011051771711078, "serum": 0.011051771711078, "predictive": 0.0110374971008098, "renal": 0.0110374971008098, "double": 0.0109525773332871, "consensus": 0.0107455483374879, "parameters": 0.010732004907004, "predictors": 0.010732004907004, "lessons learned": 0.0106513999114796, "mobile": 0.0106513999114796, "cells": 0.0106380736725122, "direct": 0.0106115124356531, "brazilian": 0.0105850719321055, "hospitalized": 0.0105850719321055, "technique": 0.0105850719321055, "treated": 0.0105850719321055, "ventilation": 0.0105194917474607, "agents": 0.0104675547884528, "pain": 0.0104417591773757, "randomized": 0.0104160774545771, "profile": 0.0103523648705823, "mask": 0.0103270739578496, "liver": 0.0102643236107576, "practical": 0.0102394117921029, "observational": 0.0101164283366203, "predict": 0.0100079234146187, "increase": 0.0099722002679622, "scientific": 0.0099603411389512, "learned": 0.0098779973870434, "course": 0.0096827425049347, "interventions": 0.0095598063088613, "access": 0.0094938294114057, "severity": 0.0094938294114057, "experimental": 0.0094720023660386, "importance": 0.0094394146014511, "trial": 0.0094285924573712, "novel coronavirus": 0.0092791592659315, "retrospective": 0.0092267071452885, "people": 0.009164382612298, "perspectives": 0.0090925047244655, "versus": 0.0090721302701323, "19 patients": 0.009061969742195, "group": 0.009061969742195, "epidemiological": 0.0090518269309676, "recommendations": 0.0089813181796127, "epidemiology": 0.0089414078977321, "blood": 0.0088820512524381, "influence": 0.0088820512524381, "public health": 0.0088330459013894, "positive": 0.0086979874119303,