{"journal": 0.4354195012311441, "di": 0.3480025737279043, "covid": 0.2769262430898387, "south": 0.2674077329929003, "19": 0.2590036377181832, "covid 19": 0.2550288629825643, "brasileira": 0.2548418618307195, "da": 0.2058175977437906, "medical association": 0.2040214690830616, "medica": 0.1888008519038506, "revista": 0.1811715554036154, "state": 0.1285398963280897, "pandemic": 0.1223391569129455, "medicine": 0.1165738418261614, "association": 0.1131387783366762, "medical": 0.1076082626716739, "emergency": 0.0969030380300526, "recommendations": 0.0755267951392117, "coronavirus": 0.0707660746660451, "19 pandemic": 0.0653751307354078, "science": 0.063785014856329, "cardiopulmonary": 0.0599020153641549, "resuscitation": 0.055792184651799, "international": 0.0532978826418344, "radiotherapy": 0.0502158063295766, "circulation": 0.0494701848083457, "health": 0.0475634079674411, "bras": 0.0457935821025836, "consensus": 0.045181387170215, "cardiovascular": 0.0419297207638874, "assoc": 0.041758836914243, "reflections": 0.0409260952289502, "patient": 0.0397218414606148, "face": 0.0393727771738725, "coronavirus pandemic": 0.0379099096111669, "2020": 0.037783329219858, "treatment": 0.0375497758834796, "care": 0.0373950998237982, "19 emergency": 0.0357550563139041, "19 revista": 0.0342612475552328, "law": 0.0326042957561465, "time": 0.0320794598499927, "novel coronavirus": 0.031212574676754, "rev": 0.0311065230552707, "international health": 0.0297529826877696, "critical illness": 0.027969287481138, "health emergency": 0.0274205508722187, "time coronavirus": 0.0272442715421112, "review covid": 0.0266786089114413, "comprehensive review": 0.0258365205167515, "novel": 0.0257438132813124, "abuse": 0.0255875697269342, "med": 0.0255305525732804, "management": 0.0254775986133188, "association covid": 0.0253447970181611, "review": 0.025188886146572, "aerosols": 0.0249684722327873, "services": 0.0247444288617224, "child": 0.0247153409291117, "reduce": 0.0243707100489577, "description": 0.0235931255328613, "united states": 0.0232245068676481, "patient covid": 0.0229342030973867, "summary": 0.0224944329655861, "implications covid": 0.022352128811057, "near": 0.0222118649298647, "interest": 0.0219711404233667, "states": 0.0219673295412884, "bias": 0.0218361970683208, "united": 0.0217283200691124, "surge": 0.0215392125670414, "single center": 0.0214100590328328, "legal": 0.0211880635535018, "endoscopy": 0.0210634346307572, "19 associated": 0.0205507902486398, "epidemic": 0.0200923569668079, "global": 0.0200288751495825, "negl": 0.0199583604139728, "public": 0.0196742415842536, "protect": 0.0195200232342955, "adaptation": 0.0190805436692729, "neurological": 0.019030114495079, "associated": 0.0189504032761997, "time covid": 0.0189300293446316, "comment": 0.0188803681307287, "manifestations": 0.0188556317379509, "right": 0.0182103492323701, "states america": 0.0181924206499416, "19 epidemic": 0.0181872483051512, "america": 0.018141209452511, "burden": 0.0180270513528832, "analysis": 0.0179091966829033, "19 vaccine": 0.0178917970585542, "pregnant": 0.01778049622066, "ventilation": 0.01769235834407, "rural": 0.0175400022796177, "mask": 0.0173687377198706, "illness": 0.0172422285674017, "economic": 0.0171587889304288, "scientific": 0.0167519428590306, "comprehensive": 0.0165742404089655, "distribution": 0.016554693473129, "process": 0.016515716377224, "period": 0.0160597159455275, "brasil": 0.0158748480802117, "like": 0.0158394461201676, "relationship": 0.0155180699856188, "physical": 0.0155005215717091, "italy": 0.0153267472315351, "acute lung": 0.0153089640684527, "technology": 0.0151899164957306, "knowledge": 0.0151222121554063, "protection": 0.0149881930989232, "center": 0.0149218658066879, "science covid": 0.0147282491184983, "test": 0.0147255400586417, "single": 0.0146609639949318, "support": 0.0145013644011211, "general practice": 0.0140796296195685, "prostate cancer": 0.0140477622816778, "implications": 0.0139624188063671, "critical": 0.0139026736550004, "current": 0.0138877942025025, "future": 0.0138285016687003, "elevation": 0.0138000324326593, "19 current": 0.0137400118137983, "substance": 0.0136807187355151, "evidence": 0.0136527501494495, "liver disease": 0.0136513395537127, "children": 0.0135804420735636, "knowledge attitudes": 0.0135642461123963, "vaccine": 0.013451619227321, "potential": 0.013352583433055, "nursing homes": 0.0132846489254872, "south african": 0.0131771364863366, "collective": 0.0131242536030027, "myocardial infarction": 0.0131242536030027, "data": 0.0130613528560626, "inequality": 0.0130201726750878, "evaluation": 0.0129932715922295, "prostate": 0.0129689510650134, "role": 0.012898746816974, "contagion": 0.0128931104905547, "dimer": 0.0128184278327935, "justice": 0.0127937848634671, "anticoagulation": 0.0126964359975776, "no": 0.0126484785637841, "differentiation": 0.0126246750177087, "response": 0.0126074787023053, "19 global": 0.0126009867434945, "kawasaki": 0.0125306025210413, "institutions": 0.0124842361163936, "lung injury": 0.0124842361163936, "19 international": 0.0124612166900736, "inequalities": 0.0124383050834757, "22": 0.0123702071985569, "research covid": 0.0123702071985569, "dilemma": 0.0122149046605676, "thorax": 0.0121931156754729, "respirators": 0.0121069175143406, "st": 0.0120856032363224, "sars cov": 0.0120497338044702, "infection": 0.0119638615704848, "disease": 0.0119029824808683, "cov": 0.0118908519918602, "stimulation": 0.0118774178149992, "patients": 0.0118183832298934, "infarction": 0.0117765561165955, "suicide": 0.0117765561165955, "doctor": 0.0117367866368395, "sars": 0.0117225857630423, "committee": 0.0116582047209477, "autoimmune": 0.0115617199545254, "expansion": 0.0115617199545254, "threats": 0.0114858793800667, "face masks": 0.0114111967223055, "19 impact": 0.0113194188130783, "century": 0.0113012680721571, "fatigue": 0.0113012680721571, "form": 0.0112831844320948, "homes": 0.0112293312012015, "political": 0.0111760644055285, "physical activity": 0.0111408727496726, "risk covid": 0.0111408727496726, "myocardial": 0.0110885554695151, "decisions": 0.0110539855795856, "sharing": 0.0109180985341604, "allocation": 0.0108847085132797, "anaesthesia": 0.010851544867162, "look": 0.010851544867162, "context covid": 0.0108350469794634, "children adolescents": 0.0108186045469541, "commercial": 0.0108022171980741, "critically ill": 0.0108022171980741, "coronary": 0.0107858845649849, "older adults": 0.0106890176557504, "genomic": 0.010578378582383, "regulatory": 0.0105627753185445, "global pandemic": 0.0105317173153786, "adolescent": 0.0104701867045112, "critically": 0.0103943461300525, "associated covid": 0.0103643361030073, "republic": 0.0103196634722913, "triage": 0.0102607275898946, "descriptive": 0.010246103904666, "government": 0.0102169870385428, "restrictions": 0.0102024933418184, "increasing": 0.0101449442184419, "technical": 0.0101449442184419, "discovery": 0.0100739470495477, "19 disease": 0.0100598704382054, "urgent": 0.0100318381605391, "artificial intelligence": 0.0100039656118175, "manage": 0.0099900886689909, "hepatitis": 0.0098940369616691, "black": 0.0098669365097159, "ill": 0.0098399853723051, "coronavirus covid": 0.0096553740643954, "days": 0.0096553740643954, "opportunity": 0.0096295607112697, "usa": 0.0096167049376, "wide": 0.0095783391011954, "19 cases": 0.0095024985267366, "attitudes": 0.0094899719665856, "cross sectional": 0.0094650146723158, "know": 0.0094525836133619, "sectional": 0.0094525836133619, "intensive care": 0.0093664396677126, "exercise": 0.0092937905244541, "cov infection": 0.0092340630538906, "individual": 0.0092340630538906, "sample": 0.0092222045776205, "adolescents": 0.0092103747796764, "brief": 0.0092103747796764, "double": 0.0092103747796764, "literature review": 0.0092103747796764, "intelligence": 0.0091868006662629, "chain": 0.009163339618576, "france": 0.0091399905572233, "pharmaceutical": 0.009105174616185, "maternal": 0.0090936241525756, "resources": 0.009036277434043,