{"bing": 0.45674635443173, "zhonghua": 0.4386854579144052, "xue": 0.3474598467847768, "zhong": 0.3326843026996337, "yi xue": 0.3211041543007627, "yi": 0.280016575302594, "disease 2019": 0.1586368396707866, "coronavirus disease": 0.1412479270390648, "xue za": 0.1273221740446118, "2019": 0.1226959954788557, "disease": 0.1120485785484365, "coronavirus": 0.1110259282848866, "za zhi": 0.1036416553389064, "zhi": 0.0999161039210481, "za": 0.0933597783328457, "critical": 0.0775541610159024, "severe": 0.0703481396839789, "2019 patients": 0.0560033150605188, "patients": 0.0535658762621293, "characteristics": 0.0529208444892173, "covid 19": 0.0463905517171912, "covid": 0.0463438536624073, "19": 0.0461111592291021, "ventilation": 0.0370103992714793, "clinical characteristics": 0.0361350184729778, "analysis": 0.0333013336781634, "patients severe": 0.0304525587206461, "therapy": 0.0285599988626861, "clinical": 0.0251809123113285, "presentations": 0.0250181881216686, "warning": 0.0245106769989328, "mechanical ventilation": 0.0241858017716128, "risk factors": 0.0233343456240498, "value": 0.0222678956719402, "construction": 0.0221615082809866, "risk": 0.0219551174617931, "infected sars": 0.0219485281299823, "oxygen": 0.0206688140368172, "application": 0.0205135320538826, "acute kidney": 0.0192034172716479, "big data": 0.018836784206111, "mechanical": 0.0184594156213529, "kidney injury": 0.0184512688279424, "factors": 0.0181392328538466, "zhi zhonghua": 0.0175189661721181, "treatment": 0.0174555235276093, "case": 0.0173478102297905, "cardiac": 0.017335711927938, "breathing": 0.0168544706331889, "contacts": 0.0168544706331889, "neutrophil": 0.0168248748958228, "lymphocyte": 0.0167954070022131, "health": 0.0165828723466674, "replacement": 0.0165357720259616, "infection covid": 0.0164234763748259, "epidemiological": 0.0159233799927789, "district": 0.0159139495385391, "regression": 0.0158624639600936, "close": 0.015710298392628, "ratio": 0.0153441027859762, "positive": 0.0153009287284029, "big": 0.0149291352763922, "infectious": 0.0148416915921463, "continuous": 0.0143504878494358, "diagnosis": 0.0143409086001377, "strategies": 0.014279999431343, "cases": 0.0142345543078924, "undergoing": 0.0141880562051447, "early": 0.013604424640385, "zazhi": 0.0135649210741655, "effect": 0.0135195053966354, "acute": 0.0134773085939748, "cytokine": 0.0134292964153267, "model": 0.013407364985055, "classification": 0.0132871703003912, "predictive": 0.0129442937759603, "renal": 0.0129442937759603, "simple": 0.0128118273465351, "new": 0.0128116422276079, "report reactions": 0.0125338702261258, "invasive": 0.0124602747436554, "sars": 0.0122611573637319, "re": 0.0120816089134924, "kidney": 0.0120668908780895, "forum infectious": 0.0118629104183025, "distribution": 0.0115435112972152, "inflammatory": 0.0114354408111521, "royal society": 0.0111673856419919, "severe coronavirus": 0.0111673856419919, "to": 0.0111339478359701, "city": 0.0110321279343792, "death": 0.0109692536942519, "infected": 0.0109193682305402, "injury": 0.0108698449149482, "high flow": 0.0107914933786562, "open forum": 0.010646326645919, "reactions weekly": 0.010646326645919, "levels": 0.0106155866618526, "acquired pneumonia": 0.0102194072583757, "psychotherapy": 0.0099080210444799, "health information": 0.0098176607037699, "changes": 0.0097254912650675, "community": 0.0096631912269323, "community acquired": 0.0096017086358239, "distress syndrome": 0.0094582861646341, "online": 0.0093797519578638, "epidemic": 0.0093402051412388, "berl": 0.0093206517942841, "elderly patients": 0.0092444273176078, "pandemie": 0.0091150008222242, "data": 0.0091076210197188, "role": 0.0089942365796952, "19 role": 0.0089555009567627, "patients acute": 0.0089382305229975, "hypoxia": 0.0089210470943053, "noninvasive": 0.0088700101812951, "autopsy": 0.0088364049500419, "respiratory distress": 0.0088197256826664, "2020": 0.0087820469847172, "2003": 0.0087375312624991, "characteristics covid": 0.0086731726855811, "feedback": 0.0085479878692846, "royal": 0.0084570250551329, "sars cov": 0.008402223727435, "infection": 0.0083423454152973, "prone": 0.008324973594622, "immunoglobulin": 0.0082963103723203, "cov": 0.0082914361733337, "willingness": 0.0082396965683872, "control covid": 0.0080353897947216, "diagnosis treatment": 0.0080221947941985, "thinking": 0.0080221947941985, "intravenous": 0.0079829133230277, "fibrosis": 0.0079569747692695, "der": 0.0078803220292514, "standards": 0.0078803220292514, "procedure": 0.007683956827, "moderate": 0.0075209474901156, "weekly": 0.0074201252715963, "finding": 0.0073871694269955, "pathol": 0.0073871694269955, "reduces": 0.007343717840894, "fatal": 0.0073008128301293, "trust": 0.0070840107579816, "technical": 0.0070740227467991, "investigating": 0.0070640638977346, "options": 0.0070640638977346, "acquired": 0.0070442330082606, "preprint": 0.0069371773243163, "progression": 0.0068520185864199, "forum": 0.0068426864236039, "prevention control": 0.0068426864236039, "19 case": 0.0068333797237468, "nasal": 0.006805611021815, "reactions": 0.0066612125970846, "position": 0.0066173136207173, "distress": 0.0065739724609357, "perceptions": 0.006463797059131, "post covid": 0.0063814040824318, "video": 0.0063489962055566, "british": 0.0062771850609312, "acute respiratory": 0.0061683998785798, "combined": 0.0061228191996473, "pressure": 0.0060778396021499, "flow": 0.0060555702953103, "platform": 0.0060114631714575, "practical": 0.0060041671186617, "elderly": 0.0059823721347194, "case report": 0.0059320523102585, "active": 0.0058965587185823, "infectious diseases": 0.0058128513671941, "central": 0.0057649542437986, "reduce": 0.0056645278518331, "students": 0.0056579367321367, "times": 0.0055605684637429, "nursing": 0.0055160639671896, "air": 0.0054783740435755, "symptoms": 0.0054349224574741, "pulmonary": 0.0054164684717123, "corona": 0.0053798573504735, "possible": 0.0053256671013368, "19 patients": 0.0053137408535867, "clin": 0.0053077933309263, "information": 0.005301856160791, "measures": 0.0051623790096591, "investigation": 0.0051510093211932, "efficacy": 0.0051283830134706, "pneumonia": 0.0051227498108995, "monitoring": 0.0050835757565619, "support": 0.0050558672095345, "healthcare": 0.0050119964647988, "open": 0.0049418884726438, "society": 0.0049153029648543, "mortality": 0.0048994505580947, "post": 0.0047803028667125, "prevention": 0.0047803028667125, "comparison": 0.0047599998104476, "report": 0.0047147550343934, "china": 0.0047097646847373, "syndrome": 0.0047047816255873, "diseases": 0.0046553473779706, "high": 0.0045585776711966, "related": 0.0045300741344483, "medicine": 0.0045159111934842, "system": 0.0044644778170173, "respiratory": 0.0044598402862125, "control": 0.0044183838266146, "medical": 0.0044138085028146, "response": 0.0043955683343122, "use": 0.0043548811316111, "care": 0.0043459050649007, "based": 0.0042793270881338}