{"american public": 0.578626420211971, "public health": 0.3900041163367683, "public": 0.344329692389262, "health": 0.3121624834484432, "american": 0.2305729402263465, "products": 0.1298707254702836, "regulation": 0.1204332663775865, "partner": 0.0950279439048841, "19 ann": 0.0945757661405241, "community": 0.0909518480386363, "infected covid": 0.0901768059459131, "patients infected": 0.085621858727797, "radical": 0.0844543085867007, "computing": 0.083966642138403, "continuing": 0.0816335996656309, "congress": 0.0806002753682653, "new": 0.0803904569167671, "software": 0.0798820330956225, "provision": 0.0772904878124567, "intern med": 0.0761322988291866, "hepatol": 0.0760061529280368, "century": 0.0741711340351408, "2015": 0.0733494122708302, "political": 0.0733494122708302, "vol": 0.0730035838940446, "intern": 0.0727750840643954, "vet": 0.0713282077494905, "venous": 0.0684171061950207, "families": 0.0676316458415612, "emergencies": 0.0663948909085504, "introduction": 0.063115210288697, "universal": 0.0609171138617921, "mechanism": 0.0600630248070472, "engineering": 0.0596821888994567, "agents": 0.0577715419608978, "free": 0.055766544724347, "advances": 0.0555661023008743, "school": 0.0549721761846951, "simulation": 0.0548416715719049, "unit": 0.0547766176681103, "events": 0.0543890384271444, "ann": 0.0533778023680607, "disorders": 0.0531916911770667, "evolution": 0.0522169190508982, "infected": 0.0513876159882893, "home": 0.049679548797549, "multi": 0.049293743924955, "support": 0.047586812197557, "long": 0.0465140220070425, "time": 0.0421080165715345, "med": 0.0418897690244451, "associated": 0.0414576751459684, "patients": 0.0387825012656199, "covid 19": 0.0363864130658585, "covid": 0.0363497854628695, "19": 0.0361672716652328}