{"kidney": 0.4196935737971733, "neuroradiology": 0.3414640232286265, "study clinical": 0.3176578106401892, "genomics": 0.2905528585399559, "precision": 0.2900491073409911, "100": 0.2714748140939846, "physiological": 0.2664258296062278, "project": 0.2307624431028973, "aspects": 0.2085752502982122, "integrated": 0.203621159746271, "guidelines": 0.1951939565998088, "human": 0.1592155628408518, "approach": 0.1573942213861198, "medicine": 0.1570660518017489, "clinical": 0.1459678275343766, "study": 0.1438968706954088}