{"graft": 0.4967588249441691, "preparation": 0.3839291782611725, "transplantation": 0.3486718085438419, "device": 0.3249759235565168, "direct": 0.3205173817642995, "technique": 0.3197187547051504, "surgery": 0.264456691729984, "novel": 0.2311671988184541, "use": 0.2243225027088277}