{"international conference": 0.5482354618721897, "annual": 0.4085535624069463, "conference": 0.3731079137082239, "sciences": 0.2967186426654675, "2021": 0.2888943647914581, "international": 0.2588258062317197, "system": 0.248737627205981, "digital": 0.0931710111912686, "covid 19": 0.0662728653909247, "covid": 0.0662061532311389, "19": 0.0658737293585007, "innovation": 0.0563488868996302, "dis": 0.0452927839363202, "lung": 0.0450409598053297, "performance": 0.0446424991116396, "test": 0.0440063638721951, "social": 0.0425891267648011, "int": 0.0417706303629455, "extreme": 0.0393790557563289, "human": 0.0392379259669364, "analytics": 0.0392210185368222, "workers covid": 0.0380147014209749, "respond": 0.0368334837993832, "harm": 0.0359905101224843, "analysis": 0.0356803495943335, "theoretical": 0.0348981788751918, "designing": 0.0345514835640056, "observations": 0.0344944920671512, "expanding": 0.0343811713413195, "ai": 0.0343248387073406, "interactive": 0.0337190974170391, "product": 0.0334518449931782, "methodology": 0.033137460824205, "costs": 0.0328805420771492, "computer": 0.0322817566453844, "link": 0.0315661994274582, "proposal": 0.0313811551790553, "usage": 0.0300213529878626, "automated": 0.0294061864669346, "collaborative": 0.0292464220305029, "best": 0.0290491410278907, "concept": 0.0289709681120411, "lab": 0.0289320378615297, "adaptation": 0.0285105111339048, "classification": 0.0284727864667042, "concerns": 0.0281744434498151, "ethical": 0.0279910244760383, "communities": 0.0278459284915082, "mediated": 0.0275599868480494, "reducing": 0.0274190864759908, "resources": 0.0270043551020213, "anxiety": 0.0269703194628336, "techniques": 0.0269363628844352, "enhanced": 0.0269024850003795, "modelling": 0.0262732877495606, "better": 0.0261763704856512, "technologies": 0.0261121141165762, "focus": 0.0260162560653697, "platform": 0.0257636657563316, "comprehensive": 0.0247655451493658, "events": 0.0247655451493658, "uk": 0.0240244979747013, "practices": 0.023996732913311, "value": 0.0238586931677744, "safe": 0.0238312409523312, "models": 0.023613459636886, "delivery": 0.0233722723071973, "relationship": 0.0231873952215617, "conditions": 0.0231349998234357, "context": 0.0229272762511023, "need": 0.0227224630874097, "technology": 0.0226970620377042, "workers": 0.0225204799026648, "systems": 0.0224954271108819, "virtual": 0.0222472326866644, "support": 0.0216682144063209, "healthcare": 0.021480195088625, "large": 0.0214568618028611, "perspective": 0.0209077530990436, "critical": 0.0207736393104065, "challenges": 0.0204436410889024, "comparison": 0.0204001988565524, "infections": 0.0203785260572863, "online": 0.0200996652085541, "related": 0.0194147934575191, "approach": 0.0193945324696223, "time": 0.0191734955371472, "research": 0.0190939399643195, "new": 0.0183025251771754, "sars cov": 0.018004941355323, "cov": 0.0177675371300604, "health": 0.0177675371300604, "sars": 0.0175161105316716, "pandemic": 0.0174096661262031}