{"data": 0.4854016128013976, "sequence": 0.4268519836319171, "sharing": 0.4057514329188445, "promoting": 0.384616772402347, "best": 0.3612452071888897, "sci": 0.2677021004956759, "practice": 0.2597226541980201}