{"sepsis": 0.5184330248997313, "emergencies": 0.487724424085319, "bei": 0.3290734609483879, "und": 0.2768737869835161, "der": 0.2724236242881259, "metabolic": 0.2385015018428908, "internal": 0.2180998924515739, "pregnant": 0.2143045891463832, "pulmonary": 0.1872479279944358, "patient": 0.1595863394120507, "medical": 0.152585859408683}