{"sci pollut": 0.5017741175531787, "pollut res": 0.4762848223814643, "pollut": 0.328593601488414, "environ sci": 0.3102333815720786, "res int": 0.2912362127840163, "sci": 0.1985228718674541, "environ": 0.1717272610981282, "res": 0.1432350819189293, "int": 0.141244006716059, "covid 19": 0.1181598840786071, "covid": 0.1180409409633453, "19": 0.1174482524470997, "biol sci": 0.1046685768370408, "trans": 0.0849694879638059, "revue medicale": 0.0841525573022631, "suisse": 0.0760705258646137, "lond": 0.0734192423148014, "medicale": 0.0678708564145101, "biol": 0.0627477420710082, "soc": 0.0615567585415187, "revue": 0.0531981910960665, "internet": 0.0501981936568066, "study": 0.039244670913734, "early": 0.0334565173673392, "air": 0.0317569026196289, "pandemic": 0.0299698648116446, "pollution": 0.0271698125225522, "air quality": 0.0255228214741552, "spread": 0.0244302896666257, "19 pandemic": 0.0240227725892123, "sectional study": 0.020533806252948, "lockdown": 0.019557788816303, "case study": 0.0194554694725695, "case": 0.0182838828305705, "impact": 0.0182086941054008, "population": 0.0178040152242398, "cross sectional": 0.0173900910383534, "sectional": 0.0173672514280205, "warning": 0.0172221677322271, "environmental": 0.0169721370339201, "insights": 0.016953031877117, "19 transmission": 0.0167999384774876, "quality": 0.0156594536608326, "strategies": 0.0150505356563635, "china": 0.01489169834947, "19 spread": 0.0146747892376107, "climate": 0.0145827229497411, "outbreak": 0.0145808740067467, "city": 0.0145342648331536, "management covid": 0.0144238235440993, "effects": 0.0143985903740017, "energy": 0.0143651301123358, "model covid": 0.0143248873355599, "countries": 0.0142234781713391, "risk": 0.013883877788108, "mitigation": 0.0136780877990446, "based": 0.0135307074558775, "england": 0.0134858796091021, "air pollution": 0.0133937410702339, "cross": 0.0130778069476606, "waste": 0.0127454231945709, "characteristics": 0.0126764560839615, "developing countries": 0.0126204964699975, "economic": 0.0126103513597635, "solid": 0.0124983985195325, "peak": 0.0124383708596188, "19 outbreak": 0.0121234640901584, "timing": 0.0120915952451545, "factors": 0.0119487562026211, "relevance": 0.0117833725511967, "model": 0.011775678851601, "management": 0.0117025111598648, "developing": 0.0116540905815982, "review": 0.0115698981567567, "levels": 0.0111883943928423, "la": 0.0111365004500481, "sars cov": 0.0110695004235209, "cov": 0.010923543482022, "sars": 0.0107689655368666, "19 lockdown": 0.0105031007532437, "de la": 0.010491230337952, "spatial": 0.010489220619203, "social": 0.0104735771687693, "groups": 0.010298559326283, "number": 0.0102851951828938, "results": 0.0101737229852799, "epidemic": 0.0098441944057376, "transmission": 0.009823444303418, "temporal": 0.0097882564613427, "development": 0.0096696984852268, "effect": 0.0094993373544003, "voice": 0.0094938985190324, "trials": 0.0094807100612464, "novel": 0.00945983227994, "time": 0.0094303452715698, "system": 0.0094107542363878, "research": 0.00939121643778, "early covid": 0.0093843991078807, "pandemic response": 0.0092781366110176, "climate change": 0.0091919225815571, "politics": 0.0090581414617378, "students": 0.008944851041965, "breathing": 0.0088819615313557, "uk": 0.0088622068328107, "period": 0.0088519647991572, "indoor": 0.008819978052215, "precision": 0.008789382525145, "disease": 0.0087477497346374, "york city": 0.0087439719920998, "socio": 0.0084136643133316, "epidemiological": 0.0083912957946317, "reproduction": 0.0082790061465751, "disinfection": 0.0082005677025413, "surveillance": 0.0080898622719032, "effect covid": 0.0079993989877487, "de": 0.007975592994838, "spread covid": 0.0079148079618064, "national": 0.007897878500238, "learning": 0.0077791724373536, "power": 0.007774270741444, "event": 0.0076835415667384, "sustainability": 0.007627977048969, "challenges": 0.0075412928892993, "cases": 0.0075013191769863, "association": 0.0073365921704371, "non": 0.0072981021490812, "data": 0.0071992951870008, "evaluation": 0.0071617694329354, "role": 0.0071096682633974, "social distancing": 0.0070020671688291, "control": 0.0069851939048407, "medical": 0.006977960598461, "treatments": 0.0069651955355357, "response": 0.0069491240105034, "new york": 0.0069105876085986, "machine learning": 0.0069015663924928, "york": 0.0068567967885958, "mapping": 0.0068479093854744, "machine": 0.006640948489407, "reconstructive surgery": 0.0066050934265617, "analysis": 0.0065809208230897, "distancing": 0.0065663101115345, "patients": 0.0065141819873284, "modelling": 0.0064611633913501, "randomized": 0.0064373293632859, "improving": 0.0061924720068357, "hospitals": 0.0061265077206566, "obstructive pulmonary": 0.0060303137134294, "impact covid": 0.0059911020181652, "de covid": 0.0059561804702074, "chronic obstructive": 0.005938115229042, "food": 0.0059218329631283, "int health": 0.0059202297445012, "africa": 0.0059149789043664, "interventions": 0.0059081378885405, "royal society": 0.0058849839806104, "modeling": 0.0058741267291644, "scale": 0.0058741267291644, "reconstructive": 0.0058676169240978, "to": 0.0058673629402798, "19 infection": 0.0058538734207684, "dynamics": 0.005840434329485, "2nd": 0.005816500407466, "environmental science": 0.005816500407466, "10": 0.0057477416470824, "novel coronavirus": 0.0057346928025136, "food security": 0.0057184319227319, "indian": 0.0057152079161589, "pediatric": 0.0056637586983965, "design": 0.0056573790113067, "change": 0.0056446535016235, "knowledge": 0.0055568143354915, "vaccines": 0.0055321066593215, "finance": 0.0055084879994111, "university": 0.0054953606555901, "performance": 0.0054892726732179, "prevalence": 0.0054710703420179, "measures": 0.0054409364461179, "pulmonary disease": 0.0054255128203432, "une": 0.0054120485149458, "emerging": 0.0053991688906055, "saharan africa": 0.0053722503644685, "coronary artery": 0.0053461995263723, "science": 0.0052085484334156, "supply chain": 0.0051973578715483, "knowledge attitude": 0.0051854932980036, "mortality": 0.0051638206062771, "implications": 0.0051306361915852, "outcomes": 0.0051306361915852, "sub saharan": 0.0051159048773439, "saharan": 0.0050932948136161, "les": 0.0050599041995861, "emerging infectious": 0.0050379834844251, "evidence": 0.0050168452187878, "metal": 0.0050055956466364, "scan": 0.0049528799516377, "migrant": 0.0049425198286296, "students covid": 0.00493221907628, "trace": 0.004901666334481, "epicenter": 0.0048617207713357, "risk perception": 0.0048518715611264, "technological": 0.0048420760253536, "analytics": 0.0048226436591632, "addiction": 0.0048034191297501, "pandemie": 0.0048034191297501, "potent": 0.0047843980383278, "bibliometric": 0.0047655761242967, "case fatality": 0.0047655761242967, "wildlife": 0.0047655761242967, "comprehensive review": 0.0047469492595162, "vaccine development": 0.0047102647951057, "abuse": 0.0047012094794009, "course covid": 0.0046743140693995, "university students": 0.0046743140693995, "sci covid": 0.004656604799394, "associated": 0.0046423486857767, "linear": 0.0046390683055088, "northern italy": 0.0045959612907785, "scores": 0.0045705847323643, "heart failure": 0.0045455614553963, "obstructive": 0.0045372971816849, "egyptian": 0.0045290707308689, "infected patients": 0.0045208817583186, "generalized": 0.0045046148928568, "new": 0.004500982395932, "experiment": 0.0044965363337938, "morbidity mortality": 0.0044965363337938, "19 infections": 0.0044725162476302, "agricultural": 0.0044645803567446, "reopening": 0.0044645803567446, "prescribing": 0.0044566793490084, "royal": 0.0044566793490084, "trade": 0.0044566793490084, "employees": 0.0044409807656778, "combining": 0.0044254181025231, "identified": 0.0044099890261075, "time series": 0.0044099890261075, "infection": 0.0043962455227781, "peru": 0.0043946912625725, "factors influencing": 0.0043870909283488, "early stage": 0.004364480864621, "young adults": 0.004364480864621, "tobacco": 0.0043570069396499, "images": 0.0043347698350199,