{"19": 0.3886634410371368, "covid 19": 0.3490081539954058, "covid": 0.3486568324160755, "reporting": 0.2620457737368331, "dis": 0.2561905314925263, "lung": 0.2547661333355966, "australia": 0.2385227618766137, "int": 0.2362680997596959, "epidemiology": 0.1972239762986273, "report": 0.177351625512619, "2021": 0.1647082587813975, "dis covid": 0.1352709392954449, "week": 0.1253597291265212, "period": 0.1216918593954282, "2020": 0.1211276320386089, "communicable": 0.0984494763089423, "computing": 0.0969443964028503, "combining": 0.0912572580862794, "23": 0.0829352681533368, "waves": 0.0823525851536807, "2020 covid": 0.0791698215528372, "conference": 0.0727730407467208, "19 int": 0.070111135059258, "making": 0.0698416501641622, "march 2020": 0.0650118181520672, "intelligence": 0.0642578002920523, "march": 0.0640119442793911, "systems": 0.0614268634636742, "factors": 0.0568608974859046, "diseases": 0.0544808225006427, "impact": 0.0505459780307919, "human": 0.0497456902465249, "impact covid": 0.0475167222297387, "april 2020": 0.0442353893959344, "august": 0.0436609860335839, "services": 0.0384615233649912, "pandemic": 0.0373524582412836, "tuberculosis": 0.0369628211747011, "april": 0.0359874808401922, "february": 0.0323165724741043, "14": 0.0305143937263937, "control": 0.0295472423373468, "africa": 0.0281477840378639, "adapting": 0.0276925112331461, "july": 0.027410893513031, "19 pandemic": 0.0266741706682387, "contact": 0.0239257544986363, "co infection": 0.0227676556267375, "tracing": 0.022755723133877, "15": 0.0222433940662005, "india": 0.0216961194245063, "22": 0.0216310969567255, "essential": 0.021068317899203, "community": 0.0201940817147906, "community based": 0.0199217892106582, "experiences": 0.0195520487927991, "co": 0.0187434863297987, "13": 0.0186912938136284, "january": 0.018443343014089, "collaboration": 0.0175911388813522, "publication american": 0.0170433905176758, "social": 0.0166136398803155, "society": 0.0164351552019086, "american": 0.016382149971655, "mortality": 0.016382149971655, "19 era": 0.0159419605769782, "12": 0.0157614536846067, "june 2020": 0.0151187248206622, "coinfection": 0.0147451297986448, "review": 0.014682137216801, "topics": 0.0145536620111946, "tackling": 0.0145001173070829, "pandemic int": 0.0143165737222179, "based": 0.0143086612068672, "september": 0.0141889963857917, "contacts": 0.0140889505022951, "28": 0.0139420976892707, "recovery": 0.0138013048252897, "patients": 0.0137774352746161, "cultural": 0.0137519977831105, "complement": 0.0137286747686336, "infection covid": 0.0137286747686336, "10": 0.0136759735920683, "lives": 0.0133898145501536, "wearing": 0.0133898145501536, "mitigate": 0.0133461172551784, "face masks": 0.0133027522622394, "wave covid": 0.0133027522622394, "need": 0.013295746388958, "adults": 0.0132808833033146, "second wave": 0.0132383168976687, "investigation": 0.0129174597546091, "official publication": 0.0128662848382732, "app": 0.0128264072695379, "preparing": 0.0127671089630307, "era": 0.0126512296336836, "strategy": 0.0125415652644573, "contact tracing": 0.0124982559163467, "older adults": 0.0124608625424189, "25": 0.0124422574065335, "21": 0.0123868034613564, "june": 0.0121879650608644, "measuring": 0.0121879650608644, "18": 0.0120823607633883, "measure": 0.0120475895026642, "sustainable": 0.0120130289781475, "testing": 0.0119115601040562, "17": 0.0119105866586783, "german": 0.0117933511533031, "online": 0.0117610511716036, "30": 0.0117602932688948, "urgent": 0.0116947469255064, "global": 0.0116744619644234, "manage": 0.0116460769080967, "11": 0.0115978187716531, "threat": 0.0115658720825503, "distance": 0.0115341033703546, "20": 0.0114398455368921, "academy": 0.0113624702779986, "opportunity": 0.0112257867122576, "publication": 0.0111958524225724, "management": 0.0111378167920567, "social distancing": 0.0111069809756676, "risk": 0.0110116029126008, "new scientist": 0.0109724394557939, "treatment": 0.0109435359462372, "interactions": 0.0108483864339239, "affect": 0.010574176440777, "planning": 0.0105608060499146, "burden": 0.0105076357897378, "infection": 0.0104602714188243, "mobile": 0.0104418626373727, "distancing": 0.0104157643351119, "modelling": 0.0102489760720771, "korea": 0.0101861036701283, "mask": 0.0101239169132722, "practical": 0.0100379792618058, "masks": 0.0099894473170367, "older": 0.0099894473170367, "mental": 0.0098345117715785, "risk factors": 0.0097527963842814, "19 outbreak": 0.0096153808412478, "wave": 0.0096040776282498, "key": 0.0093717431648993, "second": 0.0093501018900053, "hiv": 0.0093393119736539, "face": 0.0091798662903877, "official": 0.0091693934332836, "people": 0.0089840983522559, "chinese": 0.0088936608235859, "scientist": 0.0086493838137062, "test": 0.0085832457407769, "positive": 0.0085268782067874, "distance learning": 0.0085009589161999, "healthcare": 0.0083792332191294, "influenza": 0.0083338672750876, "mitochondrial": 0.0083014905716308, "outcomes": 0.0081384364358415, "european": 0.0080862793427516, "children": 0.0079157892424717, "learning covid": 0.0078400381465677, "services covid": 0.0078400381465677, "review covid": 0.0077752345719435, "stigma": 0.0077752345719435, "outbreak": 0.0077096037639897, "high": 0.0076211916194967, "data": 0.0076132217103163, "evaluation": 0.007573538397141, "viral load": 0.0075593624103311, "role": 0.0075184416488127, "architecture": 0.0074860618555787, "workers covid": 0.0074145986022865, "medical": 0.0073791613959457, "hearing": 0.0073725648993224, "associated": 0.0073638937319649, "workshop": 0.0072903120451097, "use": 0.007280644529509, "december": 0.007236766160724, "19 diagnosis": 0.0072235353502296, "new": 0.0071396524252126, "study int": 0.0071198426668423, "component": 0.0070568989507395, "impacts covid": 0.0070075256902667, "parallel": 0.0069953148170199, "multiple sclerosis": 0.0069710488446353, "rationale": 0.0069589928666512, "rethinking": 0.0069589928666512, "disease": 0.0069380289805736, "cov": 0.0069309583422339, "health": 0.0069309583422339, "study": 0.0069168433125262, "basis": 0.0068643373843168, "designing": 0.0067391133473233, "poland": 0.0067279974090908, "decrease": 0.0067169246396593, "16": 0.0066949072750768, "threats": 0.0066949072750768, "disability": 0.0066513761311197, "real world": 0.0065557950735311, "cov pandemic": 0.0065453700727209, "24": 0.0065143218398367, "responding": 0.006504047109636, "times covid": 0.006504047109636, "sclerosis": 0.0064633144948208, "transformation": 0.0064532216186352, "well being": 0.0063835544815153, "being": 0.0063737395508416, "smart": 0.0062868932062419, "load": 0.0061659417956817, "vulnerability": 0.0060586726730322, "chem": 0.0060499131130083, "nigeria": 0.0059384220697866, "one": 0.0058801466344474, "estimating": 0.0058473734627532, "amid": 0.0057989093858265, "erratum": 0.0057591425690234, "asthma": 0.0057433898519083, "well": 0.0057433898519083, "on": 0.0057277236886206, "country": 0.0056735602096135, "source": 0.0056582720520995, "storm": 0.0056506586041974, "disease covid": 0.0056279394836317, "taiwan": 0.0056128933561288, "utility": 0.0056128933561288, "routine": 0.0055756217855863, "assess": 0.0055242468002443, "mental health": 0.0055242468002443, "onset": 0.0054382734161695, "communities": 0.0054312246250759, "video": 0.0053072383717116, "centre": 0.0051435174807253, "nature": 0.0051435174807253, "pcr": 0.0051435174807253, "teaching": 0.0051055847543433, "activities": 0.0050930518350641, "technologies": 0.0050930518350641, "focus": 0.0050743551481002, "quantitative": 0.0050496154306709, "impacts": 0.005037325607569, "risks": 0.005037325607569, "exploring": 0.0050068308297685, "elderly": 0.0050007708178269, "issues": 0.0049886892974401, "opportunities": 0.0049706624647129, "loss": 0.0049646787593788, "acta": 0.0049468026221695, "urban": 0.0049290378634849, "improving": 0.0049113831040112, "pandemics": 0.0048763981921407, "reply": 0.0048475684768997, "learned": 0.0048418373502561, "resource": 0.0048247127669764, "patients covid": 0.0047683624240671,