{"molecule": 0.3666012524564477, "extracellular": 0.344825280726964, "concepts": 0.3210380138896652, "implication": 0.3193752384831484, "chem": 0.2781338531728248, "immunol": 0.2529679447906328, "inhibitors": 0.2490450474277981, "structure": 0.2458633288370564, "biol": 0.2287929180707589, "small": 0.2194736383388185, "cell": 0.2039774912353094, "cross": 0.1907389502643971, "current": 0.1860751195504751, "challenges": 0.1833154308794651, "development": 0.1762898918972929}