{"assembly": 0.5372216168880458, "signal": 0.443784104036028, "lead": 0.42483062034593, "target": 0.3644820474607803, "ther": 0.349978054251185, "different": 0.2804206589946217}