{"gynaecology obstetrics": 0.6932241947959769, "gynaecology": 0.4228454915088779, "obstetrics": 0.3259715356868523, "international": 0.1987790351569257, "revue medicale": 0.1935437602093254, "federation": 0.1841126063434187, "suisse": 0.167348999171887, "medicale": 0.1560972260404287, "organ": 0.1323037615471552, "revue": 0.1223513375129489, "official": 0.1167632679842155, "covid": 0.0740781406376828, "19": 0.0712763167513512, "covid 19": 0.0708933218749245, "women": 0.0331914186531183, "pregnant": 0.0222135195302551, "pandemic": 0.0214062586349047, "19 pandemic": 0.0211392620437168, "pregnant women": 0.0206425394890827, "women covid": 0.019525611903571, "update": 0.0168531055193643, "pandemic international": 0.0148166189794282, "pregnancy": 0.0147205245807145, "19 international": 0.0128207390056737, "health": 0.0122339185437787, "clinical medicine": 0.0119149882903999, "laparoscopic": 0.011740424595587, "clinical": 0.0115000928073253, "medicine": 0.0114225856042456, "review": 0.0111066935514782, "trans": 0.0101959633876388, "contemporary": 0.009526178759742, "postpartum": 0.0092777952276766, "une": 0.0086589590111088, "de": 0.0085069861736425, "biol sci": 0.0083731780496807, "2020": 0.0083300201636086, "molecular": 0.0081575632435425, "maternal": 0.0080194174642949, "sars cov": 0.0079697470521946, "cov": 0.0078646619210006, "sars": 0.0077533698955611, "review international": 0.0077005257624028, "issues": 0.0075476536463373, "soc": 0.0073865392318051, "sci pollut": 0.0072982640739279, "outcomes": 0.0071826263781665, "european": 0.0071365948196984, "cervical": 0.0070312473001684, "pollut res": 0.0069275243312553, "experts": 0.0069002332587436, "violence": 0.0068425989377345, "19 vaccine": 0.0065742852442367, "surgery": 0.006493024735578, "impact": 0.0063728084446876, "sci": 0.006352498154888, "study": 0.0061045019669136, "les": 0.0060716616282207, "impact covid": 0.0059908815792442, "lond": 0.005873323271908, "ovarian": 0.0057638908690703, "laparoendoscopic": 0.0056632267525231, "literature": 0.005531903108853, "jama": 0.005149674004563, "pathophysiology": 0.0051491356868595, "systematic": 0.0051304474129761, "cancer": 0.0051030268341243, "maladies": 0.0050356755895309, "biol": 0.0050196346645086, "syndrome": 0.0049584650587878, "vaccine": 0.0049427556945704, "dans": 0.0048702141572303, "patient": 0.0048652224132618, "pollut": 0.0047793674340154, "related": 0.004774337280017, "family medicine": 0.0045745772132317, "integrative": 0.0045243269707528, "environ sci": 0.0045123195160036, "italy": 0.0045054125233665, "systematic review": 0.0043815408188323, "med hyg": 0.0043730564216905, "syndrome associated": 0.0043511028932299, "devices": 0.0042517061142212, "res int": 0.0042360072280196, "healthcare": 0.0042257960217009, "cross": 0.0041847442424902, "deaths": 0.0041844728596437, "cross sectional": 0.0041734682833509, "sectional": 0.0041679869785597, "res": 0.0041666854304587, "depression": 0.0041300029883159, "practice": 0.0041087653739501, "19 related": 0.004082129184592, "psychiatry": 0.0040097087321474, "distress syndrome": 0.0039873120748723, "trop med": 0.0039873120748723, "fertility": 0.0039538703773173, "digital health": 0.0039374367334972, "psychological impact": 0.0039131331433997, "site": 0.003895770597113, "environ": 0.0037466387454321, "management": 0.0037446657834081, "hyg": 0.0037393136647062, "respiratory distress": 0.003718115322314, "risk": 0.003702231183826, "care": 0.0036641902010368, "outcome": 0.003619854783814, "port": 0.0036165723321996, "trade": 0.0035652122945821, "brazil": 0.003561217207817, "africa": 0.0035488567598092, "communicable": 0.0035464155800854, "to": 0.0035202882325573, "infection": 0.0035168670124983, "precision": 0.0035156236500842, "up": 0.0035041316605735, "patients": 0.0034741025610672, "coronavirus": 0.0034670365713551, "crisis": 0.0034135091585259, "family": 0.0034019646584879, "notes": 0.0033819017116959, "medicine covid": 0.0033220926745275, "following": 0.0033007539255169, "amid covid": 0.0032957079309021, "related covid": 0.0032852881158643, "sectional study": 0.0032852881158643, "times covid": 0.0032801063870747, "fetal": 0.0032494021276026, "single": 0.003232275403395, "endoscopic": 0.0032292909160923, "sexual": 0.0032243067579547, "care covid": 0.0031515461348493, "contact tracing": 0.0031515461348493, "cardiology": 0.003137425613687, "person": 0.0031188113966861, "task": 0.003114195250882, "trop": 0.0030958774466922, "vulnerable": 0.0030913342259047, "perspective": 0.0030848846869446, "int": 0.0030815740304626, "tumor": 0.0030777900612487, "survey": 0.0030749679233856, "vaccination": 0.0030585406370136, "associated covid": 0.0030466744815097, "muscle": 0.0030291918566331, "questions": 0.0030291918566331, "female": 0.0030033601167384, "engagement": 0.0029906162089529, "experience": 0.0029782300837141, "la": 0.0029696241838267, "diseases": 0.0029438191797867, "french": 0.002936661635954, "adherence": 0.002928537726305, "amid": 0.0029244929186224, "non": 0.0029191334479571, "outbreak": 0.0029160675024876, "single port": 0.0029028561770588, "hospital": 0.0028977627905785, "tracing": 0.0028690287576234, "role": 0.0028437626670072, "treating": 0.0028420788461876, "opportunity": 0.0028306817335518, "respiratory": 0.0028201898392083, "med": 0.0028143366679784, "des": 0.0028081549827663, "attitudes": 0.0027896485730958, "physician": 0.0027896485730958, "organization": 0.0027859757021767, "treatments": 0.0027859757021767, "mexico": 0.0027823121889006, "distress": 0.0027713773211239, "fight": 0.0027605249814376, "use": 0.0027538186863547, "res public": 0.0027305400018493, "perceptions": 0.0027249308822741, "cov infection": 0.0027144222251512, "new": 0.0027004900710287, "perception": 0.0026970766808881, "adverse": 0.0026833493386081, "anxiety": 0.00265293374245, "int environ": 0.0026419401584815, "oncology": 0.0026068634527343, "assisted": 0.0026036285173248, "acute respiratory": 0.0026004008432804, "telemedicine": 0.0025907610651682, "meta analysis": 0.0025843702627238, "quarantine": 0.002555958024094, "pand\u00e9mie": 0.0024920039703958, "advances": 0.0024887814350839, "cost": 0.0024798594115288, "school": 0.002462179743935, "scientific": 0.002462179743935, "infectious diseases": 0.0024505129198264, "action": 0.0024360612586536, "19 outbreak": 0.0024246036029479, "services": 0.0024246036029479, "psychological": 0.0024189088304231, "contact": 0.0024132365225426, "low middle": 0.0024120367326952, "meta": 0.0024019585966269, "health online": 0.0023896837170077, "royal society": 0.002353906978495, "access": 0.0023468588217049, "times": 0.0023441584862952, "infected sars": 0.0023132000268078, "reproductive health": 0.0023001275922865, "delivery": 0.0022990120649827, "pre": 0.0022990120649827, "digital": 0.0022911901335477, "internet res": 0.0022746748779664, "pour": 0.0022684500417519, "group": 0.0022401038305937, "mesh": 0.002238109502224, "real": 0.0022350936227965, "year": 0.0022350936227965, "in": 0.0022301008115891, "diabetes covid": 0.0022263229416721, "knowledge": 0.0022226439503677, "recommendations": 0.0022201668986215, "workers": 0.0022152255597965, "middle income": 0.0022033141271907, "gastroenterology hepatology": 0.0021976751642328, "status": 0.0021907704094161, "med internet": 0.0021647397527772, "stem cells": 0.0021435922255218, "impact sars": 0.0021281300362231, "de la": 0.0020981688639144, "infectious": 0.0020855947566967, "income countries": 0.0020788666551823, "segment": 0.0020741210003843, "mortality": 0.0020654522426671, "cancer covid": 0.0020462866563058, "depression anxiety": 0.0020462866563058, "study med": 0.0020462866563058, "19 india": 0.0020417505902085, "recent advances": 0.0020327634220429, "forecast": 0.0020194898618058, "diagnosis": 0.0020152233724181, "prevention": 0.0020152233724181, "health crisis": 0.0020151192459662, "sectional survey": 0.0020151192459662, "minimally invasive": 0.0020107750388427, "19 social": 0.0019978977257955, "knowledge attitudes": 0.0019936560374361,