{"xue": 0.5725983125993253, "da xue": 0.3904032769242972, "xue xue": 0.3837660524730571, "xue bao": 0.2644773950131032, "bao": 0.2519713879419153, "yi": 0.2286764960702884, "yi xue": 0.195203202591336, "zhejiang": 0.191645561554292, "ban": 0.1912441600324315, "da": 0.1723566998890104, "nan": 0.1092014664864146, "university medical": 0.0727604263652734, "ke": 0.0641630636093043, "university": 0.0563283948296731, "medical sciences": 0.0538356680040448, "19": 0.0517148255616332, "covid": 0.0509150676488222, "covid 19": 0.0484888398897242, "medical": 0.0464712401362538, "sciences": 0.0399816583061609, "zhong": 0.0243666166982184, "southern": 0.0183688934065342, "patients": 0.0181075225102002, "beijing": 0.013648479212293, "diagnosis treatment": 0.0132202188109133, "disease": 0.0129179749861935, "clinical": 0.0126796447255868, "analysis": 0.0121953579818867, "diagnosis": 0.0118165885088104, "treatment": 0.0115862746798954, "ct": 0.0115717842610825, "coronavirus disease": 0.0110158772927258, "coronavirus": 0.0109177106894466, "prevention control": 0.0106499727015604, "disease 2019": 0.0102203747676892, "severe": 0.0098755690323771, "patients covid": 0.0094005046885979, "prevention": 0.0091906799512969, "2019": 0.0091529742416379, "health sciences": 0.0089670238077917, "control covid": 0.008827975721725, "nucleic acid": 0.0086085403071273, "edition": 0.0085888520124061, "control": 0.008494849130831, "nucleic": 0.0081731398809055, "management": 0.0081323904008716, "disease 19": 0.0080595339840597, "imaging": 0.0078429295817735, "province": 0.0077030843317724, "traditional chinese": 0.0075976664670689, "chinese medicine": 0.0074304362739726, "chest ct": 0.0072672570517362, "health": 0.0072115115291066, "sars": 0.007109462167975, "acid": 0.0068618091461116, "virus disease": 0.0066982894457738, "dynamic": 0.0065565761659736, "epidemic": 0.0064134337544016, "patient": 0.0063395598443563, "respiratory syndrome": 0.0063215990602237, "ill": 0.0062818010285018, "based": 0.0058767832993275, "mobility": 0.0057081956158401, "severe acute": 0.0055589979494162, "critically ill": 0.0055168682909589, "lymphocyte": 0.0053818490415464, "chinese": 0.0053573825723712, "corona virus": 0.0053536463897081, "ill patients": 0.0053168690725697, "critically": 0.0053085618923087, "type": 0.005274319943838, "application": 0.0051647115738763, "virus": 0.0049769065967147, "traditional": 0.0048983281018674, "metabolism": 0.0048790444298774, "chest": 0.004858632736482, "characteristics": 0.0048450660376476, "moderate": 0.0048199610805342, "cases": 0.0047784631263458, "neutrophil": 0.0046211070929923, "sars cov": 0.0046154965078995, "data": 0.0045860689000282, "early": 0.0045669319947156, "cov": 0.0045546388604884, "progress": 0.0045403945319097, "acute": 0.0045242598233641, "acute respiratory": 0.0045178878072403, "colon": 0.0045147300744981, "infarction": 0.0045108592864569, "features": 0.0044378877039468, "cancer": 0.0044329517069426, "corona": 0.0044328823451279, "19 patients": 0.004378403827822, "experience": 0.0043119343879674, "anxiety depression": 0.0042231759910778, "central": 0.004222394299987, "ratio": 0.0042143993734825, "development": 0.0041998338041688, "19 based": 0.0041892313180516, "study": 0.0041665829801017, "mechanism": 0.0040896601600938, "critical": 0.0039939310743103, "population": 0.0039768717913796, "china": 0.0038807409491706, "syndrome": 0.0038766350196837, "south": 0.0037935968140584, "journal": 0.0037062638708954, "treatment covid": 0.0036884801404478, "severe covid": 0.0036786445684873, "respiratory": 0.0036748088246432, "19 clinical": 0.003660272224858, "complicated": 0.0036424275339051, "mining": 0.0035900854216839, "impact": 0.0035588565783834, "critical covid": 0.0034934829584313, "19 epidemic": 0.0034831964922571, "treated": 0.0034095397787895, "medication": 0.0033420593182038, "medicine": 0.0033075644447875, "effect": 0.003300672772717, "positive": 0.0032686431713493, "tumors": 0.0032421383443258, "changes": 0.003116395204747, "corticosteroids": 0.0031136114005374, "patients coronavirus": 0.0031025572153805, "treating": 0.0030861091568792, "viral": 0.0030635599837656, "value": 0.0030580414794395, "infection": 0.0030550694975563, "children": 0.0030343919340433, "follow up": 0.002997552806966, "observation": 0.0029970840637269, "depression": 0.0029897458233849, "team": 0.0029897458233849, "cov antibodies": 0.0029721652302188, "fever": 0.0029550895519154, "pediatric": 0.002951923923153, "glucose": 0.0029282177798864, "anxiety": 0.0028807234275541, "model": 0.0028641328106338, "blood": 0.002860982642034, "status": 0.0028546526625136, "clinical features": 0.0028493977555247, "pneumonia": 0.0028140209818321, "ill covid": 0.0027931777915332, "follow": 0.0027890577633775, "care": 0.0027851668024604, "elderly": 0.0027385228197184, "types": 0.0027254523014841, "clinical characteristics": 0.002646617641317, "anesthesia": 0.0026352101212055, "testing": 0.0026092040888673, "section": 0.0025905941366485, "report": 0.0025899019239145, "spike protein": 0.0025868482720675, "diseases": 0.002557268202217, "inactivation": 0.002544257479842, "findings": 0.0025395877819451, "up": 0.0025366720136593, "outbreak": 0.0025331605795741, "myocardial infarction": 0.0025135387908309, "syndrome coronavirus": 0.002508515529048, "2019 covid": 0.0025058759297789, "mucosal": 0.0024985490937977, "measures covid": 0.0024692705835145, "tracheal": 0.0024692705835145, "treatment patients": 0.0024455519475795, "outpatient": 0.0024361861183932, "protective": 0.0024242930618143, "19 covid": 0.0024133234498969, "lung": 0.0024054321694176, "suspected": 0.0023429253000096, "patients treated": 0.0023393815465143, "nurses": 0.0023369486629107, "19 china": 0.0023186999985068, "consensus": 0.0023074870431723, "screening": 0.0023068397036074, "control measures": 0.0022865307923705, "quality": 0.0022671200810124, "ward": 0.0022669719175013, "science": 0.0022622254266489, "experts": 0.0022478130477952, "warning": 0.0022440278463711, "infection prevention": 0.0022327631485912, "intubation": 0.0022290381493378, "stage": 0.0022122168907878, "wuhan": 0.0022095219279935, "patient covid": 0.0021961633349148, "biochemical": 0.0021925807834057, "heat": 0.0021925807834057, "spike": 0.002185456520343, "protein": 0.0021750064652694, "case report": 0.0021723905171497, "signal": 0.0021644031382057, "caused": 0.0021619811671548, "common": 0.0021542306886969, "socioeconomic": 0.002143812505437, "department": 0.0021414191428431, "applying": 0.0021404243061635, "myocardial": 0.0021236647164857, "process": 0.0021087113486345, "exchange": 0.0021039411231847, "hospital": 0.0020977162062115, "syndrome sars": 0.0020953137616108, "patients severe": 0.002091019041376, "tocilizumab": 0.0020782727756658, "factors": 0.0020758781794161, "related": 0.0020737110819644, "processes": 0.0020625800121245, "spread covid": 0.0020625800121245, "trend": 0.0020471457902534, "modeling": 0.0020410444892202, "molecular": 0.0020246854090112, "cerebral": 0.0020170198479107, "response": 0.0020121389840136, "19 patient": 0.0020052355909223, "cities": 0.0019907107096157, "18": 0.0019849632309877, "lockdown": 0.0019416049361325, "lung transplantation": 0.0019289287549781, "health management": 0.0019139983853792, "hepatocellular carcinoma": 0.0018946307130012, "investigation": 0.0018863629681347, "management covid": 0.0018794069473342, "samples": 0.0018794069473342, "19 case": 0.0018768507763677, "supporting": 0.0018666952722816, "damage": 0.0018566486765043, "disease covid": 0.0018491838077015, "hepatitis virus": 0.0018398899400744, "large": 0.001833460951398, "two": 0.0018247219459616, "different": 0.0018235394157527, "hepatocellular": 0.0018226596780848, "outcomes": 0.0017827086829838, "oral health": 0.0017815555463756, "cov infection": 0.0017684949091217, "emergency": 0.0017674985739465, "detection": 0.0017599624137078, "clinic": 0.0017571939750072, "regulation": 0.0017571939750072, "minimally invasive": 0.0017467414792156,