{"pandemi covid": 0.2456479671056538, "la": 0.2421214546361543, "de": 0.2421047826921268, "pandemi": 0.2362536559007493, "covid": 0.230421191070141, "covid 19": 0.2206249658089808, "19": 0.2192962263167732, "en": 0.1931859556512544, "du": 0.1920297376245618, "sars": 0.1881881409873483, "cov": 0.1720693158759931, "sars cov": 0.1689194376665367, "des": 0.1641574446509389, "maladies": 0.1626795462048953, "les": 0.1556726160044276, "le": 0.1496211339833354, "por": 0.1277313892245531, "jurnal": 0.1273390795548614, "di": 0.1258962873842759, "el": 0.1242675059442097, "m\u00e9decine": 0.1149321324870154, "revue": 0.11456839642762, "dans": 0.1048894982652736, "ed impr": 0.1034016008008287, "infecci\u00f3n": 0.1032723634155905, "del": 0.099072780706491, "impr": 0.0956204111078565, "con": 0.0944373170801631, "une": 0.0932437298292531, "infecci\u00f3n por": 0.0855109342164631, "rev": 0.0844001466168888, "coronavirus": 0.0773361127032222, "ed": 0.0765871057996146, "por sars": 0.0762732773757193, "med": 0.0750436676774705, "recomendaciones": 0.0749673426599068, "enferm": 0.0748862068939535, "au": 0.071796153688646, "par": 0.0711703493832982, "un": 0.0691141097923114, "sur": 0.0689479599681341, "en pacientes": 0.0666376379199172, "para": 0.0658131408812588, "pacientes": 0.0642368029891439, "clin": 0.0619598276879997, "canadienne": 0.0611679148184175, "pacientes con": 0.0588074695569676, "paciente": 0.0550008909945446, "coronavirus sars": 0.0548567698970541, "barr\u00e9": 0.0513092668187078, "guillain barr\u00e9": 0.0513092668187078, "canadian": 0.0512408444925922, "pour": 0.0488554669338234, "patients": 0.0480995549842675, "infection": 0.0459865453584604, "guillain": 0.0452938270239732, "de la": 0.045188131837093, "pandemia": 0.0449978405213442, "dan": 0.0441141163109132, "cov pandemic": 0.0406241566806644, "sars cov2": 0.0401024560045546, "la pandemia": 0.0398686011102983, "cov2": 0.0394549723968838, "por covid": 0.0388689350066413, "infect": 0.0388152840397368, "renal": 0.0377758779353876, "microbiol": 0.0373892955729109, "pandemic": 0.0368820204691569, "durante": 0.0362113911753786, "confinement": 0.0350457037288376, "pandemia por": 0.0329072022920077, "cov covid": 0.0321164025488222, "en la": 0.0318948808882386, "inf": 0.0309996409999898, "infections": 0.030836778083414, "pand\u00e9mie": 0.0306686479651106, "respir": 0.030563819345305, "medicine": 0.029286608698392, "esp": 0.0291519888453692, "management": 0.0288030832872474, "pharmacists": 0.0282797969672667, "articles": 0.0279696774902703, "recommendations": 0.027323197653975, "barc": 0.025821789621196, "cmaj": 0.0257594896997589, "la pand\u00e9mie": 0.0256532802649389, "intensiva": 0.0254101729532451, "nursing": 0.0250409629482591, "durante la": 0.0245806085296221, "canada": 0.0239426179542046, "pediatr": 0.0237368426062992, "new zealand": 0.0219382156052613, "zealand": 0.0218994927306903, "france": 0.0206659907992062, "mex": 0.0198824845318519, "comparative": 0.0197808177697392, "law": 0.0196586658565308, "tocilizumab": 0.0196287228069148, "sci": 0.0195447651694881, "new": 0.019386762024283, "biol sci": 0.0193213513856825, "place": 0.0190502055140482, "media": 0.0190289766000182, "arch": 0.0188487656332298, "disease": 0.0188392807875315, "study": 0.0187817539668546, "descriptive": 0.018533576173485, "cardiol": 0.0183247602824334, "syndrome": 0.0183068832724745, "pac": 0.0182093118610643, "manage": 0.0180704852351044, "hospital": 0.0178311246624005, "rev med": 0.0178047692177376, "pharm": 0.0175119795912409, "ethics": 0.0173719002109498, "2020": 0.0170860118319023, "diarrhea": 0.016751295534493, "cov infection": 0.016702954858979, "paris": 0.0164246195480177, "em": 0.0159764410364447, "en el": 0.0158294579493347, "spain": 0.0158245617375328, "19 en": 0.0155475740026565, "la covid": 0.0154932901147519, "coronavirus 2019": 0.0154556938198554, "european association": 0.015439664229579, "vaccine": 0.0152074029751894, "las": 0.0151808722520459, "patient": 0.0149688559124357, "barr\u00e9 syndrome": 0.0149363856654894, "19 pandemic": 0.0147816547710448, "diabetes": 0.014558382188011, "sobre": 0.0145277185818591, "model": 0.0144915845023838, "formation": 0.0142041798017219, "ace2": 0.0141628331132128, "cir": 0.0141139516920634, "digital": 0.0140986339632015, "care": 0.0140920420733415, "questions": 0.0139798962662423, "infection sars": 0.0138087216154368, "information": 0.0137534490917607, "patients diabetes": 0.0137355946388026, "chronic": 0.0136311927396173, "associated sars": 0.0134887691246956, "syndrome associated": 0.0133870616256729, "epidemiol": 0.012925502981256, "comment": 0.0128068462970207, "int": 0.0126414604793845, "bmc infect": 0.0126197317771702, "cancer": 0.0125604080403942, "community": 0.012533554718668, "stent": 0.0124810344823255, "med clin": 0.0123465535701635, "testing": 0.0123216125444932, "infection patients": 0.0123201410656904, "diseases": 0.0120763523614396, "association": 0.0120382410488899, "centre": 0.0119713089771023, "zika": 0.0118461244724603, "2019": 0.0117882763263519, "factors": 0.0117636638968037, "acute": 0.011653747418497, "19 medical": 0.0116381659166401, "biol": 0.0115829526859783, "acta": 0.0115134638621623, "medical": 0.011449780737768, "lockdowns": 0.011439545368744, "associated": 0.0114260908635969, "infectious diseases": 0.0113092593799378, "case": 0.0112504101211486, "american society": 0.0110277057633868, "saliva": 0.0109304692918883, "cardiopulmonary": 0.0108353240902744, "28": 0.0108165381539423, "prospective": 0.0107811806881327, "health": 0.0107543322422495, "looking": 0.0107421820951058, "infection covid": 0.0106509606909631, "features": 0.0104786614886345, "family": 0.0104668429244457, "2019 ncov": 0.0104566584268249, "sciences": 0.0103614124662012, "anti": 0.0103150868188205, "igg": 0.0102871326535803, "iii": 0.0102705319535817, "urol": 0.0102539933124194, "market": 0.0102047451449559, "summary": 0.0101722149884012, "resuscitation": 0.0100919209267277, "medica": 0.0100444348032947, "decisions": 0.009997452966808, "test": 0.009988562027279, "ncov": 0.0099509648189976, "2016": 0.009844355290267, "large": 0.0097405546002882, "obstet": 0.0096963789086727, "urology": 0.0096818498927947, "social": 0.0096668776273664, "survivors": 0.0096529342254222, "revista": 0.0096385469562916, "infectious": 0.0096251408731986, "industry": 0.0095531922568392, "implications": 0.0094709250555738, "rapid": 0.0094203060302956, "european": 0.0094102283942845, "plus": 0.0093872697600232, "diagnosis": 0.0093003728496173, "hosp": 0.0092800140498326, "pharmacy": 0.0091752971762576, "online": 0.0091244417851136, "admission": 0.0091238537901255, "coronavirus infection": 0.0090730017203786, "vitro": 0.009047793211384, "hybrid": 0.0089606776835069, "public": 0.0088968953089392, "associations": 0.0088873486894129, "lab": 0.0087559897956204, "de las": 0.0087541754552643, "research": 0.0086678828649714, "risk": 0.0085430059159511, "innovation": 0.0085267114789688, "treatment": 0.0084901983001172, "team": 0.0084712015743296, "disorder": 0.0084272897363176, "impact": 0.0084031088344833, "pandemia de": 0.0084010670795668, "suspected": 0.0082981103003546, "nurses": 0.0082769424065803, "nutrition": 0.0082663963196825, "infect dis": 0.0082453792665757, "confirmed": 0.0082140397162164, "organ": 0.008060587985707, "vs": 0.0080006672318901, "hydroxychloroquine": 0.0079513458586491, "focus": 0.0078735578087821, "neonatal": 0.0078735578087821, "19 revista": 0.0077466450573759, "issues": 0.0077406354949658, "point": 0.0077033798528344, "cov detection": 0.0076671619912776, "personal": 0.0076025155981407, "cardiovascular": 0.0075844211706321, "bmj": 0.0075754016336473, "soc": 0.0075754016336473, "risk factors": 0.0075664004477169, "pregnancy": 0.0075484528313836, "como": 0.0075407252546973, "resource": 0.0074862034234595, "services": 0.0074597909189864, "solid organ": 0.0074445344181412, "service": 0.0074422697817934, "obstructive pulmonary": 0.0074211263618288, "bmc": 0.0073556900840336,