{"med": 0.3990973508179009, "covid 19": 0.3624226068543469, "covid": 0.3620577819035043, "19": 0.3602398745926993, "19 pandemic": 0.2972956083790735, "pandemic": 0.2649244931220438, "medical": 0.1799088963104896, "conditions": 0.1540207477279052, "health": 0.1520832651484416, "tourism": 0.1435278368760876, "social": 0.1215154996966052, "population": 0.0983638009893991, "elderly patients": 0.07536143512673, "elderly": 0.0731532847917848, "management": 0.0724126484966447, "organizations": 0.0714952593140549, "care": 0.0708564481850879, "russia": 0.070189573300515, "impact covid": 0.0695093704605065, "foreign": 0.0690646827081742, "factor": 0.0669903255064562, "attitude": 0.063832202199773, "development": 0.0560944090263441, "organization": 0.0538739345272896, "impact": 0.0528147768280682, "pandemics": 0.0475559413675658, "services": 0.0468858847755884, "work": 0.0466660733303415, "technology": 0.0431729104690312, "trends": 0.0431729104690312, "university": 0.0425051527487859, "information technology": 0.0414518142138651, "health services": 0.040292559578887, "learning": 0.0401132195478987, "international conference": 0.0401084111713825, "implications": 0.0396841060467866, "relations": 0.0384708734488105, "students covid": 0.0381494024444956, "assessment": 0.0379508267374333, "women covid": 0.0377577426994923, "na": 0.0371531691225357, "employment": 0.0368604635426695, "june 2020": 0.0368604635426695, "role": 0.0366609284289642, "assessment covid": 0.0360175993340182, "2020": 0.0357960337282376, "union": 0.0355485379277751, "assistance": 0.0350947866502575, "med impact": 0.0350311572416651, "google": 0.0349678177174881, "federation": 0.034904765448376, "revue": 0.034289487991372, "directions": 0.0340508039916884, "labor": 0.0337002895904472, "patients": 0.0335903098095568, "russian": 0.0334714284307095, "strategic": 0.0333022214556047, "economics": 0.0332462736879115, "violence": 0.0330797686857061, "wave covid": 0.0324330008380934, "sector": 0.0322239292063884, "youth": 0.031565376157163, "transformation": 0.0314667728962675, "example": 0.0313201669524512, "occurrence": 0.0312716398473035, "subjects": 0.0311270666051102, "well being": 0.0311270666051102, "being": 0.0310792076886255, "comparative analysis": 0.0309366115513147, "context covid": 0.0307954631155214, "spread covid": 0.030609467010292, "june": 0.0297150749890854, "attention": 0.0295857438098556, "demographic": 0.0295001866074832, "promoting": 0.0294151526940249, "domestic": 0.0293728299779023, "april": 0.0292466294002416, "era covid": 0.0287934544169233, "student": 0.028315367144873, "en": 0.0282372601893848, "mobility": 0.0282372601893848, "well": 0.0280055381335172, "collaborative": 0.0278153436282831, "reporting": 0.0277776149714529, "changing": 0.0274425866754642, "conference": 0.0272962379398122, "des": 0.0271514136978715, "deaths": 0.0269724794196317, "vitamin": 0.0268309718213199, "innovation": 0.0267958188278514, "machine learning": 0.0266908900165071, "problems": 0.0259446962278019, "gender": 0.0257805502654783, "machine": 0.0256829849422093, "resources": 0.0256829849422093, "dental": 0.0252994295410728, "modelling": 0.0249876899894487, "activities": 0.0248344028632285, "technologies": 0.0248344028632285, "consequences": 0.0246226011379438, "economic": 0.0243844282639282, "older": 0.0243549415052402, "improving": 0.0239485617996136, "integrated": 0.0238630045972412, "resource": 0.0235259456284219, "process": 0.0234705551108926, "wave": 0.0234153843975822, "psychological": 0.0233878809237069, "small": 0.023278407905259, "health care": 0.0230620144082869, "students": 0.0230620144082869, "period": 0.0228225309490414, "19 infection": 0.0226390768064247, "countries": 0.0220029639611293, "isolation": 0.0220029639611293, "education": 0.02195331033153, "features": 0.02195331033153, "corona": 0.021928549859251, "context": 0.0218054046652222, "region": 0.0216590559295702, "information": 0.0216106133665886, "need": 0.0216106133665886, "knowledge": 0.0214902403071983, "stress": 0.0214902403071983, "effective": 0.0214662902556082, "workers": 0.0214185135711007, "women": 0.0213946866560831, "age": 0.0212055272550084, "primary": 0.0211352507708676, "spread": 0.0209957546021758, "comparative": 0.0207208922428468, "support": 0.0206079509108679, "era": 0.0205630300268455, "self": 0.0204736213488735, "healthcare": 0.0204291317060772, "level": 0.020362663046357, "influenza": 0.0203185264965594, "different": 0.0202965106542551, "state": 0.0202965106542551, "quality": 0.0201869513677606, "current": 0.0197360036799903, "vaccination": 0.0197148905377249, "post": 0.0194847377776292, "prevention": 0.0194847377776292, "vaccine": 0.0191161535591014, "international": 0.0189354621874615, "human": 0.0186589729316831, "factors": 0.0184840901036684, "review": 0.0178980168641188, "use": 0.017750698913465, "case": 0.0176776212077121, "sars cov": 0.0171239281948084, "infection": 0.0170018947961827, "analysis": 0.0169672239515069, "cov": 0.016898140572049, "sars": 0.0166590167153195}