{"neuroradiology": 0.3760755512603644, "molecule": 0.3654203966378573, "extracellular": 0.3437145672844564, "hemorrhage": 0.3384875443363783, "causes": 0.260343248620656, "inhibitors": 0.2482428507866909, "structure": 0.2450713807995364, "ct": 0.2305553372928901, "small": 0.2187666938831653, "value": 0.2132486391849299, "diagnostic": 0.1968806085305679, "non": 0.1768324620748, "development": 0.1757220461978832, "acute": 0.1720873709775844, "clinical": 0.1607634405733974}