{"congress": 0.4918288054600387, "abstracts": 0.4661135208499788, "gastroenterol": 0.4268018264840147, "nutr": 0.3956969405048469, "pediatr": 0.3503615162905538, "world": 0.2816976249246419}