{"bronchitis virus": 0.4786127764216996, "infectious bronchitis": 0.452878374301598, "bronchitis": 0.3576812517730585, "virus": 0.2905301952810979, "porcine": 0.246934739842735, "avian": 0.2361445935348848, "infectious": 0.1708452082463413, "respiratory syndrome": 0.1476110008307536, "reproductive": 0.1352138373219046, "report reactions": 0.117484726214235, "syndrome": 0.1114097813951738, "veterinary": 0.1083386751298253, "reactions weekly": 0.1050442771733122, "respiratory": 0.0946085477857621, "virology": 0.0904814746798176, "epidemic diarrhea": 0.0747635974424854, "porcine epidemic": 0.0737434543941305, "weekly": 0.0732122657526234, "reactions": 0.0657242902298827, "diarrhea virus": 0.0639078432829956, "inc": 0.0635152976751035, "case report": 0.0556033794020433, "publication american": 0.0553219872755477, "american association": 0.0545285832150862, "diarrhea": 0.0467238642879941, "strains": 0.0449675603919083, "report": 0.0441931896844056, "case": 0.0427914774441628, "official publication": 0.0417633126089743, "vet": 0.0411249759909108, "diseases": 0.0390430402980822, "general virology": 0.0385115217212279, "publication": 0.0363411731144752, "diagnostic": 0.0354982146584624, "pigs": 0.0331580649258891, "proceedings national": 0.0330689782830431, "sciences united": 0.0330689782830431, "reverse transcription": 0.0328614593666232, "transcription": 0.0314772922743358, "coronavirus": 0.0304294793981891, "vaccine": 0.0300778871065679, "official": 0.0297633892924365, "laboratory": 0.0285157944204037, "detection": 0.0284507898121356, "replication": 0.0283580098397014, "pathogenic": 0.0282146525558944, "investigation": 0.0279529492067419, "association": 0.0274728182224724, "like": 0.0272439075739004, "reverse": 0.0267851375893002, "american": 0.0265878168823888, "viruses": 0.02562672216737, "academy sciences": 0.0254536433623472, "national academy": 0.0251355897362745, "states america": 0.0250328261719436, "pathology": 0.0249623594084488, "arch virol": 0.0240832426728678, "characterization": 0.023783134881052, "epidemic": 0.023039286937715, "virol": 0.0227618716766076, "strain": 0.0219310582948915, "genetic": 0.0216500851144657, "united states": 0.0213046614130781, "polymerase": 0.0211612830361572, "china": 0.0209114589039424, "states": 0.0201514081953918, "united": 0.0199321563547285, "gene": 0.019332374225796, "characteristics": 0.0189874517001581, "chain reaction": 0.0189062980651983, "polymerase chain": 0.0188653807190136, "isolates": 0.018824710609058, "disease": 0.0184258576273493, "genomic": 0.0181948513978165, "novel": 0.0177117827054019, "variant": 0.0174493426432187, "live": 0.0173515089432194, "induces": 0.0171466720837139, "swine": 0.0169596910957188, "emergence": 0.0168100273579937, "identification": 0.016216067587397, "microbiol": 0.0158013320890583, "spike": 0.0157018414129646, "transmissible": 0.015673198981349, "vaccines": 0.0155367666392122, "type": 0.0155022492583137, "cells": 0.0153869794971428, "research": 0.015385398225645, "general": 0.0152807176484349, "nucleocapsid": 0.0148013172971622, "pathol": 0.0145774199613344, "gastroenteritis": 0.0144321842556179, "phylogenetic": 0.0143360258808479, "vaccination": 0.0143169030014821, "viral": 0.0141497666567224, "proceedings": 0.0141187923860105, "isolated": 0.013920226873818, "vitro": 0.0137654871228768, "molecular": 0.0136375779388849, "academy": 0.0134116386479729, "glycoprotein": 0.0133839870964601, "sciences": 0.013136710663956, "reaction": 0.0130927477259335, "archives": 0.0129050556916445, "rna": 0.0128380811816547, "animal": 0.0126572651561279, "efficacy": 0.0126500741672343, "new": 0.012640883019666, "chain": 0.01260878319824, "america": 0.0124811797042244, "infection": 0.0123467324443203, "national": 0.0123227614481174, "science": 0.0121900520185284, "sequence": 0.0118534537329716, "protein": 0.0117200707055727, "assay": 0.011681666047948, "binding": 0.0114793446811286, "arch": 0.0114707502501224, "genes": 0.0113723125013154, "2009": 0.0113371335294088, "genome": 0.0113371335294088, "2014": 0.0112848205012736, "nucleocapsid protein": 0.0112205289019613, "commercial": 0.0111479128009211, "dna": 0.0110641934354166, "cellular": 0.0108847568316432, "infected": 0.0107738300835058, "challenge": 0.0106885507906363, "based": 0.0105557258318178, "region": 0.0104858339522256, "cell": 0.0104740974493057, "protective": 0.0104506856597223, "cov vaccine": 0.0104487993208993, "protection": 0.0103118996558073, "sci": 0.0099119275818449, "apoptosis": 0.0098908352093506, "ifn": 0.0098444145925602, "different": 0.0098261826933803, "host": 0.0098066001659204, "variation": 0.009666187112898, "fever": 0.0095541394592012, "macrophages": 0.0095362505722873, "antiviral": 0.009337239947871, "cystic": 0.009158607698056, "inactivation": 0.0091398586726303, "ii": 0.00906181735467, "acute": 0.0088651180610946, "safety efficacy": 0.0088021434511367, "medical": 0.008709958639815, "field": 0.0087060899786274, "review": 0.008664995996204, "recombinant": 0.0085262661646498, "false": 0.008329577669905, "combining": 0.0082857752117503, "neutralizing": 0.0082568871257111, "plos": 0.0082296821388223, "experimental": 0.0082202197892114, "causing": 0.008199844381135, "cov": 0.0081809242617062, "vector": 0.0080208625853578, "virus infection": 0.0080074810911491, "poland": 0.0079413602735617, "dis": 0.0078205162652642, "egypt": 0.0077877773652987, "domain": 0.0077628480560534, "proteins": 0.0077013209062194, "2015": 0.0076891493147982, "determination": 0.0076770215850629, "detect": 0.00753479867503, "medical pharmacological": 0.0075297839354591, "exposed": 0.0074886960176484, "artery": 0.0074207049908661, "california": 0.0074207049908661, "natl acad": 0.007374345439413, "antigen": 0.0073650765944343, "res": 0.007314031211117, "vivo": 0.0072887099806672, "pharmacological sciences": 0.00727816379442, "industry": 0.0072672054898661, "sub": 0.0071513259519275, "mrna": 0.0071204028428544, "retrospective study": 0.0069503443694991, "membrane": 0.0069019199173654, "assessment": 0.0068899482878968, "accuracy": 0.0068447155708417, "2018": 0.0068352753364342, "diversity": 0.0068352753364342, "advances experimental": 0.0068295022289355, "linked": 0.0068258615083112, "translational": 0.006797776994626, "reports reactions": 0.0067940752218981, "derived": 0.0067606918660952, "european review": 0.0067593787209193, "highly": 0.0067058193239864, "evaluation": 0.0067045429680253, "pathway": 0.0066607658886369, "sleeve gastrectomy": 0.0066273329108387, "time": 0.0066212151552021, "nationwide": 0.0064525278458222, "tissue": 0.006444124741932, "mediated": 0.0063448907805025, "acad sci": 0.0063364867353193, "sleeve": 0.0063099866493761, "sars cov": 0.0062176763928842, "real time": 0.0061470993581146, "line": 0.0060937390341215, "pcr": 0.0060711268010613, "sars": 0.0060488676302034, "veterinary record": 0.0060208106682169, "activities": 0.0060115599122435, "kidney": 0.0059530290220055, "plasma": 0.0059385539830903, "caused": 0.0058249417985137, "gastrectomy": 0.0057933492732695, "japan": 0.0057695423358842, "major": 0.0056547618970277, "natural": 0.0056217347295181, "experimental medicine": 0.0055422664851584, "patterns": 0.0055245545022683, "antiviral activity": 0.0054769098944372, "spike glycoprotein": 0.0054769098944372, "evolution": 0.0054738500951937, "medicine biology": 0.0054295061771972, "factor": 0.0054053558624656, "epithelial cells": 0.0053683095902754, "injury": 0.0053624834182333, "pulmonary": 0.0053442753953181, "retrospective": 0.0053382278800168, "change": 0.0052842837647368, "italy": 0.0052724127070683, "acute lung": 0.0052662952854399, "review medical": 0.0052662952854399, "real": 0.0052311906877349, "effective": 0.0051962549965827, "lung": 0.0051846898946188, "performance": 0.0051388228629013, "age": 0.0051331331889179, "india": 0.0051217826170806, "multiple": 0.0051217826170806, "primary": 0.00511612165467, "equine": 0.0051046298647606, "epitope": 0.0050918334481135, "regulates": 0.0050918334481135,