{"fortschr med": 0.4496329338659919, "mmw fortschr": 0.4496329338659919, "mmw": 0.4431472528280691, "fortschr": 0.4074825233804556, "plast reconstr": 0.207145021890657, "reconstr": 0.1867078235769889, "der": 0.1704448390748117, "plast": 0.158502850390885, "med": 0.1509570208772555, "glob": 0.0983378682508636, "die": 0.0961272531436195, "surg": 0.0795363527863866, "plastic": 0.070300430297178, "open": 0.0680202439839333, "covid": 0.0550549167054216, "covid 19": 0.0532100340423182, "corona": 0.0528917540623313, "19": 0.0528895704295331, "bei": 0.0514721082300644, "coronavirus": 0.0505344881742713, "plastic surgery": 0.0501570938508594, "des": 0.0491169926295851, "disease 2019": 0.046211225055261, "coronavirus disease": 0.0437174129505203, "und": 0.0433072830869169, "mit": 0.0370385492644014, "disease": 0.0367199690347184, "2019": 0.0357415860793703, "surgery": 0.0353324110238154, "zur": 0.0349089387205874, "auf": 0.0318287815028547, "pandemie": 0.0313647598116351, "von": 0.0287457386224576, "berl": 0.0274906335031641, "f\u00fcr": 0.0242407509099078, "reconstructive": 0.0218934995522165, "das": 0.0189210006603094, "reconstructive surgery": 0.0184839022188313, "2019 pandemic": 0.0175751385130387, "hiv": 0.0164763050831088, "pandemic": 0.0159749746622979, "den": 0.0158708397029503, "surgeons": 0.0144611245743817, "sars cov": 0.0123908959480792, "cov": 0.0122275157406789, "sars": 0.0120544854176285, "patient": 0.0113462442958694, "procedures": 0.0095445802505581, "patients": 0.0081019967883333, "man": 0.0080733225499867, "homes": 0.007698176946669, "2009": 0.0075310685769555, "era": 0.0074397171764922, "reconstruction": 0.0074278785956956, "facial": 0.0073718938265398, "med covid": 0.0071360937927313, "x000e4": 0.0071179360950655, "15": 0.0065402559944528, "awareness": 0.0065057733277907, "care": 0.0064089768621115, "clinic": 0.0062898852933493, "gastrointestinal": 0.0062499156928181, "overview": 0.0057902316454607, "experiences": 0.0057489160125634, "update": 0.0056147617320356, "19 pandemie": 0.0055224526812555, "importance": 0.0054417681447744, "considerations": 0.0054230861477953, "training": 0.0053860315190096, "lockdown": 0.0052124889911018, "extracorporeal membrane": 0.0051920347790997, "membrane oxygenation": 0.0051920347790997, "transmission sars": 0.0050235753493095, "lung disease": 0.0049277375571894, "minimally invasive": 0.0046893528962943, "syndrome": 0.0046254786409093, "responsibility": 0.0045817722505273, "transmission": 0.0045817061730554, "minimally": 0.0045258769115737, "los": 0.0045076516789566, "abstract": 0.00445413527791, "novel": 0.0044121156097957, "extracorporeal": 0.0043937846282596, "treatment patients": 0.0043769331809651, "management": 0.0043664902830667, "impact coronavirus": 0.0043273717926369, "2020": 0.0043170091604623, "gold": 0.0043111716193424, "limb": 0.004303129853844, "northern italy": 0.0042871611151207, "impact": 0.0042463154271137, "sign": 0.0042401476176631, "med impact": 0.0042247648960775, "patients chronic": 0.0042247648960775, "residency": 0.004201952232713, "surgeon": 0.004201952232713, "geriatric": 0.0041944164677033, "covid pandemic": 0.004179445788853, "reopening": 0.0041646075956233, "curriculum": 0.0041572374523619, "clinical": 0.0041260778687087, "23": 0.004064261978763, "oxygenation": 0.0040435189732739, "protective equipment": 0.0040366612749933, "personal protective": 0.0040230294528147, "ability": 0.0040095075658824, "ischemic": 0.0039761723746097, "resident": 0.0039630216805898, "entry": 0.0039370257351742, "complicated": 0.0039114266899599, "an": 0.0039050875334778, "interdisciplinary": 0.003898772253348, "mode": 0.0038613720805979, "web based": 0.0038429802520353, "visits": 0.0038187674862652, "app": 0.0037713663113741, "context covid": 0.0037139392978478, "elective": 0.0036915081286243, "14": 0.0035888757964216, "ace2": 0.0035784290031732, "plus": 0.0035577286798507, "18": 0.0035525932856608, "content": 0.0035372808057916, "gut": 0.0035271496275827, "emergencies": 0.0034676153893385, "membrane": 0.0034386226515393, "remdesivir": 0.0034243121388465, "11": 0.0034101227320853, "equipment": 0.0033867373475344, "2019 covid": 0.003363673642862, "room": 0.0033499861799762, "transplantation": 0.0033274191516681, "breast": 0.003322941966385, "stay": 0.003322941966385, "transition": 0.0033095816973517, "editorial": 0.0032744661753056, "vitamin": 0.0032358208179185, "reducing": 0.0031449426466746, "northern": 0.0031369201199232, "programs": 0.0031289357958248, "aerosol": 0.003124957846409, "lower": 0.003124957846409, "receptor": 0.0030934695051703, "web": 0.0030856889580659, "populations": 0.0030663940973596, "invasive": 0.0030625616273658, "predicting": 0.0029090304660097, "personal": 0.0028813157045622, "north": 0.0028608261841031, "evaluating": 0.0028405840280852, "psychological": 0.0028205833349575, "guidelines": 0.0027587773211274, "protocol": 0.0027053445274952, "program": 0.0027022538263578, "novel coronavirus": 0.0026746909334754, "digital": 0.0026716561726609, "injury": 0.0026716561726609, "education": 0.0026475738212562, "context": 0.0026297363669398, "italy": 0.0026267818201097, "cell": 0.0026091630426625, "implementation": 0.0026062444955509, "year": 0.0026062444955509, "protective": 0.0026033310197661, "chronic": 0.0025830772200046, "lung": 0.0025830772200046, "induced": 0.0025517360291361, "virtual": 0.0025517360291361, "test": 0.0025237436445582, "network": 0.0025154362540268, "state": 0.0024477634333751, "social": 0.0024424657831788, "learning": 0.002418831336994, "american": 0.0024084331337938, "perspective": 0.0023980990185396, "emergency": 0.0023725389977725, "post": 0.0023498634545334, "challenges": 0.0023448658207521, "report": 0.0023176419698314, "china": 0.0023151888532384, "severe": 0.0023054121206268, "development": 0.0022549991567587, "19 pandemic": 0.0022408695375328, "related": 0.0022268579944994, "approach": 0.0022245340788228, "time": 0.0021991813568771, "treatment": 0.0021451620305747, "based": 0.0021035977457462, "health": 0.0020379192901131}