{"revue medicale": 0.6102286606482887, "medicale": 0.4921626048524729, "revue": 0.3857644014888582, "gynaecology obstetrics": 0.1906199048128419, "de": 0.1771955864970093, "covid": 0.1394167853173148, "covid 19": 0.1320136315610235, "19": 0.1312185641255604, "suisse": 0.1291030578461567, "gynaecology": 0.1162722939375823, "royal society": 0.1089567037674281, "transactions": 0.0911272475280511, "obstetrics": 0.0883225752114792, "london": 0.0875384698359476, "royal": 0.0825125596290845, "biological": 0.0626081343431643, "series": 0.0552216135141903, "international": 0.0543901737490177, "sciences": 0.0519608752958577, "federation": 0.0501301800455389, "society": 0.0479570802189356, "organ": 0.0363803378788908, "lesions": 0.0340299589674424, "official": 0.0321070776177079, "injury covid": 0.0286066966306505, "kidney injury": 0.0270034925308718, "19 diabetes": 0.0234732832447557, "health": 0.0202242401199847, "complications covid": 0.0197012062119449, "severe covid": 0.0196014112243851, "health crisis": 0.0186550065694745, "manifestations covid": 0.0178576308203581, "kidney": 0.0176599344324698, "anticoagulation": 0.0172755170417595, "impact": 0.0168561146145045, "thrombotic": 0.0164155064463343, "foundation": 0.0163867555402798, "following covid": 0.0161889033042888, "rescue": 0.01605109663409, "injury": 0.0159080537338457, "challenge": 0.0158540387963007, "radiological": 0.015602812337402, "otolaryngol head": 0.0153513858062011, "following": 0.0152783976154256, "animals": 0.0151113844545961, "interest": 0.0149476124986248, "physiology": 0.0147877736995731, "neck surg": 0.0146835713503772, "severe": 0.013727297797105, "live": 0.0137264131860246, "multidisciplinary": 0.0137264131860246, "emergency department": 0.0136499086149556, "diseases": 0.0136262323552807, "artificial intelligence": 0.0136119835869769, "asthma": 0.013407172830329, "introduction": 0.0130850539526824, "editorial": 0.0129982753518119, "2020": 0.0128525546058083, "manifestations": 0.0128280403840991, "individual": 0.0125644089162191, "intelligence": 0.0125001009338016, "issue": 0.0124841205554115, "rehabilitation": 0.0124681784534135, "essential": 0.0122952901771537, "disease": 0.0121469231642193, "pcr": 0.0120068512843491, "artificial": 0.0119920110900135, "sars": 0.011962829381503, "technologies": 0.0118890460071836, "complications": 0.0118020405277011, "advances": 0.011519971861322, "chest": 0.0115061774016648, "living": 0.0115061774016648, "cardiovascular": 0.0114104084918154, "department": 0.0114104084918154, "reply": 0.0113159980521007, "cardiac": 0.0112759428194625, "imaging": 0.0111441400094784, "diabetes": 0.0109512040542, "guidelines": 0.0109512040542, "importance": 0.0108007835414414, "program": 0.0107268291761197, "reproductive health": 0.0106467385070707, "crisis": 0.0105335430156689, "lung": 0.0102537473783736, "cancer screening": 0.0102249199593688, "protection": 0.0101969082250732, "gastroenterology hepatology": 0.0101725108100679, "2021": 0.0101181401530804, "living hiv": 0.0095787857900014, "bioethics": 0.0095571055035449, "vaccination": 0.0094381669621965, "rheumatic diseases": 0.0094299086630612, "emergency": 0.0094179977819075, "recent advances": 0.0094091739405268, "otolaryngol": 0.0093885676071901, "prevention": 0.009327985261089, "sinus": 0.0092281552444336, "transmission": 0.0090937385256256, "head neck": 0.0090751208250089, "outbreak": 0.0089985176683437, "zika": 0.0089109713341774, "19 pandemic": 0.0088953245252626, "long covid": 0.0088755676789911, "wildlife": 0.0088231585296901, "neurologic": 0.0087886720842775, "behaviours": 0.0087715619581496, "radical": 0.008754539352231, "risk": 0.0085683697372055, "2003": 0.0085249371334233, "use": 0.0084978437856594, "new": 0.0083332802126864, "dilemma": 0.0083101586014911, "wild": 0.0082953349146156, "swiss": 0.0082512559629084, "rheumatic": 0.0082221910427802, "19 new": 0.0081506202800269, "infection": 0.0081393666098736, "cervical": 0.0081364889967932, "precision": 0.0081364889967932, "hepatology": 0.0080529386955422, "cultural": 0.008025548317045, "pandemic": 0.0079267546327373, "virus infection": 0.0079181870000522, "extraction": 0.0078918792567189, "thinking": 0.007827005619555, "complication": 0.0077507905587595, "dialysis": 0.0077507905587595, "neck": 0.0077257685446312, "biomarker": 0.0075675564544844, "carcinoma": 0.007555692227298, "comorbidities": 0.0074738062493124, "humans": 0.007462271013496, "traumatic": 0.0074507756231332, "art": 0.0073490658059364, "care covid": 0.0072938752839695, "psychiatric": 0.0072938752839695, "cardiology": 0.0072611950324689, "provide": 0.0072503725442283, "radiol": 0.0072181146612783, "origin": 0.0071861664587844, "frontline": 0.0071755848530455, "19 patient": 0.0071231757037446, "medication": 0.0071231757037446, "measuring": 0.0071127921939134, "mrna": 0.007041000857029, "pharmacological": 0.00700066203342, "triage": 0.0069806745126701, "thrombosis": 0.0068632065930123, "aged": 0.0068440254897621, "visual": 0.0067871367164155, "adherence": 0.0067777490876204, "climate": 0.0067497440510984, "units": 0.0067312041023057, "biomedical": 0.0067035864151645, "gastroenterology": 0.0066944312176406, "reproductive": 0.0066853011372883, "head": 0.0066400227218085, "best": 0.0066131484530108, "efficiency": 0.0066042383748608, "hong kong": 0.0066042383748608, "kong": 0.0066042383748608, "measurement": 0.0065953520886701, "case series": 0.0065864894677169, "coronaviruses": 0.0065776503862894, "hong": 0.0065776503862894, "devices": 0.0065600423441478, "mexico": 0.0064393276311278, "therapies": 0.0064393276311278, "networks": 0.0064224346395186, "view": 0.0064140201920495, "good": 0.0063972548558308, "infectious disease": 0.00636397545649, "healthcare workers": 0.0063146721517459, "trauma": 0.0062500504669008, "gastrointestinal": 0.0062023945852239, "lower": 0.0062023945852239, "psychiatry": 0.0061866597464496, "lessons learned": 0.006093781749958, "obesity": 0.0060633896464818, "dental": 0.0060558347914754, "better": 0.005959151212644, "stage": 0.0058938247752072, "ct": 0.0058723311878925, "advanced": 0.0058580788654619, "higher": 0.005850975528291, "elderly": 0.0058368141784067, "history": 0.0058297560374766, "recent": 0.0058297560374766, "protein": 0.0057946881450107, "free": 0.0057807638058637, "mental": 0.0057393369779542, "environment": 0.0057052042459077, "pregnancy": 0.005678147900119, "learned": 0.0056513097530422, "surg": 0.0056379714097312, "19 outbreak": 0.0056114540407356, "major": 0.0055917037619891, "contact": 0.0055851462974023, "rates": 0.0055720700047392, "health care": 0.0055202726602384, "drugs": 0.0054819469521889, "years": 0.0054819469521889, "period": 0.0054629483532959, "hiv": 0.0054503426101893, "molecular": 0.0053942003043747, "training": 0.0053450789372629, "indian": 0.0052906704414307, "clin": 0.0051786486484522, "lockdown": 0.0051728559364569, "stress": 0.0051440426638166, "workers": 0.0051268736891868, "systems": 0.0051211703249784, "women": 0.0051211703249784, "performance": 0.0050815181360306, "center": 0.0050758919094986, "induced": 0.0050646679116718, "diagnostic": 0.0050146231761123, "application": 0.0050036035892189, "surveillance": 0.0049926203706653, "comparative": 0.0049598865441187, "lessons": 0.0049328521777318, "screening": 0.0049167363486536, "healthcare": 0.0048900488583922, "level": 0.0048741384908709, "state": 0.0048583038272087, "social": 0.0048477890879684, "infectious": 0.0048268587535604, "long": 0.0048216466738716, "world": 0.0047853889060253, "outcomes": 0.0047495219146459, "cancer": 0.0047241372591401, "population": 0.0047089988909537, "post": 0.0046639926305445, "challenges": 0.0046540733617967, "testing": 0.0046343230830503, "china": 0.004595170723214, "experience": 0.004595170723214, "vaccine": 0.0045757659323683, "global": 0.0045420774517602, "potential": 0.0045420774517602, "patient": 0.0045039893427168, "hospital": 0.0044710161283038, "effects": 0.0044430110917818, "evaluation": 0.0044198522495327, "virus": 0.0044198522495327,