{"den": 0.7104027469077292, "ny": 0.3115129418250475, "covid 19": 0.2551887278867908, "covid": 0.2549318476222981, "19": 0.2536518241213169, "19 pandemic": 0.1504570556492913, "pandemic": 0.1340744971708413, "patients admitted": 0.1010880404276458, "phase covid": 0.0981471689878743, "scoring": 0.0942122805625485, "practice covid": 0.0923894713165782, "patient covid": 0.0879695543978158, "weeks": 0.0868366103500857, "admitted": 0.0865586392921459, "receiving": 0.0831207651397669, "psychiatric": 0.0822465776924015, "institute": 0.0817560357891385, "19 cases": 0.0728981563050845, "reported": 0.0708388609521519, "focus": 0.066785053485936, "illness": 0.0661366413063835, "services": 0.0632754019996798, "local": 0.0629787528561539, "course": 0.0624651936216228, "phase": 0.0604784805661431, "symptoms": 0.0597936819782295, "group": 0.0584604717362894, "systems": 0.057746906357868, "public health": 0.0569836409692579, "perspective": 0.0536712663606129, "practice": 0.0536136670841713, "emergency": 0.0530992138005792, "cases": 0.0522016900914241, "epidemic": 0.0513793214343498, "patient": 0.0507875025249824, "hospital": 0.0504156927619405, "public": 0.0503101345454053, "risk": 0.0483089619613541, "use": 0.0479113325855193, "clinical": 0.0461723687395846, "health": 0.0456101721386395, "study": 0.0455172861475657, "patients": 0.0453322010806998}