{"xue": 0.6659675509725188, "xue bao": 0.3074849507405352, "xue xue": 0.3001517610149761, "bao": 0.2929452999395491, "da xue": 0.2723328374466113, "yi": 0.2465269041535196, "yi xue": 0.2383552850613539, "ban": 0.1466294947371697, "da": 0.1202305203570563, "ke": 0.116737502342393, "zhejiang": 0.1105213629983132, "zhongguo": 0.0890671890989107, "nan": 0.0467964884422269, "acta": 0.0408631134229818, "patients": 0.0391217214958888, "sars": 0.0335130710572492, "disease 2019": 0.0304278975994766, "19": 0.028191886000648, "covid 19": 0.0266943093451046, "covid": 0.0266674380906342, "2019": 0.0235341374301468, "disease": 0.0232828614804963, "cov": 0.0232591336042503, "university": 0.0225020895150204, "university medical": 0.0222716295525574, "beijing": 0.0214457129038236, "coronavirus": 0.0212957191012516, "coronavirus disease": 0.0203194169888386, "sars cov": 0.0199437740691005, "acid": 0.0188683058862447, "high flow": 0.0186291034628122, "nucleic acid": 0.0184452402494543, "medical sciences": 0.017871427419853, "nucleic": 0.0175123218707452, "medical": 0.0171437731417093, "treatment": 0.0169498481434047, "clinical": 0.0163009582273225, "analysis": 0.0161683076398403, "sciences": 0.016088756201451, "severe": 0.0141680412621241, "virus disease": 0.0140332697063562, "ct": 0.0129875884332247, "molecular docking": 0.0128279893249807, "oxygen": 0.0118933639560656, "docking": 0.0118722984328923, "2019 covid": 0.0118123700655757, "high": 0.0118040495555437, "nasal": 0.0117483676637195, "cov sars": 0.0115401244929055, "19 patients": 0.0114662337109691, "type": 0.011301114363841, "corona virus": 0.0112161715774518, "flow": 0.0104535898414937, "characteristics": 0.0103813659343489, "detection": 0.0103702896286522, "therapy": 0.0102713458925874, "virus": 0.0097752017241376, "acute": 0.0096939848587121, "molecular": 0.0095441011398046, "pharmacology": 0.0094801046289657, "corona": 0.0092871223361323, "technology": 0.0091422393114524, "traditional chinese": 0.008953600503253, "study": 0.0089276022816126, "prevention control": 0.0088592775491818, "chinese medicine": 0.0087565252107858, "treatment covid": 0.008693505508539, "inhibit": 0.0085519928833205, "southern": 0.0083795372270603, "cov infection": 0.0083364527658302, "mechanism": 0.0082620518346024, "human coronavirus": 0.0082516990200748, "experience": 0.0081303569875698, "spike protein": 0.0081293753693153, "mers cov": 0.008061692354049, "human": 0.0079023996294956, "hypoxia": 0.0077000978217312, "protein": 0.0076895211443238, "health sciences": 0.0076853404900877, "treatment patients": 0.0076853404900877, "based": 0.0073873025983348, "patients coronavirus": 0.0073125236453606, "infection": 0.0072005982124525, "health": 0.0071566564936154, "replication": 0.007087866105974, "pathogenic": 0.0070520350572268, "injury": 0.0070366349600578, "pulmonary": 0.0070127424459732, "diagnosis treatment": 0.0069242639353112, "chinese": 0.006887453979194, "spike": 0.0068679700309544, "fusion": 0.0067909242491529, "myocardial": 0.0066737843982957, "diagnostic": 0.006654378972358, "test": 0.0066470614524602, "efficacy": 0.0066397560376465, "network": 0.0066251813635333, "respiratory syndrome": 0.0066220417395921, "severe acute": 0.0065510965838275, "moderate": 0.0064916181669931, "collection": 0.0063108261610673, "prevention": 0.0061890940551169, "mers": 0.0061667444934797, "epidemic": 0.0060464169033883, "membrane": 0.0060377860025226, "prognosis": 0.0059630380284263, "highly": 0.0058662375881732, "respiratory": 0.005774188743223, "traditional": 0.0057725188580039, "zhong": 0.0057430515666189, "control": 0.0057205147533531, "mediated": 0.0055504980064555, "inflammation": 0.0055433780960965, "suspected": 0.0055221210976227, "expression": 0.0054112719948153, "cells": 0.0053841997902759, "acute respiratory": 0.0053241824604803, "mechanisms": 0.0051449221378424, "risk factors": 0.0050351921139942, "antibody": 0.0050113532671583, "2019 patients": 0.0048338608657552, "period": 0.0048328694397111, "severe coronavirus": 0.0048194993786785, "findings": 0.0047885133238815, "health management": 0.0045111685228184, "epitopes": 0.0044212449509445, "journal": 0.0043677102967695, "detection sars": 0.0042369997042079, "cov rna": 0.0042274098282762, "retrospective observational": 0.0042178820231736, "oral health": 0.0041990094473722, "acute kidney": 0.0041438014489801, "diagnosis": 0.0041260627034112, "cases": 0.0040954632141587, "nervous system": 0.0040819047317942, "syndrome": 0.0040608774243587, "health related": 0.0040561540911979, "suspected covid": 0.0040225059804972, "transmission": 0.00402244796866, "patients sars": 0.0039896098461862, "anxiety depression": 0.003981499408318, "kidney injury": 0.003981499408318, "development": 0.0039594930075515, "19 based": 0.0039494972621003, "study clinical": 0.0039416042633009, "infrared": 0.0039181760645472, "factors": 0.0039141668547781, "medicine": 0.0038978561122355, "high resolution": 0.0038799390900792, "tracheal": 0.0038799390900792, "broad": 0.0038574647489641, "nervous": 0.0038353283807008, "management": 0.0038335020417912, "disease 19": 0.0037991584836443, "respiratory viruses": 0.0037991584836443, "risk": 0.0037900607486159, "2003": 0.0037708491352222, "lungs": 0.0037638560543779, "union": 0.0037638560543779, "patients hospitalized": 0.0037499687745004, "marine": 0.0037293804563843, "recombinant": 0.0037293804563843, "cases covid": 0.0036241899495011, "lymphocyte": 0.0036241899495011, "hospitalized covid": 0.0035681647235958, "manifestation": 0.0035559990283239, "thermal": 0.0035260175286134, "infection prevention": 0.003508317426589, "intubation": 0.003502464374149, "alpha": 0.0034966345021754, "severity covid": 0.0034908276277841, "entry": 0.0034564593565922, "19 clinical": 0.0034508085214407, "olfactory": 0.0034451792956542, "complicated": 0.0034339850154772, "district": 0.0034339850154772, "mining": 0.0033846382467707, "100": 0.0033685502095955, "proteins": 0.0033685502095955, "clinical features": 0.0033579217103586, "rt pcr": 0.0033579217103586, "timing": 0.0033007983235104, "detect": 0.003295713549027, "comparative analysis": 0.0032755482919137, "interferon": 0.0032655683164039, "single center": 0.0032214772774671, "preparation": 0.0032166588091737, "trend": 0.0032166588091737, "wuhan china": 0.003202297322097, "quality life": 0.0031928002520631, "medication": 0.0031508057504836, "june": 0.0031462127959017, "thoracic": 0.003132519294837, "resolution": 0.0031144572185443, "rt": 0.0031099761169126, "anesthesia": 0.0031055086150031, "convalescent": 0.003096614081904, "section": 0.0030529301419267, "multidisciplinary": 0.0030358131961636, "increases": 0.0030315648793642, "pregnant women": 0.0030188930012613, "vitro": 0.0030105052819902, "accuracy": 0.0029938718762077, "roles": 0.002969268951152, "19 pneumonia": 0.0029652081465098, "samples": 0.0029530925163939, "damage": 0.0029173326830225, "measurement": 0.0029173326830225, "treating": 0.0029095026605754, "severe covid": 0.0028901079037411, "routine": 0.0028785925327679, "outpatient": 0.002870965361563, "temperature": 0.002870965361563, "dysfunction": 0.0028445772407359, "manifestations": 0.0028371238539299, "follow up": 0.0028260140596914, "depression": 0.0028186538406112, "gene": 0.0028186538406112, "team": 0.0028186538406112, "rna": 0.0028076820575249, "observational study": 0.0028004127057185, "inhibitors": 0.0027967914474365, "pilot study": 0.00277881758861, "spectrum": 0.00277881758861, "sample": 0.0027752490032277, "march": 0.0027540172782008, "pathology": 0.0027296278794661, "anxiety": 0.0027158703891493, "dental": 0.0026786871303664, "hospitalized": 0.0026786871303664, "pregnant": 0.0026753529483084, "progress": 0.0026753529483084, "pcr": 0.0026555049071751, "structural": 0.0026522227636765, "agents": 0.0026489479219492, "hydroxychloroquine": 0.0026456803495769, "follow": 0.0026294504084397, "kidney": 0.0026038490544668, "wuhan": 0.0026038490544668, "characterization": 0.002600679966592, "college": 0.0025849360651868,