{"presentations": 0.4917267720814268, "week": 0.4654040652254127, "gastroenterol": 0.4381745355971491, "united": 0.2977905685110515, "european": 0.2851966847442153, "2020": 0.2589136908153378, "psychology": 0.2258388491390331, "virtual reality": 0.1315058569570167, "neuroscience": 0.1171042947406474, "reference": 0.1044259598198696, "reality": 0.0997813927913657, "virtual": 0.0765204993472089, "clinical": 0.06186563485682}