{"server": 0.6942346250545836, "sequence": 0.5729986396569866, "data": 0.3257973190799894, "new": 0.2828996063987895, "data analysis": 0.0226910377692459, "massive": 0.021576653433895, "reveals": 0.0175112977760102, "resources": 0.0166961036369823, "genetic": 0.0166122225512813, "nature": 0.0163044247438602, "quantitative": 0.016006764842024, "scientific": 0.0154760727598666, "viruses": 0.0152938463832761, "context": 0.0141753498262017, "literature": 0.013908348523137, "monitoring": 0.0134703253969806, "analysis": 0.0110301248146852}