{"sci pollut": 0.5153742974511331, "pollut res": 0.4891941356370782, "pollut": 0.3374998641616488, "environ sci": 0.3186420053972879, "res int": 0.2991299337793838, "environ": 0.1763817890273613, "sci": 0.1495293602456619, "res": 0.1471173524738453, "int": 0.1450723107948215, "regression": 0.0944433980830939, "selected": 0.0838812058281644, "roles": 0.0819275700818375, "approach": 0.0808302757522924, "asian": 0.0734519740103462, "growth": 0.0727298874176149, "economic": 0.071236795799431, "internet": 0.0708933155193479, "countries": 0.0642795735752346, "traffic": 0.0539482231626081, "tissues": 0.0534234355498364, "model": 0.053217335873941, "zinc": 0.0521192543935911, "impact": 0.0514311214158374, "oxide": 0.0508025242876664, "health": 0.0493663159247357, "hypothesis": 0.0482392758858039, "solid": 0.0470695773524978, "deficiency": 0.0450515061957268, "examination": 0.0413603305653288, "turkey": 0.0409637850409187, "19 cases": 0.0394507765016617, "body": 0.0370010451674783, "co": 0.033375502419683, "possible": 0.031708447021532, "blood": 0.0310093022274641, "test": 0.0305674338220205, "population": 0.0287360520792004, "testing": 0.028280352692842, "cases": 0.0282503332483066, "covid 19": 0.0230170280929838, "covid": 0.0229938584948855, "19": 0.0228784053668193}