{"bulletin": 0.3843193809522318, "maladies": 0.3088832628411923, "east respiratory": 0.3026547182204076, "sur": 0.2499248581859946, "les": 0.2482864011986082, "mers cov": 0.2415183988424199, "syndrome coronavirus": 0.2361712426460329, "euro": 0.229365729584003, "communicable": 0.2175335555858686, "middle east": 0.2134304406730643, "respiratory syndrome": 0.1983882350969006, "mers": 0.1847480889527479, "east": 0.1583273146404663, "middle": 0.1490734406298282, "surveillance": 0.1323215295820236, "european": 0.1250718656906345, "syndrome": 0.1216588986968551, "respiratory": 0.1153250672961346, "cov infection": 0.1109999481005051, "disease": 0.1073116809393768, "cov": 0.1072023181667978, "coronavirus": 0.1063322636168519, "case": 0.0747649113645052, "scenarios": 0.0735474283134831, "infection": 0.0719070254153135, "2013": 0.0718816032164096, "malaysia": 0.0674922389668745, "2014": 0.0657224798748773, "june": 0.0628377800848953, "april": 0.0618471690598744, "confirmed": 0.054586627928613, "preparedness": 0.0525812811687963, "italy": 0.0460595768439427, "laboratory": 0.0452932340241621, "investigation": 0.0443992354349619, "transmission": 0.0401691998053722, "response": 0.0378876956294033}