{"zhonghua": 0.4672657789394613, "xue za": 0.3955501756300575, "za zhi": 0.3361042366806445, "zhi": 0.3349139884050414, "bing": 0.3294817520818918, "xue": 0.3233334313495579, "za": 0.3027606702211359, "zhi zhonghua": 0.1718714177736314, "zazhi": 0.1330798971867851, "covid": 0.1041930562970055, "covid 19": 0.1024017175862491, "19": 0.1017849913434695, "cluster": 0.0344460508835346, "characteristics": 0.0318590659552288, "yi xue": 0.0315022163468236, "analysis": 0.0296077109243375, "prevention control": 0.028530590065451, "epidemic": 0.0274898806952919, "yi": 0.0274712818807589, "epidemiological": 0.0273381104192094, "2019": 0.0245202277306814, "cases": 0.0221111542382617, "control": 0.0216734790480087, "prevention": 0.0211039190530876, "coronavirus": 0.0201709261165138, "investigation": 0.0189504177850904, "disease": 0.0162853750238344, "disease 2019": 0.015851419681719, "control covid": 0.015766385103027, "coronavirus disease": 0.0141138727631962, "characteristics covid": 0.01276334292293, "province": 0.0126991176391073, "outbreak": 0.0124413186931958, "china": 0.0115513941546718, "dynamic": 0.0102460427557264, "2019 novel": 0.0099524157574744, "thinking": 0.0098378093446627, "19 cases": 0.0097508178572097, "based": 0.0094461140839563, "novel coronavirus": 0.0093415646934804, "infection": 0.0092073759375839, "health": 0.0091511878386594, "medical": 0.0086604142927954, "2020": 0.0086157074075536, "examination": 0.0085189926455888, "case": 0.0085096138384218, "interim": 0.0083860815745164, "industrial": 0.0082821970216528, "guidelines": 0.00825877962657, "cases covid": 0.0082386437224524, "report": 0.0080945436074642, "diseases": 0.0079925493655526, "19 epidemic": 0.0077760489801885, "standards": 0.0077310619038456, "reproduction": 0.0077063658661694, "novel": 0.007704827292039, "analysis covid": 0.007609364931916, "progress": 0.0076021400920088, "living hiv": 0.0072237792792658, "19 outbreak": 0.0070530695495057, "period": 0.0068664118785339, "transmission": 0.0068579840256002, "on": 0.0067222354189686, "people living": 0.006693451894304, "preliminary": 0.0066198360489899, "family": 0.0065974477400767, "research": 0.0065562353001625, "zhong": 0.0065276594765072, "chinese": 0.0065236738278092, "basic": 0.006491975968625, "occupational": 0.0064325977682851, "hygiene": 0.0064242005294574, "number": 0.006382527538617, "application": 0.006289058746045, "chain": 0.0062685306980467, "site": 0.006044070530281, "asymptomatic": 0.005926386387609, "outbreak covid": 0.0059221409246714, "complicated": 0.0058546970809266, "comparison": 0.0058373016134786, "case report": 0.0058196941009802, "evaluation": 0.0055553382578194, "related": 0.0055553382578194, "patterns": 0.0054931295028271, "wuhan china": 0.0054596862535625, "19 associated": 0.0052719558959254, "rate": 0.0052189390622473, "effectiveness": 0.0051666974439697, "estimating": 0.0051469950982468, "urgent": 0.0051469950982468, "clinical": 0.0051466591707685, "protection": 0.0051266215408183, "status": 0.0050982869268444, "study": 0.0050736395938687, "patients": 0.0050530088620531, "pneumonia": 0.0050257204920012, "health information": 0.0048158528528438, "coronavirus pneumonia": 0.0047941233401753, "epidemics": 0.0047315996327328, "critical covid": 0.0046794077778733, "anxiety depression": 0.0045254464533243, "early phase": 0.004498091910106, "ischemia": 0.0044890722173275, "wuhan": 0.0044393750670581, "acute": 0.0044073455649183, "living": 0.0043386545915069, "associated": 0.0043212478427409, "forensic": 0.0043181943590162, "tourism": 0.0043181943590162, "department": 0.0043025428398854, "leukemia": 0.0042466473986045, "patients covid": 0.0041972243058651, "impact covid": 0.0041825331998902, "19 china": 0.0041410985108264, "coagulation": 0.0041338080898868, "clustering": 0.0041265492977709, "hiv": 0.0041103405875808, "secondary": 0.0041008699218607, "guideline": 0.0040978250050217, "beijing": 0.0040625995153511, "infection covid": 0.0040281003764444, "prediction": 0.0040035277257773, "specific": 0.0039854069002127, "2019 ncov": 0.0039546169559316, "people": 0.0039540069123151, "chemotherapy": 0.0039415962757567, "exposure": 0.0039185957648884, "stages": 0.0038655309519228, "market": 0.0038593455513166, "ncov": 0.0037633680469217, "strategy": 0.0036797931784636, "different": 0.0036638583729476, "trend": 0.0036561143696564, "infectious": 0.0036401442742679, "clinical trials": 0.0036129339354965, "collection": 0.0035865013326994, "technical": 0.0034700173141218, "19 pandemic": 0.0033541756959953, "early": 0.0033366862632836, "15": 0.0032631927524488, "mental health": 0.003241714293717, "response": 0.0032342343468651, "review": 0.0032308902778326, "risk": 0.0032308902778326, "depression": 0.0032037345025079, "infectious disease": 0.0031995672551271, "childhood": 0.0031954103611667, "impact": 0.0031779824225813, "zhongguo": 0.0031636071119114, "sample": 0.0031543997551552, "anxiety": 0.003086908915417, "staff": 0.0030598909287779, "preparedness": 0.0029923555696768, "pandemic": 0.0029889553395986, "hospitality": 0.0029503707609232, "trials": 0.002941650205734, "der covid": 0.0029399783977249, "exploring": 0.0029380865218342, "advances": 0.0028959040618143, "mental": 0.0028855225458287, "school": 0.0028649507830878, "scientific": 0.0028649507830878, "biological": 0.0028615466131273, "antibody": 0.0028479987742605, "students": 0.0027753852546776, "19 pandemie": 0.0027553703678417, "severe coronavirus": 0.0027389664211018, "phase": 0.0026965229217103, "health organization": 0.0026916004993407, "death": 0.0026903716318463, "understanding": 0.0026389790960307, "information": 0.0026007172062392, "cancer screening": 0.0025703523930886, "hematopoietic": 0.0025571777195595, "measures": 0.0025322995397041, "non pharmaceutical": 0.0025064607081361, "respiratory diseases": 0.0024762561826807, "clin invest": 0.0024703439709415, "prediction covid": 0.0024703439709415, "hepatitis virus": 0.0024644732487493, "world health": 0.0024644732487493, "eur clin": 0.0024471042965659, "supply chain": 0.0024189341441747, "outcomes": 0.0023878807986464, "bmc infect": 0.002386336209342, "survey": 0.0023853205089985, "critical": 0.0023776630633286, "cancer": 0.0023751183495933, "current": 0.0023751183495933, "prev med": 0.0023601091561312, "acute kidney": 0.0023549609892432, "post": 0.0023448798947875, "evidence": 0.0023349206453914, "strategies": 0.0023349206453914, "liver disease": 0.0023346794024863, "experience": 0.0023102788309343, "severe": 0.0023005228326897, "hematological": 0.0022907674552961, "assessment": 0.002283585533015, "global": 0.002283585533015, "19 eur": 0.0022673324641028, "kidney injury": 0.0022627232266621, "advance": 0.0022445361086637, "pandemie": 0.0022355887027409, "respiratory infection": 0.0022355887027409, "hospital covid": 0.0022223445029721, "virus": 0.0022221353031277, "case fatality": 0.0022179759579056, "propagation": 0.0022179759579056, "model": 0.0021922363130625, "infectivity": 0.002192233173582, "respiratory": 0.0021876835239719, "strategies covid": 0.0021713698858563, "assessment covid": 0.0021672589464821, "autopsy": 0.0021672589464821, "medications": 0.0021631681095813, "2003": 0.0021430087129187, "current status": 0.0021350790376314, "interpretation": 0.0021350790376314, "care": 0.0021317949292089, "diseases covid": 0.0021272238204883, "agenda": 0.0021194416761914, "herd": 0.0021194416761914, "pathological": 0.0020965203936291, "transportation": 0.002089017433209, "transmission covid": 0.0020778876750937, "contacts": 0.0020669040449434, "vertical": 0.0020596609306131, "bioinformatics": 0.002056062755263, "version": 0.002056062755263, "time series": 0.0020524799897048, "hepatology": 0.0020243571910327, "injection": 0.0020243571910327, "leveraging": 0.0020243571910327, "prospective cohort": 0.002017471765504, "intensity": 0.0020140501882222, "observation": 0.0020072487322282, "sars": 0.0020048200703799, "warning": 0.0020038686287239, "requirements": 0.0019938094957548,