{"transportation": 0.7015199451818726, "programming": 0.3838393021323292, "mathematical": 0.2993483747292795, "networks": 0.2710818296200042, "capacity": 0.2410955141516941, "modeling": 0.2295211452881007, "single": 0.2105001828471099, "level": 0.2057304517816967}