{"increases": 0.4481109259099433, "protect": 0.4341463997319932, "temperature": 0.4243718995369774, "action": 0.3686290080435231, "emergency": 0.3078897468430192, "global": 0.2969758772826119, "health": 0.2644653912574326, "veterinary record": 0.070776446106695, "revista de": 0.0647631418378506, "saude": 0.0591206048289753, "publica": 0.0588339202554607, "case rep": 0.0532861359440954, "innov": 0.0498415715494429, "record": 0.0447702427276377, "revista": 0.0430957333714319, "veterinary": 0.0410823811595522, "phys": 0.0408516976200241, "oncol": 0.0402308484198529, "nutr": 0.0399549598565903, "aging": 0.0384265146550839, "ther": 0.0360403857785065, "surg": 0.0335117280039566, "rep": 0.0332757702638026, "ann": 0.0328886563568048, "de": 0.0292566336100762, "open": 0.0286595479336902, "res": 0.0286595479336902, "med": 0.0258103210921112, "case": 0.0251513364565702}