{"hernia": 0.5311922739323054, "hernias": 0.4434567074739749, "abdominal wall": 0.4353929350911411, "wall": 0.2910736188495414, "abdominal": 0.2696160706993229, "surgery": 0.1982697452589518, "hernia repair": 0.1855122810530531, "repair": 0.1549783590607662, "laparoscopic": 0.1295595048274202, "mesh": 0.110825640180545, "coloproctology": 0.0882191380991083, "britain": 0.0773901030810541, "colorectal": 0.0610477879281862, "ireland": 0.056568639009871, "great": 0.0541987301467119, "sleeve gastrectomy": 0.0420643446877108, "sleeve": 0.0400501162330504, "official": 0.0389271580204187, "gastrectomy": 0.036770967145555, "association": 0.0309995954511467, "laparoendoscopic": 0.0308471861043213, "obesity": 0.0272432569179458, "single incision": 0.0267293058102419, "surgical": 0.0259764040502865, "incision": 0.0252915059149407, "disease": 0.0251227560368647, "port": 0.0214900447137361, "single": 0.0213405698255669, "rectal": 0.0209756588043693, "study": 0.0198641024863287, "gastric": 0.0196992076542581, "techniques": 0.0196801971008663, "randomized": 0.0191249328186245, "porcine": 0.0167927087797812, "trial": 0.0150035722846146, "diseases official": 0.0146039905998356, "single port": 0.014374224936488, "society": 0.014364979916221, "posterior": 0.0135917290828997, "laparoscopy": 0.0134793634276565, "endoscopic": 0.0127925191416957, "experience": 0.0127811301426781, "advanced": 0.0125337049690843, "component": 0.0123360212243571, "incision laparoscopic": 0.0122406937280201, "results": 0.0120902167733393, "following": 0.011985978438838, "open": 0.0113478169361893, "randomized controlled": 0.0113338631112716, "cancer": 0.0111183270828735, "bariatric surgery": 0.0106404298539569, "total": 0.0105759598594281, "prospective": 0.0104109553399616, "approach": 0.0103913322336985, "technique": 0.0103654523417735, "official american": 0.0101780574024483, "bariatric": 0.0101102433113307, "review": 0.0100828926086903, "versus": 0.0099943889258532, "controlled": 0.0097189856518337, "complex": 0.0096959706248736, "analysis": 0.0095585280910989, "conventional": 0.0094917939971479, "colorectal cancer": 0.0092404967038937, "matrix": 0.0090860571191929, "american society": 0.0088741789610013, "term": 0.0087074124414953, "patients": 0.0086014477844034, "related": 0.0085108809282644, "postoperative": 0.0084707138660951, "bypass": 0.0083507058620721, "follow up": 0.0082016616612778, "closure": 0.0081339665967279, "controlled trial": 0.0080326036747613, "recurrent": 0.0079584315723781, "cases": 0.0079239057601403, "year": 0.0077473410909791, "follow": 0.0076311943782355, "cholecystectomy": 0.0075874517744822, "complications": 0.0075753483729713, "early": 0.0075731334075961, "clinical trial": 0.0075323181418208, "release": 0.0074891644966133, "placement": 0.007420596659933, "resection": 0.0073506151119022, "outcomes": 0.0071133174292585, "clinical": 0.0070086906759944, "long term": 0.0069967975329901, "robotic": 0.0069754929731105, "experimental": 0.006956607598141, "up": 0.0069406368933077, "synthetic": 0.0069036881856691, "10": 0.0068304830562933, "operative": 0.0067206143674091, "evaluation": 0.0066195740553168, "device": 0.0065849328477684, "randomised": 0.0064061660354849, "treatment": 0.0063767240466697, "self": 0.0062911995508852, "based": 0.0062531697553056, "long": 0.0061897183288305, "quality life": 0.0061774326822997, "endoscopy": 0.0061320073858625, "minimally invasive": 0.0059741160309812, "randomized clinical": 0.0059485339373875, "vitro": 0.0058247282169266, "minimally": 0.0057658517944014, "giant": 0.0056969400349398, "bacterial": 0.0055695033159227, "properties": 0.0055547462584951, "surgical endoscopy": 0.0055301712587541, "comment": 0.0054964709628303, "use": 0.0054544912758403, "systematic review": 0.0054240762766717, "recurrence": 0.0053340222221048, "video": 0.0053014144155281, "quality": 0.0051692589053371, "assisted": 0.0051570094660357, "site": 0.0051442376701414, "american": 0.0051138040124591, "pain": 0.0051125565235452, "systematic": 0.0050809410208989, "percutaneous": 0.0050739685886638, "external": 0.0050156704089121, "protein": 0.0049592307147397, "diseases": 0.0048590211940245, "procedure": 0.0048120803082976, "years": 0.0046915794295637, "laparoscopic surgery": 0.0046903092776396, "model": 0.0046646480079146, "anal": 0.0046262171084558, "surgeons": 0.0046057760023829, "formation": 0.0045721362633095, "3d": 0.004539018091638, "new": 0.0044573860308675, "meeting": 0.0044489291079416, "technical": 0.0044301089044004, "en": 0.0043384176056245, "primary": 0.0043296714307569, "comparative": 0.0042447878256219, "devices": 0.0042106791602454, "doi": 0.0041461904199924, "fistula": 0.0041270753295542, "life": 0.0040734893441577, "procedures": 0.0040531839641033, "double": 0.0040219997710915, "comparison": 0.0039746017789289, "modified": 0.0039659849472855, "internal": 0.003950959708661, "report": 0.0039368223725101, "invasive": 0.0039016254307438, "vs": 0.0038629623067531, "cohort study": 0.0038296967735359, "randomized trial": 0.0037755335305775, "dissection": 0.003768135836768, "anatomy": 0.0037607763741049, "novel": 0.0037472818642493, "preoperative": 0.003717400852699, "management": 0.0037085315289175, "linear": 0.0036753075559511, "response": 0.0036703013480409, "biological": 0.003653285267362, "adult patients": 0.0036210513611161, "small": 0.0035765316468292, "mini": 0.0035687866748388, "prophylactic": 0.0035496715844005, "components": 0.0035183724595189, "bilateral": 0.0034938192158256, "safe": 0.0034823076976819, "injection": 0.003445947385213, "bowel": 0.0034284023642346, "cohort": 0.0033539877458703, "notes": 0.0033492679589978, "implementation": 0.003320289038991, "chronic": 0.0032907745206138, "methods": 0.0032258211596497, "studies": 0.003155894153361, "reconstruction": 0.0031543093170199, "large": 0.003135354771229, "level": 0.0031285519652124, "21": 0.0030933026667111, "low": 0.0030848540909305, "pathol": 0.0030841447389705, "annual": 0.0030615043120765, "european": 0.0030290271658147, "bronchitis virus": 0.0030226897024984, "muscle": 0.0029999615872901, "viral": 0.0029936661293797, "symptomatic": 0.0029743791114732, "non": 0.0028909651902268, "patient": 0.0028909651902268, "hybrid": 0.0028843227805116, "step": 0.0028843227805116, "rare": 0.0028803615739078, "human": 0.0028667943039359, "infectious bronchitis": 0.0028601635098841, "effects": 0.0028518252217677, "search": 0.0028451979884298, "comparative study": 0.0028222288960293, "acute": 0.0028133895402271, "compared": 0.0027884553085687, "classification": 0.0027736981520961, "host": 0.0027663765274544, "comparing": 0.002755464191637, "physicians": 0.0027446348401648, "multicenter": 0.0027410432799864, "tissue": 0.0027267669413127, "case": 0.0027160178628779, "benefits": 0.0027126323056093, "standard": 0.0027126323056093, "predictors": 0.0026273341860299, "day": 0.0026207260402702, "infection": 0.00261219818134, "line": 0.0025785047330178, "centre": 0.0025689365927277, "meta analysis": 0.0025594323114692, "combined": 0.0025562782617726, "flow": 0.0025282018305275, "ct": 0.0025128397305724, "free": 0.0024736569685271, "pilot": 0.0024706870970526, "predicting": 0.0024706870970526, "virtual screening": 0.0024679573101953, "improving": 0.0024529967719717, "survival": 0.0024529967719717, "mol sci": 0.0024513978097036, "reply": 0.0024211244722561, "cov spike": 0.0024193912335735, "evaluating": 0.0024125544191741, "prevent": 0.0024068695698846, "differences": 0.0024040356329177, "update": 0.0023843544312194, "meta": 0.0023787808317136, "official society": 0.0023666243988797, "oto": 0.0023593956420912, "assessing": 0.002351235430236, "guidelines": 0.0023430746465507, "short": 0.0023430746465507, "initial": 0.0023349603633096, "reconstructive": 0.0023243133530665, "annual meeting": 0.0023107505348429, "function": 0.0023003231326171, "adult": 0.0022950683190682, "infected": 0.0022794192291051, "rhino": 0.0022779324484238, "liver transplantation": 0.0022715465183726, "bronchitis": 0.0022589439517147,