{"articles": 0.5892581708346704, "transfusion": 0.5153471582161986, "sport": 0.3981005296625443, "key": 0.3829470307905898, "res": 0.2363212803177729, "kenya": 0.0585002096360459, "zoonotic": 0.0563850281145008, "ability": 0.0557205858677578, "und": 0.0547132975647761, "english": 0.0522492939288005, "team": 0.0446172890820575, "pathogens": 0.0439867094962029, "digital": 0.0371283118267704, "relationship": 0.0369603733706129, "home": 0.0360577430536307, "detection": 0.0328308644048258, "system": 0.0304987837141942, "disease": 0.0283500897421177}