{"consequences covid": 0.3868665729303305, "political": 0.3214491202757929, "section": 0.2917917502919865, "investigating": 0.2913809642225264, "commentary": 0.2769681443271546, "consequences": 0.2491732029562909, "economic": 0.2467629662171545, "methods": 0.2124706237736386, "social": 0.204949957010416, "cross": 0.2047282168087379, "survey": 0.200580222898459, "19 pandemic": 0.1880337970530689, "approach": 0.1866630709682158, "research": 0.1837700123065683, "pandemic": 0.1675596846038173, "covid 19": 0.1594611341509449, "covid": 0.1593006160173415, "19": 0.1585007609418585}