{"innov": 0.7091766869669176, "care": 0.3959624344576734, "covid 19": 0.3123518125938723, "covid": 0.3120373903351057, "19": 0.310470637508658, "health": 0.0498879533444164, "pandemic": 0.045391466575674, "19 pandemic": 0.0431012563471997, "response": 0.041560006483139, "community": 0.0373767015843246, "systems": 0.036093138689812, "surge": 0.0322741270935361, "19 vaccine": 0.0321706541723693, "patients": 0.0318753715896568, "lessons": 0.0304201663248662, "19 vaccination": 0.0294882589153009, "rapid": 0.0291330524383606, "vaccine": 0.0282180685151417, "private": 0.0262559005898276, "health systems": 0.0249226480186609, "epicenter": 0.02378950364803, "telehealth": 0.0234624388620095, "crisis": 0.0231995694363842, "system": 0.023024478653445, "building": 0.02281161697651, "innovation": 0.0226024624900437, "response covid": 0.0221379550371875, "clinic": 0.0219964903544142, "creating": 0.0216167456278169, "line": 0.0212343571740631, "19 response": 0.0208924303923157, "vaccination": 0.0207870618144297, "hospitals": 0.0199855955843938, "address": 0.0193644762561216, "providers": 0.0193353038910788, "equity": 0.0190770173380424, "program": 0.0189002175570699, "19 vaccines": 0.0186897332673438, "based": 0.0183913399711757, "new": 0.0183536073892217, "mayo": 0.0182533015937773, "vaccines": 0.018046569344906, "addressing": 0.0175491571598979, "managing": 0.0157884892409843, "approach covid": 0.0157321936434852, "public": 0.0157224930145804, "federal": 0.0156074306388922, "illness": 0.0155013431738435, "19 lessons": 0.0154251266289811, "clinician": 0.0152483200682964, "delivering": 0.0151618766354375, "readiness": 0.0150485660563566, "unit": 0.0150069832666466, "antibody": 0.0149714460061912, "19 health": 0.0149099392688675, "distribution": 0.0148832260088425, "seven": 0.0146683821836602, "impact covid": 0.0146579112643795, "health care": 0.0145897290624972, "19 testing": 0.0144871515107461, "teams": 0.0144617126856043, "practices": 0.0144382245701539, "monoclonal": 0.0142132161787117, "new normal": 0.014188936061211, "centered": 0.0139982317734573, "surgical": 0.0139512666418067, "insights": 0.0138258390617469, "need": 0.0136715287880323, "india": 0.0133855947288705, "responding": 0.0133757466029819, "inpatient": 0.0131685292803824, "preparing": 0.0131279502949138, "health system": 0.0130476252032062, "financial": 0.0126804239940983, "frontline": 0.0126430758423651, "leadership": 0.0125874959001806, "unique": 0.0123880948006693, "testing": 0.0122482207548894, "trust": 0.0121780315013332, "plan": 0.0120757561177758, "collaboration": 0.0120588823219638, "19 crisis": 0.0119091642310404, "development": 0.0118290075782391, "approach": 0.0116691974795543, "best": 0.0116520867860337, "model": 0.0115242140869075, "research": 0.0114883386055007, "months": 0.011405808488255, "medical": 0.0113815818802011, "physician": 0.0113757384736465, "concerns": 0.0113012312450218, "view": 0.0113012312450218, "team": 0.0112276588871128, "impact": 0.0111374093458908, "guide": 0.0109144774668783, "essential": 0.0108318896227436, "normal": 0.0108046168293991, "day": 0.0107910278546075, "staff": 0.0107235513907897, "american public": 0.0105683013122781, "telemedicine": 0.010564707185448, "preparedness": 0.0104868701132954, "needs": 0.0104355468972493, "quarantine": 0.0104227859781798, "framework": 0.0102099944744057, "department": 0.0100523276435898, "complex": 0.0099809640041275, "learned": 0.0099573678354712, "service": 0.0098639213956441, "work": 0.0098407906358729, "patients covid": 0.0098062646872606, "value": 0.0095701130413921, "developing": 0.0095043519035486, "recovery": 0.0094609173345875, "implementation": 0.0091143525253548, "health equity": 0.0090079374138782, "public health": 0.0089040200864095, "partner": 0.0086781722126097, "era": 0.0086725305513025, "screening": 0.0086630806862464, "healthcare": 0.0086160584615319, "large": 0.0086066990980154, "practices covid": 0.0084772840633094, "world": 0.0084316520692263, "19 india": 0.0083259307163734, "emergency": 0.0082970561061197, "experience": 0.0080964957076011, "goals": 0.0080955181775865, "digital health": 0.0080281170482858, "increased risk": 0.0079622306800619, "inequities": 0.007945987868438, "patient": 0.0079358379866422, "19 quarantine": 0.0079298345493433, "pandemic new": 0.0079137697420302, "pandemic experience": 0.0078819018195824, "hospital": 0.0078777405828586, "high": 0.0078365920631272, "related": 0.007787592000835, "19 healthcare": 0.0077730153530786, "medicine": 0.0077632446717435, "time": 0.0076908034484037, "leaders": 0.0076680284835057, "management": 0.0076350725740323, "pandemic response": 0.00756667152558, "provider": 0.00756667152558, "risk": 0.007548551835948, "lessons covid": 0.0075383445419395, "breastfeeding": 0.0075242830281783, "considering": 0.0074549696344337, "informed": 0.0073473678331075, "geriatric": 0.0073341910918301, "hematology": 0.0073080139536494, "obstetric": 0.007282068474596, "faculty": 0.0072691813329711, "geographic": 0.0072691813329711, "availability": 0.0072563505903959, "challenging": 0.0072563505903959, "components": 0.007243575755373, "combining": 0.0072181918738693, "clinical": 0.0072146969147893, "impacts covid": 0.0072055818759389, "war": 0.0072055818759389, "anesthesiology": 0.0071433328284076, "york city": 0.0071310400640711, "adapting": 0.0071187986266661, "crises": 0.0071187986266661, "hidden": 0.0071187986266661, "looking": 0.0071187986266661, "result": 0.0070108666840188, "seeking": 0.0070108666840188, "referral": 0.0069874119989338, "expansion": 0.0069295832996829, "ready": 0.0069295832996829, "notes": 0.0068954257871155, "clinicians": 0.0068504928003619, "community based": 0.0068282819365652, "dialysis": 0.0068282819365652, "highlights": 0.0068172392869792, "second wave": 0.0068062380733239, "medical students": 0.0067196835954608, "100": 0.0067090417688981, "business": 0.0066459894463266, "caring": 0.0066356113115991, "transformation": 0.0066356113115991, "protecting": 0.0066149646065587, "military": 0.0065944622852518, "efforts": 0.0065842646401912, "psychosocial": 0.0065842646401912, "return": 0.0065842646401912, "pandemic covid": 0.0065741023423247, "well being": 0.0065639751474569, "being": 0.006553882813914, "workforce": 0.006553882813914, "perioperative": 0.0065338017765105, "allocation": 0.0065238126016031, "lead": 0.0064841928094879, "facility": 0.0064743709577589, "leading": 0.0064257492795754, "psychiatric": 0.0064257492795754, "older adults": 0.0064065241615121, "preparation": 0.0064065241615121, "paradigm": 0.0063684480419344, "demand": 0.0063590057793474, "regulatory": 0.0063308600911959, "promote": 0.0063215379211825, "fighting": 0.0063029820364611, "vulnerable": 0.0063029820364611, "movement": 0.0062937479500903, "large scale": 0.0062480088008963, "cycle": 0.0062299110891146, "first": 0.0062299110891146, "values": 0.006202972277848, "uncertainty": 0.006167434630623, "evidence based": 0.0061323225941993, "enhance": 0.0061236098983396, "symptomatic": 0.0061236098983396, "high risk": 0.0060890157506666, "era covid": 0.0060718705556112, "options": 0.0060718705556112, "protocols": 0.0060718705556112, "multidisciplinary": 0.0060463393057393, "emergency department": 0.0060126398542618, "urgent": 0.0060126398542618, "centers": 0.0059959342820026, "shock": 0.005987617056569, "supply": 0.0059628060199282, "behavioral": 0.0059219152594679, "black": 0.0059138051021549, "roles": 0.0059138051021549, "biomedical": 0.005905717317718, "well": 0.005905717317718, "singapore": 0.0058896083760971, "month": 0.0058656097155023, "areas": 0.0058497190532993, "supporting": 0.0058418059040984, "adaptive": 0.0058339140554594, "stay": 0.0058103651738412, "pathway": 0.0058025573929308, "changing": 0.0057870039347076, "transition": 0.0057870039347076, "opportunity": 0.0057715325531629, "severe covid": 0.0057561423865936, "clinics": 0.0057408325867955, "icu": 0.0057256023187835, "project": 0.0057029042441275, "educational": 0.0056878692368232, "organization": 0.0056803805482074,