{"cancer": 0.4143349525207578, "breast cancer": 0.3489838534013612, "pathways": 0.2907908575529287, "breast": 0.2892258146426271, "br": 0.2744345479052665, "uk": 0.2398437280811875, "phase": 0.2352016894082994, "level": 0.2137454766250998, "correction": 0.2090681683629328, "outcomes": 0.2082806689405226, "19 pandemic": 0.1950432249666585, "management": 0.1900276505013694, "study": 0.1770173869940392, "pandemic": 0.1738058890035656, "covid 19": 0.165405444920433, "covid": 0.165238943073774, "19": 0.1644092714090353}