{"label use": 0.4516356412342732, "report reactions": 0.3884856506854923, "off label": 0.3806683410739538, "reactions weekly": 0.3509326924701953, "off": 0.2685487482510445, "label": 0.257286294305925, "weekly": 0.2445880749888117, "reactions": 0.2195721913818374, "case report": 0.1838631771412155, "report": 0.1461332090020525, "use": 0.1435490579738854, "case": 0.1429580820426925, "following": 0.1052900196497402, "hydroxychloroquine": 0.0874649784895585, "azithromycin": 0.0491488487631809, "lopinavir": 0.0460466273676785, "lopinavir ritonavir": 0.0436697392706532, "ritonavir": 0.042239371851628, "tocilizumab": 0.04094965837501, "multiple": 0.0280925042855549, "drugs": 0.0276427741316461, "reports reactions": 0.0271017270291859, "lack": 0.0225077081729333, "interval": 0.0197663368580687, "dexamethasone": 0.0173894097305964, "case reports": 0.0153360993961806, "efficacy": 0.0151384336697213, "de": 0.0124098691004943, "elevated": 0.0116123193065024, "reports": 0.0108926125146704, "interaction": 0.0093707760979114, "sinus": 0.0093066136282761, "heparin": 0.0089510283401236, "sodium": 0.0086134368189215, "thrombocytopenia": 0.0085340901841009, "toxicity": 0.0083067206685673, "block": 0.0076559552477774, "intestinal": 0.00752571573327, "interferon": 0.00744539243182, "remdesivir": 0.0068543356250038, "interactions": 0.0063848523579778, "liver": 0.0059222581345233, "cardiac": 0.0056859058140884, "levels": 0.0052226778604327, "coronary artery": 0.0049911501013413, "myeloma": 0.0049911501013413, "syndrome": 0.0046293360163361, "atrial": 0.0044844165949985, "psoriasis": 0.0044666587238394, "dissection": 0.0044403693637486, "electrical": 0.0044316969766695, "acute": 0.0044203957478809, "response": 0.0043250812517271, "ventricular": 0.0042749050744056, "lymphocyte": 0.0041315192038622, "hepatic": 0.0041099586953068, "decrease": 0.0039532673716137, "shedding": 0.0039338671189534, "atypical": 0.0038957267688871, "arthritis": 0.0037803686672452, "ocular": 0.003762857866635, "ventilator": 0.0037570613041705, "artery": 0.0037001710030078, "coronary": 0.0037001710030078, "markers": 0.0036023897638686, "spontaneous": 0.0035814132011719, "agent": 0.0035504319550896, "prolonged": 0.0034607790138083, "shock": 0.0034271678125019, "hepatitis": 0.0033942166215188, "progression": 0.0033710700039938, "storm": 0.0033257131033161, "wide": 0.0032859143249387, "bacterial": 0.0032815499449365, "dysfunction": 0.0032427730501784, "disorder": 0.0031965645366101, "presentation": 0.0031395361256441, "pattern": 0.0031315451430919, "gastrointestinal": 0.0031275638763018, "right": 0.0031235920326371, "tuberculosis": 0.003107798003908, "antiviral": 0.0031038726145978, "direct": 0.0030612887037085, "increase": 0.0028768551341337, "complex": 0.0028564317197905, "negative": 0.0028429529070442, "inflammatory": 0.0028130156839711, "increased": 0.0027739124817292, "secondary": 0.0027420084187781, "like": 0.002716914819755, "features": 0.0026497817411261, "blood": 0.0025623607689977, "drug": 0.0025203008438585, "pneumonia": 0.0025203008438585, "viral": 0.0023518231015775, "evaluation": 0.0022287150622699, "time": 0.0022010153439698, "associated": 0.0021670215448542}