{"health": 0.3244321297805271, "public health": 0.3184762059017545, "public": 0.2811786066297781, "19 ann": 0.2246699357747442, "infected covid": 0.2142199638133179, "american public": 0.2061838343557825, "patients infected": 0.2033994360955624, "hepatol": 0.1805567979375903, "covid 19": 0.1728758522438641, "covid": 0.1727018304717562, "19": 0.1718346873363335, "venous": 0.1625285998940784, "american": 0.1369346762549, "events": 0.1292041531243885, "ann": 0.126801906230508, "disorders": 0.1263597888569576, "infected": 0.1220741089905825, "brasileira": 0.1168596786552106, "journal": 0.1131434614241949, "associated": 0.0984849882006287, "da": 0.0943792285974716, "cardiopulmonary": 0.0933929878485795, "patients": 0.0921299654668859, "di": 0.0904282322329925, "resuscitation": 0.0869853675465679, "medica": 0.086576070057005, "revista": 0.0830775979811142, "emergency": 0.0809363203827909, "international": 0.0779029794896692, "circulation": 0.0771287633744205, "2020": 0.0736347931129173, "review": 0.0736347931129173, "communities": 0.0726373998030027, "consensus": 0.0704421164683361, "health public": 0.0703401377898266, "health health": 0.0670046589196304, "cardiovascular": 0.0653724566358972, "reply": 0.0648315608055113, "key": 0.0626690205351559, "brasil": 0.0618760272438363, "symptoms": 0.0607602292020363, "recommendations": 0.0588767591357154, "child health": 0.0571244145787175, "depressive symptoms": 0.0571244145787175, "science": 0.055248309177955, "survey": 0.0543635243181133, "cancer": 0.0541310082521038, "health emergency": 0.0534390862903859, "sectional survey": 0.0534390862903859, "students covid": 0.0523172181161864, "depressive": 0.0503520172068044, "build": 0.0502539899557083, "alzheimer": 0.0501564641249686, "treatment": 0.0487864186967628, "care": 0.0485854563519168, "impact": 0.0482859847864699, "teams": 0.0470238197032571, "racism": 0.0464546353956777, "2010": 0.0458242884549205, "strategic": 0.0456699049528048, "breast cancer": 0.0455931794635975, "complexity": 0.0454406485833886, "decline": 0.0450645760688302, "greater": 0.044916199768736, "summary": 0.0438387233685796, "practitioners": 0.0436303468864139, "political": 0.0435613910848921, "youth": 0.0432880350285025, "confinement": 0.0431528127713586, "traumatic": 0.0426869473320303, "law": 0.0423610204494528, "13": 0.0416630095818996, "authors": 0.0408100634729191, "significance": 0.0406321499735196, "review meta": 0.0403392677422204, "implementing": 0.0397103386306765, "admission": 0.0393206497126483, "breast": 0.0377860589937971, "coronavirus covid": 0.0376341358127815, "reactions": 0.0372348278498215, "cross sectional": 0.0368921644332178, "time covid": 0.0368921644332178, "sectional": 0.0368437113999279, "fight": 0.0366032762044015, "nationwide": 0.0365555508770081, "depression": 0.0365079447141017, "cognitive": 0.0363186999015013, "southern": 0.0361779888691995, "news": 0.0360383086962064, "england": 0.0357619812748749, "issue": 0.0357619812748749, "adv": 0.0353996661757865, "predictors": 0.0351766664601249, "ther": 0.0347383423665768, "brazilian": 0.0346950591281507, "meta analysis": 0.0342675466358781, "determinants": 0.0341411400402326, "pediatr": 0.0340991900599685, "frontiers": 0.0336028602979478, "caused": 0.0330000832788419, "overview": 0.0329211338561455, "lancet": 0.0322629438461697, "services": 0.0321491151000815, "child": 0.0321113227024977, "meta": 0.0318488528577211, "impact covid": 0.0317745203723876, "students": 0.0316267191800029, "uk": 0.0313345102675779, "death": 0.0306579520615546, "education": 0.0301062677628572, "pediatric": 0.0300384162380868, "versus": 0.0297360375214679, "implementation": 0.0296363009818918, "year": 0.0296363009818918, "home": 0.0295041253514125, "stress": 0.0294712241209212, "center": 0.0290807751519337, "systematic review": 0.0290485958053272, "prevalence": 0.02901647067837, "general": 0.0288566519862043, "social": 0.0277739295802169, "cross": 0.0277438803094762, "res": 0.0276241545889775, "learning": 0.0275051759917236, "society": 0.027475546990674, "systematic": 0.0272109377704704, "post": 0.0267209238134739, "children": 0.0264665148126555, "report": 0.0263545247207023, "global": 0.0260224479662638, "patient": 0.0258042337578448, "19 pandemic": 0.0254815249255569, "high": 0.0254815249255569, "2019": 0.0254016939994176, "time": 0.0250074775092805, "analysis": 0.0232684629225496, "coronavirus": 0.0229856454995712, "pandemic": 0.0227069619752751}