{"official european": 0.4312011743808698, "ablation": 0.4153857615559476, "european society": 0.3804814770780184, "oncology": 0.2450391633552869, "north": 0.2306159037997495, "official": 0.2173362057905396, "group": 0.2105646031831482, "society": 0.1947759303355757, "american": 0.194147755979541, "european": 0.1916638525877627, "international": 0.1840864206896884, "radiofrequency ablation": 0.1617298330763297, "radiofrequency": 0.1472377159394896, "thermal": 0.1036022115640698, "percutaneous": 0.0898965139714374, "liver": 0.085860931368202, "hepatocellular carcinoma": 0.0820043015571137, "hepatocellular": 0.0788892172242345, "ultrasound": 0.0630160006552319, "carcinoma": 0.0613743362265903, "contrast": 0.0603527461639766, "ct": 0.0572406209121347, "study international": 0.0568899871036577, "guided": 0.0556713103829932, "colorectal": 0.0487937973165455, "colorectal cancer": 0.0420983290284824, "thyroid": 0.0399325255954102, "enhanced": 0.0397987938932328, "hepatic": 0.0397241360134535, "cancer": 0.0383738219875475, "comparison": 0.0377243640160677, "fusion": 0.0374123266404845, "study": 0.0327890932487515, "therapy": 0.0301794912128542, "evaluation": 0.0287217096593339, "laser": 0.0280655526856549, "tumors": 0.0280655526856549, "imaging": 0.0271569106571133, "retrospective": 0.0257270944486406, "cancers": 0.0252245230769755, "lung": 0.0249871323599903, "efficacy": 0.0243863439476636, "recurrent": 0.024171620611654, "retrospective study": 0.0223310269579721, "techniques": 0.0199244559499957, "ventilation": 0.0195545354355238, "local": 0.0181470942129175, "small": 0.0181046071047422, "long term": 0.0177090940099075, "prospective": 0.0175669498299306, "systems": 0.0166395570355972, "term": 0.0165290318301787, "surgery": 0.0162754500719486, "neural network": 0.016041626372545, "long": 0.0156663535372108, "isolates": 0.0151206579752965, "metal": 0.0150559089671561, "interstitial": 0.0149602166007586, "propensity": 0.01471302028575, "non": 0.0146342306152794, "high": 0.0144512143119236, "epilepsy": 0.0143622068124156, "tissues": 0.0142224967759144, "system": 0.0141529069762699, "automatic": 0.0141132712921645, "algorithms": 0.0140863062609088, "oxford": 0.0140327763428274, "resection": 0.0139534622911649, "radiotherapy": 0.013875294988927, "perfusion": 0.0138494883644664, "treatment": 0.0138340031485135, "positioning": 0.0138238043372587, "19 international": 0.013772799453695, "lung cancer": 0.0137474763274961, "recurrence": 0.0135005622982237, "software": 0.0134525044034862, "mri": 0.0133341960161785, "clinical": 0.0133043969204121, "rationale": 0.0131955607905007, "patients": 0.013062305723477, "intensity": 0.0130160761732246, "partial": 0.0129940538309245, "focused": 0.0128210317834698, "difference": 0.0127786278205329, "dimensional": 0.0127786278205329, "external": 0.0126948047839505, "immediate": 0.0125918211452957, "randomized controlled": 0.0122941416955339, "retrospective analysis": 0.0122941416955339, "controlled trial": 0.0121984493291363, "artery": 0.0119211332840859, "neural": 0.0119031416616277, "single center": 0.0118317679840152, "criteria": 0.0117090873785617, "vivo": 0.0117090873785617, "tumor": 0.0115722072178432, "profiles": 0.011228563494531, "prognostic": 0.011165513478986, "one": 0.0111498651972678, "score": 0.0111498651972678, "three": 0.0111187038570581, "lesions": 0.0110569148695553, "vitro": 0.0110569148695553, "on": 0.0108608425921199, "susceptibility": 0.010685954754233, "antimicrobial": 0.0106147221354045, "follow up": 0.0103793197325058, "estimation": 0.0102852916658164, "animal": 0.0101667526955956, "guidance": 0.010127810311916, "frequency": 0.0100507570709744, "modified": 0.0100380209577599, "normal": 0.0099622279749978, "real time": 0.0098751251867311, "technique": 0.0098382207597572, "combined": 0.0097050197264752, "randomized": 0.0096811500296035, "follow": 0.009657385254815, "complications": 0.0095867113391674, "quantitative": 0.009575021653404, "exploring": 0.0094938939941401, "reduction": 0.0094709365177791, "controlled": 0.0092246361519899, "access": 0.0088239730635733, "value": 0.0088239730635733, "up": 0.0087834749149653, "trial": 0.0087633390348579, "therapeutic": 0.0087033774861284, "isolation": 0.0085563200730332, "preliminary": 0.0085563200730332, "perspectives": 0.0084509646521253, "rate": 0.0084320277586516, "cell": 0.0084131569626717, "real": 0.0084037462073638, "multi": 0.0083012948158316, "center": 0.008246219865279, "induced": 0.0082279855223305, "multiple": 0.0082279855223305, "network": 0.0081109381394301, "single": 0.0081020385858826, "monitoring": 0.0080577592428838, "large": 0.0079356723038374, "different": 0.0078927294445572, "activity": 0.007884181652169, "current": 0.0076747643975095, "results": 0.0076501708256422, "future": 0.0076419977665508, "post": 0.0075770543122755, "experience": 0.0074652472467364, "assessment": 0.0073789926933335, "development": 0.0072711676297331, "time": 0.0070911850437327, "control": 0.007003391868717, "response": 0.006967228004385, "based": 0.0067829789598834, "analysis": 0.0065980655668209, "covid 19": 0.00612764050972, "covid": 0.00612147225171, "19": 0.0060907360827461}