{"cancer": 0.4236982304309071, "breast cancer": 0.3568703056199633, "pathways": 0.297362245258537, "breast": 0.2957618349923767, "br": 0.2806363103309321, "uk": 0.2452637957519639, "phase": 0.2405168547581408, "level": 0.218575767401927, "outcomes": 0.2129874641909286, "19 pandemic": 0.199450876092261, "management": 0.1943219580210033, "study": 0.1810176842879794, "pandemic": 0.1777336118067231, "covid 19": 0.1691433317176235, "covid": 0.1689730672073193, "19": 0.1681246463486642}