{"interventions": 0.3767138805136736, "official society": 0.3700567118859962, "angiography": 0.3465845447827378, "laparoscopy": 0.2892918473282408, "percutaneous": 0.2800200000457204, "endoscopy": 0.2115066193336641, "cardiovascular": 0.202096122927824, "cardiac": 0.1997145262418778, "laparoscopic": 0.1986131757822324, "official": 0.1790246070076645, "society": 0.1698789309100979, "techniques": 0.1689492417249352, "surgical": 0.1662115517893113, "incision laparoscopic": 0.1125890250200401, "single incision": 0.1092685520937161, "incision": 0.0930517846626107, "clin exp": 0.0672316781510635, "arch": 0.0669664367831766, "ophthalmol": 0.0593838671109869, "covid 19": 0.0593820246565831, "covid": 0.0593222490139588, "19": 0.0590243895131662, "single": 0.058886710265431, "coronary": 0.0577629374215971, "exp": 0.0517779745473345, "obstructive": 0.0495954038969569, "gastric": 0.0494159733859293, "cholecystectomy": 0.0465258923313053, "gastrectomy": 0.0450955632847843, "obstructive pulmonary": 0.0439433187155452, "artery": 0.0433222030661978, "chronic obstructive": 0.0432714618972996, "laparoscopic surgery": 0.0431411291177945, "clin": 0.0407653070871731, "disease": 0.0398409159229283, "patients": 0.0395577506195558, "pulmonary disease": 0.0395360922150152, "bypass": 0.0384045974897499, "outcomes": 0.0373873055523212, "results": 0.0370683162527852, "stent": 0.0369524819694203, "resection": 0.0338052159107696, "special": 0.0334039944761656, "bleeding": 0.0332451066976612, "anti": 0.030539780995337, "chronic": 0.0302683085672327, "surgery": 0.02957304210129, "severe acute": 0.0291460905647926, "special issue": 0.0283258279093684, "radiation": 0.0281182429581489, "experience": 0.0271292124209556, "severe": 0.0270146493884706, "en": 0.0266029697989483, "step": 0.0265297945456745, "19 pandemic": 0.0262583441546643, "situation": 0.0258889872736672, "acute": 0.0258773556772084, "disease covid": 0.0258542896738559, "laparoendoscopic": 0.025793655499852, "surgical endoscopy": 0.0254330597616255, "2020": 0.0252931976528772, "treatment": 0.0251368506389565, "impact": 0.0248790056732112, "biomol struct": 0.0248729606685405, "struct dyn": 0.0247664677833947, "issue": 0.0245681374960019, "guidance": 0.0245367642204777, "device": 0.0242270964579587, "technique": 0.0238351722333456, "study": 0.0238315556453881, "pandemic": 0.0233991970259063, "liver": 0.0231129200340293, "gastric cancer": 0.022935419512826, "biomol": 0.022777600595902, "chest": 0.0226435932913957, "events": 0.0221905029157642, "intervention": 0.0221643324050216, "secondary": 0.0214025866067568, "safe": 0.0213533446830879, "pulmonary": 0.0207999809723949, "embolization": 0.0207776048277627, "reactions weekly": 0.0204416764186399, "dyn": 0.0203873261636904, "year": 0.0203598539968913, "dis": 0.0202916925094969, "canadienne": 0.0201221414301785, "thrombectomy": 0.020070369080452, "coronary artery": 0.0194790653412515, "struct": 0.0192476218886301, "different": 0.0191218077227678, "fistula": 0.0189802717829263, "tmprss2": 0.0189802717829263, "colon": 0.018936755555484, "retrieval": 0.0186399787164379, "cancer": 0.018593741259929, "current": 0.018593741259929, "elevation": 0.0184762409847101, "health emergency": 0.0183560693904466, "distal": 0.0182771627957613, "liver disease": 0.0182771627957613, "report": 0.0181053052403137, "fda": 0.0180082442148651, "ablation": 0.0179707130626711, "pneumothorax": 0.0178593930771522, "cystic": 0.0178227029636309, "19 management": 0.0177862172529164, "bovine": 0.0177499336801404, "hospital": 0.017597481296253, "myocardial infarction": 0.0175714711901442, "model": 0.0171620394380287, "system": 0.0171442064383112, "safety efficacy": 0.017129021500307, "endovascular": 0.0170961935211227, "dexamethasone": 0.0169665027854528, "review": 0.0168621317685848, "current status": 0.0167145806447979, "case": 0.0166544919709599, "prophylactic": 0.0163248126172028, "paris": 0.0162094057871615, "tele": 0.0162094057871615, "st": 0.0161808690616863, "revue": 0.0161524561401816, "thrombotic": 0.0161524561401816, "tube": 0.0161241659530615, "analysis": 0.0159852104392061, "lens": 0.0159845195507144, "beijing": 0.0159021389911129, "replacement": 0.0158749074835438, "aortic": 0.0157670998124061, "infarction": 0.0157670998124061, "experts": 0.0157138542497312, "economics": 0.0156610380914287, "predictor": 0.0155826040026514, "greater": 0.0154284988188208, "expanding": 0.0154031635139773, "views": 0.0152531760090843, "significant": 0.0152285086799805, "arterial": 0.0151065467171617, "amid covid": 0.0150105864929294, "determination": 0.0149395279137244, "responding": 0.0149395279137244, "left": 0.0148692320531354, "myocardial": 0.0148459667777467, "endoscopic": 0.0147080844611031, "pathogen": 0.0146853836822755, "main": 0.0146627613173479, "patients severe": 0.0146177496753234, "tocilizumab": 0.0145286439724289, "reconstruction": 0.0145065556947133, "ophthalmology": 0.0143324811777728, "single center": 0.0143324811777728, "panel": 0.0143110436197293, "weekly": 0.0142471487896613, "quality life": 0.0142048959454596, "surgeons": 0.0141211993669378, "image": 0.0140797487973378, "spontaneous": 0.0139772558114213, "computational": 0.0137967160079087, "statement": 0.0137769598296252, "detecting": 0.0137180463756713, "registry": 0.0136017859001473, "veterinary": 0.0136017859001473, "era covid": 0.0135634865621411, "review literature": 0.0135634865621411, "la": 0.0135254098959628, "morbidity": 0.0135254098959628, "guided": 0.0134875533273501, "amid": 0.0133198556496252, "hybrid": 0.0132648972728372, "upper": 0.0132103962526134, "optimal": 0.0130143520926362, "hong kong": 0.0129968174954559, "kong": 0.0129968174954559, "case series": 0.0129618885159431, "lab": 0.0129618885159431, "hong": 0.0129444936368336, "susceptibility": 0.0129444936368336, "devices": 0.0129098418727425, "reactions": 0.0127899844701428, "combination": 0.0127224666748849, "selection": 0.0126889670205927, "dual": 0.0126556378487395, "utilization": 0.012573049514257, "inhibitors": 0.0124430369442356, "renal": 0.0124269653579258, "germany": 0.0123630705278578, "response covid": 0.0123630705278578, "simple": 0.012299793048795, "reduced": 0.0122527329555178, "total": 0.0121596152522219, "expert": 0.0121442235456437, "consensus": 0.0120982642824052, "lessons learned": 0.0119922638714586, "populations": 0.0119772600432821, "hand": 0.0119027522074213, "assisted": 0.0118584510139116, "line": 0.0118584510139116, "mechanical": 0.0118144474790444, "ii": 0.011756232267869, "generation": 0.0117417589622335, "canadian": 0.0116698683596345, "pressure": 0.0116698683596345, "consequences": 0.0115987583436037, "stage": 0.0115987583436037, "aspects": 0.0115144331254063, "higher": 0.0115144331254063, "economic": 0.0114865642827799, "end": 0.0114449821231874, "case report": 0.0113899467729776, "functional": 0.0113899467729776, "overview": 0.0113082513086363, "cost": 0.0112947339289468, "learned": 0.0111215006639017, "comprehensive": 0.0110952514578821, "outcome": 0.0109912942253979, "initial": 0.0107383991711062, "long term": 0.0107260071747229, "considerations": 0.0105912206596659, "training": 0.0105188534246199, "preliminary": 0.0103647482407892, "united states": 0.0103647482407892, "family": 0.0103296946256084, "versus": 0.0102141860206017, "levels": 0.0101913267717932, "trends": 0.010168547033576, "in": 0.0101571868084646, "effective": 0.0101119419436465, "laboratory": 0.0100894361890775, "literature": 0.0100782122477963, "following": 0.0100223792742227, "term": 0.0100112695715847, "center": 0.0099891065449019, "status": 0.0099780530939495, "systematic review": 0.0099780530939495, "virtual": 0.0099670182671862, "public health": 0.0099450042359223, "series": 0.0098794026710386, "application": 0.0098468466729227, "efficacy": 0.0098468466729227, "states": 0.0098036889013594, "lessons": 0.0097076113621343, "united": 0.0096970225673706, "era": 0.0096864508650999, "quality": 0.0095092947043647, "long": 0.0094887643799202, "life": 0.0093669158766385,