{"wild": 0.5676292636350293, "animal": 0.4282235692316579, "volume": 0.3439005780734431, "medicine": 0.3014940094798102, "reduction": 0.1595663182155219, "college cardiology": 0.1509167233193602, "value health": 0.1341690066620012, "challenges": 0.1273866944470445, "19 american": 0.123942467168914, "american college": 0.1103971268333275, "patient covid": 0.1067661880909769, "covid 19": 0.1032384742151758, "covid": 0.1031345514174024, "19": 0.1026167085083712, "species": 0.1022828175478107, "cardiology": 0.0993731255414089, "veterinary": 0.0945894068822074, "innovative": 0.0937950118382889, "mixed": 0.0884744536997148, "organization": 0.0882414907304753, "estimation": 0.0866432860048333, "risks": 0.0804636608355418, "college": 0.0799765528640997, "italian": 0.0792078567906438, "value": 0.0743331396606965, "face": 0.0733172426451353, "center": 0.0694661473354916, "american": 0.0654200195583728, "cancer": 0.0646522070854999, "severe": 0.0626216704567339, "patient": 0.0616393715345211, "19 pandemic": 0.0608685069625469, "model": 0.0596740436604948, "risk": 0.0586312361652004, "health": 0.0553557904294299, "study": 0.0552430572996341, "pandemic": 0.0542408226010089}