{"prim care": 0.4764618897967762, "prim": 0.4307600727222745, "cns": 0.3700189933066607, "disord": 0.3075593405686627, "care": 0.2471919953876963, "online": 0.1975976420953943, "covid 19": 0.1873124013548967, "covid": 0.1871238473399867, "19": 0.1861842906528832, "doctors": 0.0957881999887459, "19 pandemic": 0.0864295540932485, "pandemic": 0.0855762755377073, "neurosurgical": 0.0791980385569962, "association": 0.0782095420933306, "midst": 0.0766556363043245, "speed": 0.0739023915966076, "operations": 0.0701509020790082, "neurosurgery": 0.0674887578822822, "official publication": 0.0648500081193983, "primary care": 0.0620647808016639, "burn": 0.0614905100935081, "health": 0.0611347598186288, "personnel": 0.0587813253733392, "protect": 0.0573478999005575, "education": 0.0567311089059736, "publication": 0.0564305181825005, "depression": 0.0550353488867637, "primary": 0.0546171030760255, "aerosol": 0.0535682359412626, "generation": 0.0515307939398244, "course": 0.047843896344303, "health care": 0.0476769519030973, "official": 0.0462165454964547, "family": 0.0453336988883549, "xue": 0.0430572319383058, "national": 0.042096483398748, "general practice": 0.0413645609110404, "world": 0.0413299796500142, "disorder": 0.0410625482174992, "da xue": 0.0402833945868654, "xue xue": 0.039598538830435, "high": 0.0384131351525549, "online covid": 0.0374431639114307, "consultations": 0.0345983584774249, "19 associated": 0.030188095780176, "perceived": 0.0297628844786948, "late": 0.0289880847216505, "medical": 0.0278949216376313, "associated": 0.0278372063679032, "response": 0.0277796452112282, "res public": 0.0272898510139427, "xue bao": 0.0272898510139427, "int environ": 0.0264043571102723, "bao": 0.0259994304479994, "letter": 0.0257653969699122, "br dent": 0.0254318555226985, "reply": 0.024433226765752, "health online": 0.0238832291647138, "yi": 0.0235957689610465, "face": 0.0231346659486257, "stress": 0.0222137827028702, "india": 0.0218710146483513, "general": 0.0217505521360017, "detection sars": 0.0206822804555202, "practice": 0.0205321282292891, "stigma": 0.0195947793577853, "marketing": 0.0194746838582453, "environ res": 0.0192403517841411, "medical education": 0.0190882710430451, "time": 0.0188492567888865, "medications": 0.0185799902454987, "telephone": 0.0182377566710284, "wastewater": 0.0180399768425382, "da": 0.0177844638139789, "health covid": 0.0174473400916588, "infection covid": 0.0172991792387124, "suicide": 0.0172991792387124, "sars": 0.017219899455179, "combating": 0.0172117272855686, "di": 0.0170399530469654, "market": 0.0165744406040062, "medical students": 0.0164691559835921, "dent": 0.0163653917719359, "waves": 0.0159646999981243, "evaluate": 0.0157961869904825, "frontline": 0.0154933476556061, "19 patient": 0.0153801870997652, "measuring": 0.0153577672788037, "first": 0.0152687810419891, "consumption": 0.0152467056120646, "concern": 0.0150725020065121, "remdesivir": 0.0146749467997665, "behavioral": 0.014513919404728, "management covid": 0.0144150795135762, "causes": 0.0143175807750018, "water": 0.0141642832960494, "opportunity": 0.0141453490379559, "concerns": 0.013848995829702, "onset": 0.0137052801032746, "interactions": 0.01366979584949, "cov infection": 0.0135643825146571, "br": 0.0135122501448299, "pharmaceutical": 0.0133750517660416, "iran": 0.013075610656241, "teaching": 0.0128668538329157, "working": 0.0127881504525737, "consequences": 0.0127258025838482, "college": 0.012617978851093, "protein": 0.0125117491918955, "environ": 0.0124816840987083, "academic": 0.0123185377412924, "hospitals": 0.0122455874011207, "impact covid": 0.0119749401678072, "students": 0.0119192379757743, "secondary": 0.0117411314156529, "to": 0.0117276120385908, "incidence": 0.011620363080606, "nursing": 0.011620363080606, "indian": 0.0114234864696129, "challenge": 0.0114105511883722, "exposure": 0.0112192653551665, "lockdown": 0.0111691042663758, "trends": 0.0111566185172938, "effectiveness": 0.0110945131454648, "induced": 0.0109355073241756, "public health": 0.0109113542029845, "de": 0.0106276773595672, "open": 0.0104107817997696, "res": 0.0104107817997696, "life": 0.0102770933520958, "perspective": 0.0102770933520958, "int": 0.0102660641146445, "detection": 0.0101242036100095, "potential": 0.0098071427597908, "patient": 0.0097249038444914, "public": 0.0096334963629453, "approach": 0.0095332779073079, "research": 0.0093855232813899, "management": 0.0093563334777193, "impact": 0.0090988278026709, "sars cov": 0.0088502318843687, "infection": 0.0087871608493125, "disease": 0.0087424466615339, "cov": 0.0087335371169469, "study": 0.008715751100963, "coronavirus": 0.0086626556860631}