{"natl med": 0.490790602515571, "natl": 0.3541055101464233, "bull": 0.3210042032690424, "acad": 0.2608340827714147, "med": 0.2439810478338986, "anti sars": 0.2383491936236755, "sars cov2": 0.1614236135074282, "cov2": 0.1588173107008076, "crit care": 0.1288378020840929, "sars": 0.1280298519455629, "anti": 0.1245633375482849, "crit": 0.1185166575708477, "vaccination": 0.113636412031454, "mmwr": 0.1095761115539551, "care": 0.1021039468319462, "infection": 0.0979987344427534, "pain med": 0.0938750076740159, "east respiratory": 0.0916608918481795, "cov outbreak": 0.0810331427851335, "care med": 0.0734506577873198, "outbreak": 0.0722286623047302, "eating": 0.0699991218141241, "care hospital": 0.0669429640003343, "morbidity mortality": 0.0668229087455807, "middle east": 0.0646387561861704, "partial": 0.0642008406538085, "nosocomial": 0.0639845459561034, "anaesth": 0.0633459757253749, "notes": 0.0628252526236496, "2015": 0.0610304714376659, "example": 0.0601763658437469, "respiratory syndrome": 0.0600831292771237, "tertiary care": 0.0600831292771237, "exploratory": 0.0597134036623693, "weekly": 0.0581101876289875, "arabia": 0.0571758006602579, "saudi arabia": 0.0571758006602579, "emotional": 0.056516205438898, "perceived": 0.0553217180971132, "morbidity": 0.0551664138851216, "recognition": 0.0546298513843032, "french": 0.0545540719030752, "nutr": 0.0539554530319365, "icu": 0.0521668165542829, "multicenter": 0.0514162314349541, "fight": 0.0512819987443534, "improvement": 0.0510819060543132, "resources": 0.0493454808267192, "body": 0.048669185230187, "saudi": 0.048669185230187, "east": 0.0479504266419657, "pain": 0.0479504266419657, "quarantine": 0.0474817786702112, "tertiary": 0.047308133968475, "illness": 0.0470783497625501, "healthy": 0.0462893230129294, "index": 0.0462893230129294, "field": 0.0460681022933427, "middle": 0.0451478324849896, "regional": 0.0449886726344731, "mass": 0.0444648862599608, "injury": 0.0425632118317153, "adults": 0.0414746967803188, "stress": 0.0412898361863549, "public health": 0.0405629274076149, "large": 0.0392084594760567, "quality": 0.0387857884863931, "mortality": 0.0383697014253483, "report": 0.0369232714603991, "syndrome": 0.0368451654128851, "international": 0.0363812652002464, "association": 0.036342968062191, "hospital": 0.0358876346074564, "public": 0.0358124946163684, "early": 0.0355140306262025, "acute": 0.0351821971760843, "respiratory": 0.0349269245923893, "treatment": 0.0341754252867676, "sars cov": 0.0329007112030159, "cov": 0.0324668987456691, "health": 0.0324668987456691, "study": 0.0324007792831527, "covid 19": 0.0302753611049467, "covid": 0.0302448850614605, "19": 0.0300930242248321}