{"series earth": 0.4173351833724903, "earth environmental": 0.4134845415681264, "iop conference": 0.3904679577849071, "iop": 0.3462175976674829, "conference series": 0.3158418840685105, "environmental science": 0.2803126580014144, "earth": 0.2417501629547853, "conference": 0.1700741702113614, "environmental": 0.1391621303753165, "science": 0.1316079466021316, "series": 0.1306738486880142, "algorithms": 0.0940406485330275, "covid": 0.0905888538273312, "covid 19": 0.0879529129355595, "19": 0.0874232062976744, "construction": 0.0846844443307135, "tools": 0.0675273523426013, "systems": 0.0573945550195358, "analysis": 0.0528586858875165, "software": 0.0374205692827132, "pandemic": 0.0358216187323415, "19 pandemic": 0.0305509824877876, "indonesia": 0.0285741799096123, "science covid": 0.023546344184119, "mathematical": 0.0230758909552134, "2020": 0.0224582537369637, "science iccs": 0.0221904119672937, "iccs": 0.0213728314538967, "computational science": 0.0182133350311852, "contribution": 0.0178700543041643, "pandemic covid": 0.0148379357484214, "impact": 0.0129495950904129, "food": 0.0128821385068532, "security": 0.0127643245029745, "district": 0.0112266502666164, "impact covid": 0.0100252491321565, "indonesian": 0.0097426926151554, "city": 0.0097284022514261, "community": 0.0093733641444281, "urban": 0.0093595153916379, "outbreak": 0.0089462997760628, "computational": 0.0088709323665911, "19 case": 0.0084361796671209, "big data": 0.0083053702318522, "development": 0.0080904261063579, "province": 0.0079902180452897, "climate change": 0.0076906814142205, "food security": 0.0076551798980343, "case": 0.0076488632610434, "climate": 0.0073206279989775, "study": 0.0072967025251552, "new normal": 0.007278370858996, "19 outbreak": 0.007100406839681, "small": 0.0070505725763094, "sector": 0.0069714252086609, "based": 0.0067925089291523, "new": 0.0067785730821589, "post covid": 0.0067527352342601, "context": 0.0066044288240697, "big": 0.006582439675219, "artificial": 0.0065031393401735, "industry": 0.0064949686715564, "effect": 0.0063583109270724, "sustainable": 0.0063363802618507, "model": 0.006305570565395, "era": 0.0062281379458237, "data": 0.0056219272430734, "normal": 0.0055423470748239, "analysis covid": 0.0054717398906927, "case study": 0.0054259891823515, "order": 0.0053707633301895, "context covid": 0.0053299091243875, "strategy": 0.0052921291866674, "policy": 0.0050776929937179, "coronavirus": 0.0050765762607016, "post": 0.0050584666292098, "intelligent": 0.0048517299058619, "price": 0.0048323244372836, "crisis": 0.0047601897534415, "education": 0.0047494475325635, "change": 0.0047227586383018, "implementation": 0.0046753074038095, "review": 0.0046465352559235, "organizations": 0.004640252123409, "institutions": 0.0046058760137745, "interpretation": 0.0046058760137745, "performance": 0.0045927548835332, "19 virus": 0.0045805169381198, "mitigation": 0.0045776632553129, "agricultural": 0.0044825005694632, "social": 0.0043815069457761, "east": 0.0043194022724339, "flexible": 0.00428680081114, "caused": 0.0041647716771177, "functions": 0.0041038049180195, "prevent": 0.0040669429635576, "services": 0.0040573753369605, "behavior": 0.0040526057518132, "neural": 0.003973288457267, "period": 0.0039499979425736, "scale": 0.0039318031116931, "income": 0.0039317994762822, "demand": 0.0039143063714086, "memory": 0.003891242911329, "models": 0.0038869089938075, "sustainable development": 0.0037552772675457, "method": 0.0037444343573844, "effectiveness": 0.0037152672739787, "multi": 0.003694647996833, "automated": 0.0036303184415647, "comparative": 0.00358625789183, "efficiency": 0.0035814078276834, "synthesis": 0.0035526853457202, "national": 0.003524257555747, "agriculture": 0.0034948548388718, "dynamics covid": 0.0034788129017508, "world": 0.003460086955025, "communities": 0.0034376979768826, "mapping": 0.0034376979768826, "perceptions": 0.0034199613113723, "air quality": 0.0034167022101529, "animal": 0.0033936789363368, "structure": 0.0033850025196764, "forecast": 0.0033794507063218, "programs": 0.003367773833323, "theory": 0.0033549594041744, "programming": 0.0032876721676768, "pipeline": 0.0032674510621155, "council": 0.0032087502758502, "teachers": 0.0031960856593356, "virus": 0.0031957847966109, "eu": 0.0031773352415007, "build": 0.0031711494825815, "season": 0.0031588725652435, "potential role": 0.0031527807676239, "system": 0.0031495092373732, "forces": 0.003105125925935, "personal": 0.0031012523965228, "environment": 0.0030938712361752, "north": 0.0030791988692654, "infrastructure": 0.0030592869547306, "ppe": 0.0030536779587465, "central": 0.0030502072226682, "russia": 0.0030370061798382, "data analysis": 0.0030205622683774, "communication": 0.0029970721424637, "trade": 0.002983045232111, "industrial": 0.002977779895657, "key": 0.0029659261715204, "combining": 0.002962120748886, "practice covid": 0.002962120748886, "cultural": 0.0029014460040819, "new coronavirus": 0.0029014460040819, "air": 0.0028985791334194, "infection covid": 0.0028965252305169, "protective equipment": 0.0028965252305169, "personal protective": 0.002886743652577, "economy": 0.0028626320748803, "understanding": 0.0028464544649233, "ready": 0.0028436847941701, "tool": 0.00281462487108, "wave covid": 0.0028066625666541, "real": 0.0028051844422857, "text": 0.0027975823163117, "second wave": 0.002793067761448, "coronavirus disease": 0.0027679089445533, "multiple": 0.0027465152336905, "determination": 0.0027444945518811, "responding": 0.0027444945518811, "business": 0.0027273067244316, "application": 0.0027134007048059, "monitoring": 0.0026896934188725, "optimizing": 0.0026853816650947, "effect covid": 0.002677169159081, "balance": 0.0026609104324717, "leading": 0.0026369270311411, "cov main": 0.0026362894330709, "dengue": 0.0026211996508548, "ecological": 0.0026172997205048, "finding": 0.0026056752101758, "learning": 0.0026034656559014, "population": 0.0025536397282101, "sustainability": 0.0025528649005949, "characteristics": 0.0025454675277282, "families": 0.0025345521047403, "continuous": 0.0025309227582189, "uncertainty": 0.0025309227582189, "diagnosis": 0.0025292333146049, "challenges": 0.0025238542012656, "descriptive": 0.00252009994947, "testing": 0.0025131438363625, "enhance": 0.002512938455352, "implementing": 0.0025058193371868, "meeting": 0.0025058193371868, "perceived": 0.0024917062432817, "innovative": 0.0024777567831385, "coronavirus infection": 0.002467399811352, "potential": 0.00246312001723, "artificial intelligence": 0.0024605443656842, "poor": 0.0024503338874903, "supply": 0.0024469495604781, "equipment": 0.0024301692681122, "2019 covid": 0.0024136197986517, "2019": 0.0024043633805179, "energy": 0.0024037982954614, "areas": 0.0024005421975078, "source": 0.0023876052184556, "comparative study": 0.0023843925931569, "role": 0.0023794018319646, "time": 0.0023670493457569, "daily": 0.0023652949309129, "cluster": 0.0023589958198773, "resilience": 0.0023558585887399, "adaptation": 0.0023464956818804, "awareness": 0.0023341240822839, "response": 0.0023256722801353, "benefits": 0.0022917986512551, "literature review": 0.0022653552250521, "intelligence": 0.0022595570092059, "west": 0.0022595570092059, "production": 0.0022566683464509, "nutrition": 0.0022480437399161, "engineering": 0.0022366396027829, "genetic": 0.0022113687854461, "disease": 0.0021957155003267, "health": 0.0021934778172264, "temporal": 0.0021838989287083, "generation": 0.0021570422899205, "teaching": 0.0021543893065754, "activities": 0.0021491008257109, "technologies": 0.0021491008257109, "decision": 0.0021178490047455, "aspects": 0.0021152809622348, "economic": 0.0021101612631923, "dynamic": 0.0021050632578549, "making": 0.0021050632578549, "area": 0.002097456525712, "protein": 0.0020949315983226, "disease 2019": 0.0020724425798192, "school": 0.0020601279640226, "isothermal": 0.0020574191866391, "distribution": 0.0020358705403194, "wave": 0.0020263028759066, "work": 0.002019176729943,