{"brasileira": 0.4582935959351092, "clinical laboratory": 0.3874188631419575, "da": 0.3701310542119002, "medica": 0.3395290738854488, "revista": 0.3258089664335951, "laboratory": 0.2303855984668346, "19 pandemic": 0.1998639705744716, "review": 0.1925178100208192, "clinical": 0.1840031942795525, "pandemic": 0.1781017263809943, "covid 19": 0.1694936544557546, "covid": 0.169323037300573, "19": 0.1684728592273989}