{"21st": 0.556400114946646, "congress": 0.5533874789211648, "2021": 0.3350827026113473, "international": 0.3002067926118644, "association": 0.299890776637199, "covid": 0.1310249366205625, "covid 19": 0.1249113933016885, "19": 0.1241590999213902, "pandemic": 0.0787531599213711, "19 pandemic": 0.0662820044912176, "work": 0.0462408576946714, "home": 0.04263639320307, "health": 0.0334883335036732, "working": 0.0294213335226985, "musculoskeletal": 0.0275700844886645, "study": 0.0267361070957321, "perspective": 0.0236442159698759, "reflections": 0.0230521198475662, "visual": 0.0224769777797238, "development": 0.0222333134128719, "hospital": 0.0222100130808357, "educational": 0.021381367550455, "analysis": 0.0201751447822408, "brazilian": 0.0200551233506845, "issues": 0.0192830927776182, "school": 0.0188714702590433, "simulation": 0.0188266691598352, "action": 0.0186712841355839, "interventions": 0.0181125925229995, "interfaces": 0.0180416095318162, "context": 0.01728537315684, "health promotion": 0.0171540753723372, "workers": 0.0169786805255579, "systems": 0.0169597926799261, "virtual": 0.0167726734952894, "distance learning": 0.0164296441115224, "lessons": 0.016336138996784, "support": 0.016336138996784, "activity": 0.0160718324394823, "social": 0.0160544353479004, "world": 0.0158477845079972, "safety": 0.0157290037021958, "ear": 0.015683841876725, "time coronavirus": 0.0153456666030559, "housing": 0.0152481325946876, "learning covid": 0.0151522949162125, "combat covid": 0.0148443641071282, "teachers": 0.0146386138431267, "approach": 0.0146219606406039, "health workers": 0.0145244019285739, "workers covid": 0.0143300558756039, "forensic": 0.0142220028525434, "case": 0.0140132358831167, "assistance": 0.0139100028736661, "new": 0.0137986725477138, "contributions": 0.0137850422443322, "workplace": 0.0136628525902935, "employees": 0.0136147254056509, "promotion": 0.0134495152018463, "looking": 0.0133801994751407, "new normal": 0.0133344686930644, "coronavirus": 0.0132866168086447, "protective equipment": 0.0132665763236222, "actions": 0.013067778218207, "worker": 0.0130461258225128, "wearing": 0.0129391219241797, "maintenance": 0.0129179682413338, "lifestyle": 0.0128759029407725, "university hospital": 0.012751600054886, "environments": 0.0127311528046562, "fatigue": 0.0127311528046562, "product": 0.0126100374322496, "applying": 0.0125901078350675, "physical activity": 0.0125504635805211, "physiological": 0.0123755115017394, "return": 0.0123755115017394, "sharing": 0.0122995030192358, "forward": 0.0121505607736634, "processes": 0.012132222894463, "success": 0.0120055385194456, "frontline": 0.0118817012266999, "movement": 0.0118294683463892, "nurse": 0.0117777259229, "promoting": 0.0116588501471973, "republic": 0.0116253513959246, "sustainable": 0.0116086780772608, "combat": 0.0115754820273869, "government": 0.0115096839009902, "german": 0.0113963944680252, "effects covid": 0.0113326882369397, "distance": 0.0111458728002621, "equipment": 0.0111305869995747, "on": 0.0110698643177585, "19 case": 0.0110397520700717, "best": 0.0109503902045194, "hong kong": 0.0109356364403798, "kong": 0.0109356364403798, "measurement": 0.0109209220721861, "hong": 0.0108916106859787, "synthesis": 0.010847933884422, "resilience": 0.0107902314973453, "icu": 0.0107616053154926, "identify": 0.0107616053154926, "building": 0.0107189429531296, "mixed": 0.0107047952493011, "assess": 0.0106766083458267, "coronavirus pandemic": 0.0106766083458267, "mental health": 0.0106766083458267, "occupational": 0.0105929025194059, "response covid": 0.0104023961732706, "solutions": 0.0103890373119055, "simple": 0.0103491539463843, "nurses": 0.0103095571703958, "problems": 0.0102833165131229, "gender": 0.0102182563994833, "applied": 0.0101539554643594, "burden": 0.0101539554643594, "normal": 0.0101539554643594, "lessons learned": 0.0100903961943933, "mobile": 0.0100903961943933, "site": 0.0099530939527017, "case study": 0.0099407799193889, "mechanical": 0.0099407799193889, "managing": 0.0098917971291838, "mask": 0.0097831523207759, "aspects": 0.0096883452060887, "exploring": 0.0096766081886285, "economic": 0.0096648961170265, "remote": 0.0096299085225735, "healthy": 0.0095491244720318, "mental": 0.0095034883717471, "increase": 0.0094469696443494, "learned": 0.0093577283803819, "update": 0.00922651914324, "impact covid": 0.0091834679272823, "communication": 0.0091513988108897, "practices": 0.0090458299191048, "times": 0.0089834459213577, "prospective": 0.0089525167796509, "developing": 0.0089319933756132, "digital": 0.0087804569446172, "challenge": 0.0087506433771366, "physical": 0.0087308569012483, "conditions": 0.0087209902421856, "understanding": 0.0086914958223652, "design": 0.0086719202152272, "levels": 0.0085750718943623, "protective": 0.0085559048224666, "effective": 0.0085082768024256, "laboratory": 0.0084893402627789, "university": 0.0084235701839904, "primary": 0.0083770675652836, "general": 0.0083401459691063, "measures": 0.0083401459691063, "application": 0.0082852233123143, "monitoring": 0.0082128343880617, "state": 0.0080446285181794, "quality": 0.0080012041199871, "low": 0.0079581192436272, "learning": 0.0079495425452198, "life": 0.0078814053232919, "systematic": 0.0078645018510979, "survey": 0.0078560695195147, "emergency": 0.0077974017512212, "population": 0.0077974017512212, "detection": 0.007764155631587, "challenges": 0.0077064532445103, "comparison": 0.0076900772217174, "strategies": 0.0076900772217174, "children": 0.0076493488203895, "experience": 0.007608919236142, "human": 0.0073955818476949, "data": 0.007356965518575, "effects": 0.007356965518575, "factors": 0.0073262661209893, "evaluation": 0.0073186179204356, "role": 0.0072653756935493, "time": 0.0072276580403802, "system": 0.0072126429694708, "respiratory": 0.0072051507485826, "research": 0.0071976687004348, "management": 0.0071752833171213, "response": 0.0071013153929133, "review": 0.007093972916658, "risk": 0.007093972916658, "care": 0.0070210812769331, "impact": 0.0069778046596281, "disease": 0.0067044993458931}