{"software": 0.5747514136280032, "structures": 0.5599076133211669, "science": 0.3346684963572461, "linear": 0.2980772923877914, "finding": 0.2501324036503604, "protocols": 0.2391919259118362, "value": 0.1884998822520312}