{"east respiratory": 0.3896075396564138, "syndrome coronavirus": 0.380029168742009, "respiratory syndrome": 0.3192315678546303, "middle east": 0.2747490915303028, "infect dis": 0.2116124736608352, "forum infect": 0.2061959722269409, "east": 0.2038148153783503, "syndrome": 0.1957644361093035, "middle": 0.1919022996681225, "respiratory": 0.1855725064941664, "infect": 0.1811217918863608, "open forum": 0.1771960782314605, "dis": 0.1758959617462133, "coronavirus": 0.1711019567836753, "forum": 0.1138887842874001, "open": 0.0822521500169652, "recent advances": 0.0802552363164443, "clin infect": 0.0790471681918126, "coronavirus sars": 0.0782146945556908, "int infect": 0.0780510899731967, "increased risk": 0.0770887836996498, "outbreak": 0.076752557295183, "numbers": 0.0724441107198273, "nosocomial": 0.0679920875286719, "biotechnology": 0.0660031975886702, "severe acute": 0.0631622969429118, "variability": 0.0615666690361612, "arabia": 0.060756890354136, "saudi arabia": 0.060756890354136, "contribution": 0.0602295937705556, "variant": 0.0588695580054103, "reproductive": 0.0570220537967473, "coronaviruses": 0.0561038502949656, "commentary": 0.0558788664237505, "editorial": 0.0554341787419159, "temperature": 0.0553607367436833, "interaction": 0.052835934202822, "applied": 0.0523041094378762, "biology": 0.0522383265197154, "saudi": 0.0517174804114455, "acute respiratory": 0.0513330232952577, "korea": 0.0507036113326534, "recent": 0.0497247103106174, "advances": 0.0491296085040502, "outbreaks": 0.0487203383544752, "special": 0.0482597145917425, "increased": 0.0469210626220274, "molecular": 0.0460096521652346, "exposure": 0.0443198558389588, "clin": 0.0441711114820887, "knowledge": 0.0438759408866193, "investigation": 0.0428663651325698, "support": 0.0420745986566157, "int": 0.0405543916817183, "critical": 0.0403375432895697, "comparison": 0.0396124093711298, "severe": 0.0390288433981695, "effects": 0.0378965153988398, "acute": 0.0373857623603115, "response": 0.0365796342880891, "risk": 0.0365418124084333, "sars cov": 0.0349613801652308, "cov": 0.0345003967491542, "sars": 0.0340121851678751}