{"signal": 0.4475693231867291, "target": 0.367590866396808, "ther": 0.352963162598304, "structured": 0.2308526248210198, "promising": 0.2241440776685147, "covid 19": 0.2195657715218877, "covid": 0.219344750343056, "19": 0.2182434111503478, "mrna": 0.2049360238457015, "core": 0.2017408683901226, "pattern": 0.1807572763642442, "immunity": 0.1642932376778849, "vaccine": 0.1331826675311425, "coagulation": 0.1196579274610486, "19 severity": 0.1190302997502574, "recovered": 0.1120720388342573, "prognostic": 0.1000207411630462, "biomarkers": 0.0997407909005653, "analyses": 0.0965018397986136, "supporting": 0.0965018397986136, "active": 0.0837249666006794, "severity": 0.0790452071445178, "incidence": 0.078322339089875, "features": 0.0764746009717029, "19 patients": 0.0754495624861981, "diagnostic": 0.0729780435810502, "evidence": 0.0675870188306698, "potential": 0.0661010637453409, "factors": 0.0643895336810702, "patients": 0.0585061091108508}