{"acm": 0.4621142470285908, "x000e4": 0.4122362796446993, "conf": 0.4013604998771991, "abstract": 0.3224523463467051, "proc": 0.3020904877634929, "syst": 0.3003967488784927, "sensing": 0.118503781315259, "system": 0.0953259785574137, "fever": 0.0918918618185239, "real time": 0.0886843457560077, "den": 0.076596827912391, "real": 0.0754705100144963, "air quality": 0.0689420598733755, "time": 0.0636829502762382, "workers covid": 0.0631311159633801, "low cost": 0.061958102751323, "care": 0.0618628008334551, "innov": 0.0611694647111216, "breathing": 0.0599797248423151, "indoor": 0.0595611515338741, "n95": 0.058845577399471, "pandemic": 0.0578245578691106, "robust": 0.0576659129200929, "maintenance": 0.0569101584902605, "smartphone": 0.0561772228086116, "weeks": 0.0561772228086116, "visits": 0.0552911153015768, "transformation": 0.0549455343702379, "commercial": 0.0536103992955975, "smart": 0.0535293419565899, "person": 0.0526551291512391, "primary care": 0.0524220715167449, "frontline": 0.0523448801942244, "continuous": 0.0510688428782347, "devices": 0.0478545843448162, "temperature": 0.0473474818238787, "estimation": 0.0461839391929059, "video": 0.04518813479485, "skin": 0.0448462044876501, "masks": 0.0425272486623513, "cost": 0.0418676543665688, "infectious diseases": 0.0413721953233025, "air": 0.0389915975254542, "crisis": 0.0384203558642245, "rate": 0.0378622473655976, "lockdown": 0.0377352550072481, "workers": 0.0373998209940338, "multi": 0.037275218579455, "primary": 0.0369052031958462, "monitoring": 0.036181673305507, "screening": 0.0358668987110687, "quality": 0.0352493353501521, "infectious": 0.0352112543219841, "low": 0.0350595247625763, "safety": 0.0346470929817609, "rapid": 0.0344619154974954, "detection": 0.0342050173279449, "diseases": 0.0331338148617064, "public": 0.0325471437276763, "19 pandemic": 0.0324450693636483, "respiratory": 0.0317423191780289, "control": 0.0314472583489195, "response": 0.0312848721215229, "based": 0.0304575405354003, "covid 19": 0.0275148810448861, "covid": 0.0274871837794981, "19": 0.0273491694766885}