{"cov variants": 0.4203799385427106, "sars cov": 0.4142142797485663, "cov": 0.40875265572904, "sars": 0.4029684387573781, "variants": 0.3045975771492595, "concern": 0.243088396069137, "variant": 0.2073567771251143, "delta": 0.1585126242509639, "detection sars": 0.1111875206211562, "euro surveill": 0.0729448181976737, "detection": 0.0704356056406271, "surveill": 0.0655003079856055, "euro": 0.0650003820348378, "lineage": 0.0608265251407301, "spike": 0.0530086918291726, "alpha": 0.0485782022742402, "rt": 0.0480071301518468, "antibodies": 0.0475369264196665, "2021": 0.0449066554331327, "swabs": 0.0368762369437826, "cov antibodies": 0.0360452356950393, "surveillance": 0.0340898592188634, "mutation": 0.0321715988621379, "virol": 0.030737211246172, "validation": 0.0303659471252923, "rapid": 0.0290309789097571, "new": 0.0284500250560774, "mutations": 0.0283204788685831, "neutralizing": 0.0278748698069066, "diffusion": 0.0277301344141266, "unexpected": 0.0273066726785364, "med": 0.0266844728004319, "assay": 0.0262911769093827, "med virol": 0.0248641586183812, "multiplex": 0.0244355564005744, "syndrome coronavirus": 0.0243378214831067, "performance": 0.0242878002952608, "east respiratory": 0.023391786889063, "cov spike": 0.0231632645475263, "surfaces": 0.0229436522342275, "replication": 0.0218823616553144, "infect": 0.0217488725218577, "united states": 0.0215770660587284, "respiratory syndrome": 0.0204442225735906, "non pharmaceutical": 0.0204242476221567, "states": 0.0204090671697537, "united": 0.0201870119416624, "neutralization": 0.0198940413266383, "genomic": 0.0196559931082344, "frontline": 0.0195980995383179, "int": 0.0194788774051124, "vaccination": 0.0193332814717412, "immunity": 0.0192709199445927, "lancet": 0.0192254735852589, "viruses": 0.0192254735852589, "april": 0.0191203468671764, "period": 0.0186506409918529, "assessment": 0.0186081179095593, "identification": 0.0182482318859667, "early": 0.018126304888147, "highly": 0.0181108292031944, "virus": 0.0181073820681467, "specific": 0.0180420270482889, "eu": 0.0180028465112711, "bnt162b2": 0.0178293779958402, "italy": 0.0177994219298657, "vaccines": 0.0174838023375559, "herd": 0.017270568604861, "microbiol": 0.0170702616829685, "kinetics": 0.0170531533041697, "seven": 0.0170531533041697, "nurses": 0.017004949355852, "france": 0.0169832824570395, "middle east": 0.0164957593036013, "beta": 0.0164396524452224, "jama": 0.0162757518754332, "challenges opportunities": 0.0162468371119956, "expansion": 0.0161123762476196, "cases": 0.0158048991505925, "weeks": 0.0157747061456296, "isothermal": 0.0155431722963403, "genome": 0.0153094557939022, "interest": 0.0153094557939022, "nucleocapsid protein": 0.0151519950579374, "evaluation": 0.0150894850567889, "guidelines": 0.0149550727581146, "relevance": 0.0148961810928043, "pan": 0.0148739398175745, "respiratory": 0.0148555390832834, "reverse transcription": 0.0147918359960331, "origin": 0.0147202501721937, "antibodies sars": 0.0147060857185889, "nursing": 0.0146990203400431, "january": 0.0146985746537384, "june": 0.0145699492375721, "environmental": 0.0143037728624638, "containment": 0.0140784250623702, "plan": 0.0140390206473888, "symptom": 0.0139803378332622, "vitro": 0.0139414947377929, "presence": 0.0139221558742961, "associated sars": 0.0138563146009009, "multiple": 0.0138327213591991, "protoc": 0.0138212207595351, "step": 0.013807260826263, "spread": 0.0137262350897913, "surface": 0.0136942702039749, "emergence": 0.0136199703424456, "neutralizing antibodies": 0.0136161650814378, "cov virus": 0.0135498189414659, "nucleocapsid": 0.0133249503950663, "activity": 0.0132547253083734, "hygiene": 0.0130871253997834, "cov transmission": 0.0130218627821907, "safety": 0.0129719883673519, "march": 0.012753712016889, "terminal": 0.0127102708173449, "pharmaceutical": 0.0126889424578067, "syndrome": 0.0125371426476049, "vaccine": 0.0124974225854966, "transmitted": 0.0124963664014113, "hand": 0.0123894215611284, "resonance": 0.0123171183276541, "pcr": 0.0122975063060145, "sequences": 0.0122920789812608, "amplification": 0.0122671768374541, "east": 0.0122369108420451, "ii": 0.0122369108420451, "transcription": 0.0121446726581061, "resistance": 0.012132147828128, "reinfection": 0.0119785319164176, "infectivity": 0.0119091469064737, "opportunities": 0.0118842316049166, "protein": 0.0118699253146484, "engl med": 0.0118634718499115, "environ": 0.0118414024914016, "associated": 0.01173743194808, "2020": 0.0117010506063204, "action": 0.0115489044250386, "middle": 0.0115216910363606, "impact": 0.0115094385617969, "argentina": 0.0114303223594895, "wastewater": 0.0114097117578423, "loop": 0.0113891942066321, "wild": 0.0113281915474332, "brazil": 0.0112553702618057, "saliva": 0.0112283055513642, "interventions": 0.0112033322624624, "evolution": 0.0110876791524196, "immunotherapy": 0.011053863373903, "study": 0.0110248708945785, "replacement": 0.011015991239119, "protocol": 0.0109990639516142, "coronavirus": 0.01095770857115, "partial": 0.0109226690714146, "10": 0.0108991801894056, "robust": 0.0107951560609422, "countries": 0.0107885330293642, "worker": 0.0107593713888579, "possible": 0.0106437429178417, "switzerland": 0.0105845563798714, "silico": 0.0105333967791241, "domain": 0.0104828066848328, "epidemiology": 0.0104786185343152, "spreading": 0.0104660676976811, "despite": 0.0104493901381434, "proteins": 0.0103997215577092, "screen": 0.0103832852653854, "india": 0.0103745410193993, "stability": 0.0103669082030722, "reverse": 0.0103343300716372, "february": 0.0103019838149886, "test": 0.0102607329535499, "emerging": 0.0102381975782808, "detect": 0.0101748530113096, "california": 0.010020783006794, "healthcare": 0.0100168487555407, "different": 0.0099518217618821, "science": 0.009876732704202, "mice": 0.009857128896656, "implications": 0.0097289912755139, "european": 0.0096666407358706, "sub": 0.009657018526316, "evolving": 0.0096152605307753, "characteristics": 0.0096151140747473, "engl": 0.0096014260303693, "measure": 0.0096014260303693, "challenges": 0.0095334730413383, "resistant": 0.0095057460779822, "correlates": 0.0094787749016454, "fast": 0.0094653491020026, "technical": 0.0094253080511415, "investigating": 0.0094120390493829, "one": 0.0093724629222945, "regions": 0.0093462690176546, "transmission": 0.0093138745717538, "french": 0.0092814372495307, "preprint": 0.0092429775288269, "tracking": 0.0092429775288269, "non": 0.0092260387061645, "sensitivity": 0.009192199013139, "development": 0.0091681039823012, "data": 0.0091011299507141, "areas": 0.0090676808165305, "transplantation": 0.0090188133577967, "cov2": 0.0090066781573316, "case series": 0.0089945752743494, "including": 0.0089704657755039, "novel": 0.0089691241283398, "bing": 0.0089494279984236, "reveals": 0.0088051882933629, "gene": 0.0087020270698129, "pakistan": 0.0087020270698129, "xue bao": 0.0086299815321641, "mediated": 0.0085680233605139, "curr": 0.0085351308414842, "england": 0.0085242193599547, "states america": 0.0084509665666739, "frequency": 0.0084485638455772, "infection": 0.0083363997638879, "bao": 0.0082219065431462, "re": 0.0080486655075154, "area": 0.0079228210699444, "cov detection": 0.007876078807866, "personal": 0.0078096709130582, "academic": 0.0077910834439005, "japan": 0.0077910834439005, "biological": 0.0077725716876579, "antibody": 0.0077357728641398, "reply": 0.0077266195279662, "uk": 0.0074688881749749, "value": 0.007417341725883, "plos": 0.0074088072071798, "like": 0.0073579339534785, "health organization": 0.0073109617504352, "symptoms": 0.0072413985972746, "isolation": 0.0071923553529094, "region": 0.0070799382814611, "lockdown": 0.0070641033181451, "trends": 0.0070562064788448, "transmissible": 0.0070549328402858, "type": 0.0069779837237388, "age": 0.0069316882822363, "center": 0.0069316882822363, "induced": 0.0069163606795995, "series": 0.0068555620487682, "affinity": 0.0068417470814404, "efficacy": 0.0068329706358484, "single": 0.0068104909698631, "xue": 0.0068080825407189,