{"de": 0.6787313599065999, "cir": 0.4375210905459596, "bras": 0.3333157868524925, "acta": 0.2379387136378623, "em": 0.2285800404445243, "da": 0.1827717682280713, "com": 0.1655246856418599, "la": 0.1089342427456776, "de la": 0.0923601461442324, "na": 0.0704786249284225, "en": 0.0535653705160456, "experimental": 0.0515349093705585, "das": 0.0446425358478077, "el": 0.0444483716208623, "por": 0.0435117559130929, "m\u00e9decine": 0.0421633512205024, "covid 19": 0.0418482245353299, "covid": 0.0418060989168663, "19": 0.0415961887404915, "sobre": 0.0346421176597143, "bulletin": 0.0344754418094397, "sociology": 0.0313770488090889, "zur": 0.0313770488090889, "ser": 0.0309312307551373, "national": 0.0309019666484935, "sur": 0.0298927414095888, "berl": 0.0288275002804654, "para": 0.028533624528203, "laser": 0.0273816312595448, "039": 0.0261564209810149, "von": 0.0258374066032045, "historical": 0.0251425410153038, "und": 0.0247708974342565, "healthcare": 0.0232521286091736, "facing": 0.0228813706202229, "hosp": 0.022128687087836, "units": 0.0213378677137757, "renal": 0.0200174644806362, "como": 0.0179812604464269, "drugs": 0.0173777316958307, "durante": 0.0172695976543189, "una": 0.016333568744437, "comparative": 0.0157228040251355, "anim": 0.0153933576907053, "rotavirus": 0.0153933576907053, "perspective": 0.0150883100140077, "les": 0.0148483853115242, "terminal": 0.0147521869858948, "therapy": 0.0147220279117008, "online": 0.0145051444986837, "posterior": 0.0143840332804825, "peritoneal": 0.0143250971516573, "age covid": 0.0142091643826032, "du": 0.0138759128198891, "diarrhea": 0.0133147850570099, "immunotherapy": 0.0128296762320612, "le": 0.0127421268586493, "paulo": 0.0124878738510054, "trans": 0.0124672290941071, "density": 0.0120134213096986, "carcinoma": 0.0119757445162644, "nuclear": 0.0118827133806922, "ratio": 0.0118643024417422, "person": 0.0114406853101114, "vivo": 0.0114237519772572, "dev": 0.0113232779174374, "mathematical": 0.0112409871898554, "questions": 0.0111119354035053, "continuous": 0.0110960236911253, "nurs": 0.0108934242745677, "neurol": 0.0108175275888336, "radiology": 0.010772508294322, "situation": 0.0104255517792152, "des": 0.0103011094207197, "sex": 0.0099444838375379, "animal": 0.009919002007043, "theory": 0.0098058330466212, "pract": 0.0097563047141439, "modelling": 0.009480203558333, "plasma": 0.0093076234321737, "elderly": 0.0092513291021788, "individuals": 0.0092178386490111, "risk factors": 0.0090212421548979, "pregnancy": 0.008999843632025, "viruses": 0.0089256251199647, "child": 0.0088836787465919, "imaging": 0.0088317105562358, "molecular": 0.0085497877324005, "recovery": 0.0085107154896391, "infected": 0.0084430278503011, "sciences": 0.0082357797097195, "rate": 0.0082265500859227, "clin": 0.0082081391469727, "age": 0.0080452700919591, "long": 0.0076422923243701, "open": 0.0076422923243701, "res": 0.0076422923243701, "critical": 0.0074957626615776, "experience": 0.0072833287717846, "hospital": 0.0070865441934249, "factors": 0.0070127705621183, "effect": 0.0069689966291174, "research": 0.0068896759064866, "med": 0.0068825237309446, "review": 0.0067904173308525, "risk": 0.0067904173308525, "impact": 0.0066792199869807}