{"anesth": 0.5174155101535286, "perinatal": 0.4293443316465161, "response": 0.2408356358351903, "european association": 0.2268569180236166, "fetal neonatal": 0.2268569180236166, "medicine official": 0.2128234002305881, "official european": 0.2073780578635696, "medicine": 0.1721247221413701, "international society": 0.1684005377418747, "federation": 0.163197475121804, "societies": 0.1614562036626855, "fetal": 0.1468938271203569, "maternal": 0.1208430429503075, "asia": 0.1200809758300458, "neonatal": 0.11568716986469, "official": 0.1045237419053716, "den": 0.102548498209463, "international": 0.09959949671649, "society": 0.0936738036707759, "european": 0.0921771086764069, "association": 0.0884396908562507, "covid 19": 0.073674323244622, "covid": 0.0736001605658935, "19": 0.0732306110722582, "women": 0.0500155035916072, "dataset": 0.0452553434812443, "women covid": 0.0441341475562225, "19 pandemic": 0.0434377405465084, "postpartum": 0.0419415878587457, "sars cov": 0.0400315230551108, "cov": 0.0395036872499601, "n95": 0.0393914849547462, "sars": 0.0389446746171812, "pandemic": 0.0387080100489659, "resolution": 0.0343826880679593, "review meta": 0.0343826880679593, "pregnant": 0.0295351065815497, "meta analysis": 0.0292075298531631, "chest": 0.0280935421319471, "meta": 0.0271459853988188, "2019 patients": 0.0266821983171849, "systematic review": 0.0247592200921746, "stem cells": 0.0242260309302394, "mesenchymal": 0.0238239833173637, "systematic": 0.023192914442012, "pigs": 0.0228731722156118, "high resolution": 0.0214166909506024, "adjuvant": 0.0211704464210719, "conservation": 0.0211704464210719, "center experience": 0.0210103338984282, "chest ct": 0.0210103338984282, "review": 0.0209205757751879, "epithelial": 0.0208145305056201, "patients hospitalized": 0.0206992739971712, "surgeon": 0.0203630005915432, "neonates": 0.020217899456977, "hospitalizations": 0.0201107491445931, "pulse": 0.020040092633224, "impacts covid": 0.019970045237289, "infection": 0.0198731195252356, "analysis": 0.0198325935810074, "hospitalized covid": 0.0196957424773731, "patients": 0.0196314660729724, "economics": 0.0194303981611773, "intubation": 0.0193330862482981, "di": 0.0192688531263906, "newborn": 0.0192688531263906, "reliability": 0.0192688531263906, "waste": 0.01920512379886, "letters": 0.0188026384042647, "ards": 0.0187125216106077, "parents": 0.0184769848984935, "children adolescents": 0.0179707379587445, "underlying": 0.0178893471519381, "single center": 0.0177820789590009, "inhibition": 0.017417414345517, "behaviour": 0.0172410411161612, "families": 0.0171173637268064, "17": 0.0169713936765749, "stem": 0.0168517236547875, "infants": 0.0168043448173027, "fear": 0.0166638436634915, "pregnant women": 0.0166638436634915, "late": 0.0163899262332862, "changing": 0.016038500755974, "transition": 0.016038500755974, "resilience": 0.015910538306536, "19 cases": 0.0157845598511517, "view": 0.0156605048062645, "pakistan": 0.0155585530596219, "disorder": 0.0154779027934631, "renal": 0.0154179361182836, "sample": 0.0153189647654707, "adolescents": 0.0152993143384647, "brief": 0.0152993143384647, "19 era": 0.0151437986323537, "confirmed": 0.0150862391406037, "anxiety": 0.0149912035823006, "applied": 0.014972329131057, "preventive": 0.0149347112508722, "cause": 0.014859993964787, "cells": 0.014859993964787, "hospitalized": 0.0147859574834829, "vs": 0.014694350564972, "re": 0.014390392991563, "impacts": 0.0143553694562737, "ct": 0.0143379141378383, "masks": 0.0142339624308353, "index": 0.0140804866645837, "disease 2019": 0.0139964585361411, "japan": 0.0139298561336783, "psychological": 0.0136687751162641, "to": 0.0132616347751698, "19 infection": 0.0132311452549418, "importance": 0.0131856244210011, "conditions": 0.0128593764974698, "cohort": 0.0127582585111641, "group": 0.0126583834464365, "levels": 0.0126442152691644, "lockdown": 0.0126300717536581, "stress": 0.0125597211184624, "coronavirus disease": 0.0124622424288135, "center": 0.012393323884966, "status": 0.0123796100460873, "single": 0.0121766324405343, "era": 0.0120178238491471, "changes": 0.0115840234808494, "strategies": 0.0113392625771242, "cases": 0.0113031761479801, "children": 0.0112792072586029, "china": 0.0112195925553369, "experience": 0.0112195925553369, "human": 0.0109050198149893, "high": 0.0108594351366271, "data": 0.0108480788138745, "2019": 0.0108254136733575, "early": 0.0108028115792099, "evaluation": 0.010791534065107, "respiratory": 0.0106242231242115, "new": 0.0101732899893649, "disease": 0.0098859967643162, "coronavirus": 0.0097957687817085}