{"veterinary": 0.46980821905067, "inc": 0.3865124905643586, "publication american": 0.3366533711960101, "american association": 0.3318252338707077, "official publication": 0.2541441599358172, "publication": 0.2211485712049515, "official": 0.1811204881995768, "laboratory": 0.1763966818810637, "diagnostic": 0.1753399986145589, "investigation": 0.1715091486140281, "american": 0.1617960349402466, "association": 0.1532497755256939, "proceedings national": 0.1189122628848776, "sciences united": 0.1189122628848776, "report reactions": 0.1026222596266409, "states america": 0.0934773014895023, "reactions weekly": 0.0929790040302324, "academy sciences": 0.0915283896882108, "national academy": 0.0903847052335136, "weekly": 0.064803183339959, "reactions": 0.0581752686639553, "porcine": 0.0512278312883201, "proceedings": 0.0507695622602043, "case report": 0.0501882197089478, "academy": 0.048226718315108, "america": 0.0466070826419139, "united states": 0.0441975722500213, "states": 0.0418050914955528, "united": 0.0413502427241606, "case": 0.0402437750737668, "report": 0.0398892574043557, "sciences": 0.0377904869886089, "national": 0.0354489923757349, "virus": 0.0346177203472228, "bovine": 0.0327988403720828, "detection": 0.0327903158507872, "respiratory syndrome": 0.0251262614249522, "associated": 0.0228403479595348, "reproductive": 0.0224406226538535, "infection": 0.0204911249675922, "respiratory": 0.019474863102425, "pigs": 0.0183434781940352, "diarrhea": 0.016448890854278, "disease": 0.0158564421553004, "canine": 0.0156888196158628, "syndrome": 0.0154083395713253, "infectious": 0.014852171581912, "calves": 0.0144130372143089, "commercial": 0.0143900684072719, "avian": 0.0137513999013931, "feline": 0.0137444499292336, "coronavirus": 0.0134671909966787, "adenovirus": 0.013017597277543, "assay": 0.0129249030001886, "enzyme": 0.012701049310974, "pathogens": 0.0123010671407569, "swine": 0.0117279055822174, "coli": 0.0109955599433869, "human": 0.0099947904681223, "live": 0.0095990832590788, "antibody": 0.0095073828612838, "viruses": 0.009451360130382, "viral": 0.0091324768041038, "evolution": 0.0090846178825297, "identification": 0.008970942147778, "indirect": 0.0089343119889861, "serum": 0.0088433089348673, "escherichia coli": 0.0088356382767969, "escherichia": 0.0088114588207984, "pcr": 0.0083965682509972, "use": 0.0083197345498778, "enteric": 0.0082862835255888, "rotavirus": 0.0081500267597625, "mortality": 0.0080229438813345, "bronchitis virus": 0.0079037280905919, "diabetic": 0.0078895710698473, "influenza virus": 0.0077276825603088, "experimental": 0.007579223073411, "molecular": 0.0075444877166541, "like": 0.0075358442300407, "reports reactions": 0.0075171437754328, "multiplex": 0.0075079178967914, "infectious bronchitis": 0.0074787546528748, "evaluation": 0.0074180829315477, "coronaviruses": 0.0073597567377777, "cell": 0.007243010810227, "dexamethasone": 0.007234890952191, "clinical": 0.0068723708219627, "pancreatic": 0.0068636882774599, "influenza": 0.0068023376640841, "agents": 0.0067006683240951, "neonatal": 0.0066269310043935, "characterization": 0.0065785717147768, "signs": 0.0065574867098171, "sequencing": 0.0064417646668206, "development": 0.0062598553644963, "lack": 0.0062429113173939, "small": 0.0062346092225013, "increased": 0.0061551498686917, "bronchitis": 0.0059066859398378, "isolation": 0.0058930096333361, "transmissible": 0.005780413390382, "bowel disease": 0.0057652148857235, "efficient": 0.0057353400814826, "following": 0.0056983513964682, "health": 0.0056572438009076, "derived": 0.0056101556634633, "samples": 0.0056025148660233, "emergence": 0.0055797171090355, "inflammatory bowel": 0.0055781582010926, "nasal": 0.0055721590266896, "reaction": 0.0054323103507575, "gene": 0.0053474620102594, "tissue": 0.0053474620102594, "infectious disease": 0.0053405063161973, "rna": 0.005326646686152, "gastroenteritis": 0.0053227162637894, "culture": 0.0053128554990032, "chain reaction": 0.0052296065386209, "diagnosis": 0.0052185581737736, "polymerase chain": 0.0052182885312346, "interaction": 0.0051983012846031, "comparison": 0.0051963937454564, "modified": 0.0051851281011107, "cats": 0.0051736922318459, "igm": 0.0051627080909504, "techniques": 0.0051459773236376, "microscopy": 0.0051301392170327, "vaccine": 0.005119841003018, "acid": 0.0051137657817316, "epidemic": 0.0050982547804606, "canada": 0.0050379409505983, "hemorrhagic": 0.0050255158240834, "heparin": 0.0049654523417067, "acute": 0.0049043000610771, "tissues": 0.0048977428260724, "time": 0.0048839245631062, "situ": 0.0048788410750781, "protein": 0.0048627730968484, "differentiation": 0.004805096525046, "complex": 0.0047536914306419, "major": 0.0046924331282191, "polymerase": 0.0046826801841319, "based": 0.0046716532355175, "morbidity mortality": 0.0046574634580394, "toxicity": 0.0046080320638412, "coagulation": 0.0045999196044634, "dogs": 0.0045999196044634, "simultaneous": 0.0045598792121905, "vaccinated": 0.0045362618999637, "bowel": 0.0044822927159303, "replication": 0.0044822927159303, "partial": 0.0044747089723223, "specific": 0.0044347852956459, "oral": 0.0044247576018478, "prospective study": 0.0043932650875329, "shedding": 0.004364510747935, "peptide": 0.0043502984157025, "year": 0.0043409453713801, "seroprevalence": 0.0043291812916063, "stages": 0.0043013926192922, "type": 0.0042880242237289, "reproduction": 0.0042876522876914, "proteins": 0.0042604721483069, "case reports": 0.0042537386636382, "animals": 0.0042270456403659, "test": 0.004203532443367, "efficacy": 0.0041989125751137, "pneumonia": 0.0041943003367041, "genome": 0.0041812343823318, "epidemic diarrhea": 0.0041360206708657, "sampling": 0.0041239435087794, "california": 0.0041052317283461, "porcine epidemic": 0.0040795850139475, "fatal": 0.0039850734913857, "mrna": 0.0039391006252197, "domestic": 0.0039334330212037, "diarrhea virus": 0.0039282956157946, "detecting": 0.003899785000288, "cases": 0.0038848924327969, "morbidity": 0.0038450220381648, "present": 0.0038450220381648, "fluid": 0.0038289024008324, "coronavirus infection": 0.0038182329935158, "transmission": 0.0038156313114331, "diseases": 0.0038116101304327, "potential": 0.0038116101304327, "lesions": 0.0038076243808729, "late": 0.0037554695284576, "label use": 0.0037393773264374, "high": 0.0037323790087329, "causes": 0.0037097475627006, "medicine": 0.0036974454225846, "bacterial": 0.003640783883003, "two": 0.00362633253116, "spatial": 0.0036215402338383, "differential": 0.0035742837253077, "southern": 0.0035327547213927, "universal": 0.0035327547213927, "mediated": 0.0035100771391761, "west": 0.0034966020032856, "new": 0.0034965514806557, "structure": 0.0034921318775332, "chain": 0.003487672458679, "frequency": 0.0034611379504283, "pathology": 0.0034523764919936, "antiviral": 0.0034436560709853, "analysis": 0.0034082231275923, "real time": 0.0034006563194857, "brazilian": 0.0033879476934752, "study": 0.0033874336291878, "ii": 0.0033420778004837, "generation": 0.0033379633093473, "antibodies": 0.0032457559865624, "systemic": 0.0032379496586417, "free": 0.0032340587345892, "isothermal": 0.0031837993112327, "old": 0.0031766500810918, "infectious diseases": 0.0031728850515347, "immunity": 0.0031579006126496, "contact": 0.0031246201667591, "outcome": 0.0031246201667591, "inflammatory": 0.0031209587959006, "brazil": 0.0030740048345338, "secondary": 0.0030421783077078, "findings": 0.0030282059608432, "prospective": 0.0030247291970289, "reports": 0.0030212589136728, "infected": 0.0029801123443836, "immune": 0.0029531779653228, "group": 0.0029004507180807, "real": 0.00289396358092, "technology": 0.0028907284689305, "vaccines": 0.0028650479723831, "prevalence": 0.0028334375953782, "equine": 0.0028239484669006, "methods": 0.0028116253871152, "surveillance": 0.0027931304686519, "anti sars": 0.0027687676786165, "neutralization": 0.0027166755865875, "high throughput": 0.0026978688208736, "avian influenza": 0.0026554098481368, "changes": 0.0026542796215224,