{"international environmental": 0.3602887671296413, "electronic resource": 0.3220020650299315, "environmental research": 0.2978436565883214, "research amp": 0.2838887720769112, "na": 0.2556828029659235, "depressive": 0.252676949361538, "pandemic international": 0.2464711830857407, "climate": 0.1940571589710121, "resilience": 0.1873491829111582, "team": 0.1832044992344879, "electronic": 0.175198046745758, "personal": 0.1644176508915119, "resource": 0.1619021973834868, "environmental": 0.1505692595189717, "amp": 0.148887696543719, "workers": 0.1473991509892751, "public health": 0.1452891076853831, "social": 0.1393753852857167, "infections": 0.133379814828075, "international": 0.130311146044572, "hospital": 0.1285430500777309, "public": 0.1282739121492239, "research": 0.1249720499716286, "health": 0.1162905896970444, "pandemic": 0.1139482825010952}