{"proceedings national": 0.4611220166989689, "sciences united": 0.4590164367140422, "academy sciences": 0.3549319020116329, "national academy": 0.3504968835415207, "states america": 0.3474700237781344, "proceedings": 0.1968759349825349, "academy": 0.1870152082612823, "america": 0.1732459522875078, "united states": 0.1478604764188433, "sciences": 0.1465452355329756, "states": 0.139856567467069, "united": 0.1383348966464156, "national": 0.1374653080992212, "virus": 0.0125222267199984, "influenza": 0.0087686889656242, "covid": 0.0087344784105196, "viral": 0.00840885805266, "covid 19": 0.0082575418875255, "19": 0.0082078098820189, "dependent": 0.0070021222839285, "protein": 0.006716201353282, "structure": 0.0064308602998368, "plus": 0.0063655689016794, "dynamics": 0.0062663905723557, "replication": 0.0061907022608246, "viruses": 0.005801649610559, "human": 0.0057517785231845, "significance": 0.0054799749100863, "veterinary": 0.0053405260146219, "infection": 0.0052409708562294, "autophagy": 0.0049912131424296, "influenza virus": 0.0047435825000911, "kinase": 0.0046556511837605, "vivo": 0.0046408938673193, "profile": 0.0045763808112555, "inc": 0.0044118208159274, "induces": 0.0043670765076021, "science": 0.0043465487268505, "misinformation": 0.0043194544223336, "evolution": 0.0041823956345841, "disease": 0.0041714413973723, "host": 0.0041627293618018, "signaling": 0.0040925016459171, "rna": 0.0040871548176646, "pandemic": 0.004083255320065, "epidemics": 0.0040399418813683, "mediated": 0.0040399418813683, "cells": 0.0039189013679658, "publication american": 0.0038427072528135, "american association": 0.0037875968041891, "hepatitis virus": 0.0037875968041891, "mice": 0.0037182184206611, "activated": 0.0035206320446868, "global": 0.0035095943002545, "hepatitis": 0.0034673994887731, "cell": 0.0033345526675584, "control": 0.003330951148265, "suppression": 0.0032105667034257, "opinion": 0.0031628033424695, "translation": 0.0031544130793926, "health": 0.0031253926691439, "evolutionary": 0.0031111917450044, "coronavirus": 0.0031000269666232, "basis": 0.0030953511304123, "structural": 0.0030886816452818, "world": 0.003081331139671, "generation": 0.0030734772455896, "required": 0.0030388835731287, "sequence": 0.0030189496293206, "proteins": 0.002942167795843, "transmission": 0.0029277473832644, "official publication": 0.0029009114127568, "data": 0.0028608726897355, "diverse": 0.0028306843404596, "model": 0.0028076680137081, "molecular": 0.0027786777957486, "correction": 0.0027628193586266, "formation": 0.0027519848698183, "resistant": 0.0026892546911863, "increases": 0.0026478372011991, "activation": 0.0026185319183901, "climate": 0.0026077123850818, "spread": 0.0025888441092872, "emergence": 0.0025688019882401, "targeting": 0.0025618521679627, "lineage": 0.0025493822639458, "synthesis": 0.0025310346537557, "publication": 0.0025242854853927, "pathogenesis": 0.0025175715608893, "spatial": 0.0025009385524521, "infectious": 0.0024864269928678, "machine learning": 0.0024683044751238, "localization": 0.0024504833944214, "news": 0.0024302064693335, "mechanism": 0.0024054208608903, "essential": 0.0023750960207091, "machine": 0.0023750960207091, "emotion": 0.0023667933209354, "bats": 0.0023568840497165, "epidemic": 0.0023471453410056, "public": 0.0022983020134763, "arrest": 0.0022951240951091, "effects": 0.0022886981517884, "glycoprotein": 0.0022725068880865, "zinc": 0.0021997878857495, "protease": 0.0021916245629618, "complex": 0.0021885145357528, "negative": 0.0021781874631973, "major": 0.0021603123086533, "lipid": 0.0021597272111668, "based": 0.0021507456176107, "loop": 0.0021480652297218, "persistence": 0.0021177207365147, "clustering": 0.0021140021084962, "neutralizing": 0.0021029420529284, "scale": 0.0021008467452855, "genomics": 0.002099286855859, "vaccinated": 0.0020884138676017, "like": 0.0020816207627998, "official": 0.0020673876253341, "beta": 0.0020670731201059, "feature": 0.0020600760003197, "doctor": 0.002056598744379, "structured": 0.0020428290922115, "specific": 0.0020416958534377, "immune": 0.0020393854959054, "pro": 0.0020259223820858, "peptide": 0.0020027996045889, "face masks": 0.0019995466882982, "year": 0.001998493630221, "drive": 0.0019930776582421, "text": 0.0019930776582421, "laboratory": 0.0019807287379833, "domain": 0.0019771155132706, "responses": 0.00196320596426, "induced": 0.0019566960079684, "binding": 0.0019491120000768, "enzyme": 0.0019491120000768, "nan": 0.0019463385430984, "investigation": 0.0019416330819654, "diagnostic": 0.0019373616042134, "fetal": 0.0019369537478003, "shift": 0.0019339409418378, "emerging": 0.0019309808783593, "genome": 0.0019249655465935, "species": 0.0019249655465935, "humans": 0.0019219945127217, "optimizing": 0.0019131427051661, "predicts": 0.0018985898528059, "california": 0.0018899752836725, "spread covid": 0.0018871228936397, "dna": 0.0018786222380441, "activity": 0.0018749360609628, "landscape": 0.0018674176024955, "learning": 0.0018547833972652, "memory": 0.0018481551645846, "american": 0.0018468099539076, "force": 0.0018400305311112, "fatal": 0.0018346565798788, "vaccination": 0.0018231820861255, "mrna": 0.001813491494319, "sustainable": 0.0018056874123612, "evidence": 0.0017942450742786, "stem": 0.0017776654025518, "membrane": 0.0017578461978699, "diseases": 0.0017547971501272, "recognition": 0.0017529621822975, "association": 0.0017492592508802, "translational": 0.0017313220940025, "19 vaccination": 0.001724228461125, "infectious bronchitis": 0.0017215424587346, "highly": 0.0017079014453085, "efficiency": 0.0017009982476155, "pathway": 0.0016964268105723, "susceptibility": 0.001694150202557, "respiratory": 0.0016811022656015, "gene": 0.0016412505957513, "tissue": 0.0016412505957513, "cognitive": 0.0016327429088943, "interactions": 0.0016306291164202, "target": 0.0016264171059108, "pathogens": 0.0016180546745682, "regulation": 0.0016077150749592, "receptor": 0.0015814016712347, "biology": 0.0015774242051005, "expression": 0.0015754423720469, "genetic": 0.0015754423720469, "identifying": 0.0015656013636731, "patients": 0.001553172486426, "mechanical": 0.0015462519547901, "resistance": 0.0015254602704185, "asymptomatic": 0.0015180229793858, "economic": 0.0015033392384684, "masks": 0.0015015213323493, "dynamic": 0.0014997072736535, "antibodies": 0.0014942880201081, "loss": 0.0014924891896182, "systemic": 0.0014906941263153, "free": 0.0014889028144536, "virtual screening": 0.001485472170092, "isothermal": 0.0014657642746096, "infectious diseases": 0.0014607395445983, "differences": 0.0014469974881074, "policy": 0.0014469974881074, "natural": 0.0014317965345921, "interventions": 0.0014086737570952, "hiv": 0.0014037990003702, "young": 0.0014037990003702, "severe coronavirus": 0.0014031531847778, "access": 0.0013989518107485, "face": 0.0013798325999101, "infected": 0.00137199043712, "bronchitis": 0.0013596662957692, "design": 0.0013488854690793, "molecular biology": 0.001348533950211, "insights": 0.0013473670587374, "sustainable development": 0.0013376834666866, "protection": 0.0013131660334952, "public health": 0.0013015828516286, "measures": 0.0012972791986686, "regulates": 0.0012968362678959, "epitopes": 0.0012872050489404, "network": 0.0012859073248836, "neutralizing antibodies": 0.0012840421474487, "positive": 0.0012816814704053, "monitoring": 0.0012774763479211, "cd8": 0.0012746911319729, "lessons": 0.0012705133330752, "genomes": 0.0012685685820333, "self": 0.001262231699434, "apoptosis": 0.0012595456970436, "ser": 0.0012565797945012, "ifn": 0.0012536342763299, "crispr": 0.0012507088642412, "rotavirus": 0.0012507088642412, "social": 0.0012486043469952, "cd4": 0.0012478032856074, "cross": 0.0012472534524463, "quality": 0.0012445580338293, "open": 0.0012418710648144, "avian influenza": 0.0012225032137275, "macrophages": 0.0012143912136862, "mis": 0.0012143912136862, "population": 0.001212857320842, "detection": 0.0012076860085415, "19 public": 0.0012038086709063, "forecast": 0.0012038086709063,