{"medicine official": 0.4460522209482433, "publication american": 0.407189588698359, "american association": 0.4013498513902647, "wildlife": 0.3612067290827189, "official publication": 0.3073928996662364, "publication": 0.2674840160675069, "american": 0.2217886074068673, "official": 0.2190691773940143, "association": 0.1853589430657771, "medicine": 0.1803763460880526, "laparoscopic": 0.0353134105733747, "red": 0.0337874550408652, "feline": 0.0268203948821757, "free": 0.0262950781286348, "black": 0.0244275995619586, "wild": 0.0226398953849407, "north": 0.0206626456535899, "african": 0.0200414739262154, "canine": 0.0170080909223216, "cats": 0.0168262425162389, "malignant": 0.0164781526148839, "agents": 0.0163442854526752, "hematology": 0.0150932635899604, "dogs": 0.0149601791818003, "carcinoma": 0.0137474924840342, "infectious": 0.0131736184666821, "collection": 0.0129794855992984, "fatal": 0.0129605337940959, "survey": 0.0129486498083728, "population": 0.0128519515313547, "eastern": 0.0124875230773595, "single port": 0.0122238894900151, "treatment": 0.0116202593380899, "infection": 0.0111071108306033, "disease": 0.011050591387307, "asian": 0.0109502540254022, "surgical": 0.0096045312344383, "laparoscopy": 0.0095524135309009, "exposure": 0.0094542196942964, "type": 0.0092972075222994, "hepatocellular carcinoma": 0.0091842420515374, "single": 0.0090740463696061, "neutralizing antibodies": 0.0090708374676592, "hepatocellular": 0.008835361712569, "mortality": 0.0086975924473281, "results": 0.0085679676875698, "chain reaction": 0.0085040454611608, "viral": 0.0084860793300113, "polymerase chain": 0.0084856408548807, "china": 0.0083608586850592, "bat": 0.0083248482877199, "assessment": 0.0082642561067239, "melanoma": 0.0081721664370296, "immunodeficiency": 0.0081556674947828, "ovarian": 0.0080905564173707, "giant": 0.0080744951149301, "lymphoma": 0.0079336535155824, "situ": 0.0079336535155824, "conservation": 0.0078881256138844, "noninvasive": 0.0078731005289047, "tumors": 0.0078581496421778, "review": 0.0077950236073063, "december": 0.0076842713333107, "bacteria": 0.0076562382773836, "urinary": 0.0076284624090805, "polymerase": 0.0076146694539732, "port": 0.0076146694539732, "saliva": 0.0074800895909001, "neutralizing": 0.0074278891872516, "determining": 0.0073638794370285, "biochemistry": 0.0073011950361221, "diagnosis treatment": 0.007120571993296, "plant": 0.007120571993296, "species": 0.0067992509586572, "exploratory": 0.0067678771192492, "seasonal": 0.0066857690792887, "california": 0.0066756603940727, "25": 0.0066058291636946, "january": 0.0065279458101398, "duration": 0.0064708205604935, "domestic": 0.0063962925286476, "selected": 0.0062525243477191, "live": 0.0062437615386797, "coronavirus infection": 0.0062089617485306, "joint": 0.0060489149747988, "causes": 0.0060325498084136, "case series": 0.0059920197732822, "reaction": 0.0058891127966399, "vitamin": 0.0058427718652296, "variation": 0.0057971295674911, "infectious disease": 0.0057895889697959, "serum": 0.0057521651507674, "pathogens": 0.0057151982884506, "chain": 0.0056714257417283, "northern": 0.0056641914529587, "problems": 0.0056497745285275, "gastrointestinal": 0.0056425917294061, "australia": 0.0056282770530482, "modified": 0.0056211450158053, "device": 0.005599849159586, "techniques": 0.0055787020532852, "technique": 0.0055092598252995, "pcr": 0.0054615809122075, "plasma": 0.0053423185090601, "antibodies": 0.0052780369348476, "protein": 0.0052716832107747, "urban": 0.0052338383628788, "immunity": 0.005135172249284, "cardiac": 0.0051291110892825, "small": 0.005069157676507, "brazil": 0.0049987464004504, "access": 0.0049412959401684, "adult": 0.0048793346473086, "group": 0.0047165240027636, "region": 0.0047165240027636, "cell": 0.0047112449283492, "following": 0.0046331439058906, "multiple": 0.0046075516283129, "series": 0.0045670487043818, "large": 0.0044438604985473, "national": 0.0044342186164822, "long": 0.0043864644969414, "implications": 0.0043208494245205, "safety": 0.0043208494245205, "european": 0.0042931582399252, "vaccination": 0.0042931582399252, "detection": 0.0042657180362857, "diagnosis": 0.0042430396650056, "infections": 0.0042205299077107, "testing": 0.0042160479699424, "cases": 0.0042115726573618, "vaccine": 0.0041627759490164, "diseases": 0.0041321280533619, "effects": 0.0040420030192649, "2019": 0.0040335579694111, "related": 0.0040209343997275, "virus": 0.0040209343997275, "system": 0.0039627105205092, "management": 0.0039421846899594, "associated": 0.003909630092319, "use": 0.0038654315203501, "case": 0.0038495179572488, "clinical": 0.0037251339059845, "health": 0.0036797765271629, "coronavirus": 0.0036499114424802}