{"east respiratory": 0.3929189335147047, "syndrome coronavirus": 0.3156251848984803, "middle east": 0.3096824174496869, "cov": 0.278349009538501, "respiratory syndrome": 0.2651310239239842, "east": 0.2357746146424272, "middle": 0.2163019638913852, "mers cov": 0.2028847912718061, "sars cov": 0.1908108555051532, "sars": 0.1856303761124435, "syndrome": 0.1672333818653881, "mers": 0.1622498789905817, "coronavirus": 0.154285547768725, "respiratory": 0.1541233186604635, "public": 0.1038490124629362, "public health": 0.1022820083376896, "health": 0.0982408268959415, "protein": 0.0938271683868166, "antigen": 0.0884437004478834, "spike": 0.0864214736184621, "spike protein": 0.0836951472179962, "virology": 0.0835806905745495, "revue medicale": 0.0656966624142166, "suisse": 0.059387139471578, "rapid": 0.0573696648124312, "medicale": 0.0529857782647316, "cov infection": 0.0508604985100852, "seroprevalence": 0.0469864792862573, "testing": 0.0468991386368501, "infection": 0.045303510764456, "virus": 0.0447287035647922, "bmc public": 0.0438464033037308, "mol biol": 0.0423886226117853, "xue za": 0.0419048019307214, "revue": 0.0415310444925869, "transmission sars": 0.0403614443650543, "fusion": 0.038841811944566, "lancet glob": 0.0380459271213873, "yi xue": 0.0380459271213873, "antibodies": 0.0352275952791703, "microorganisms": 0.0350988697840171, "protease": 0.0344447933593253, "virus res": 0.0342201994579809, "za zhi": 0.0341109714104254, "targeting": 0.033552913986692, "swiss": 0.0334009338924096, "yi": 0.0331776779404864, "neutralizing": 0.0330510095953035, "zhi": 0.0328848024777981, "ward": 0.0325981492052302, "transmission": 0.0322098769699831, "assay": 0.0311732376266929, "university hospital": 0.0311732376266929, "za": 0.0307269574109154, "xue": 0.0302710832737907, "biol": 0.0293917429980407, "study": 0.0285952209568021, "clinical characteristics": 0.0285429771189901, "detection": 0.0284709998077474, "implementing": 0.0280574713137918, "bmc": 0.0279975959132861, "glob health": 0.0269997018373134, "mol": 0.0265905233346652, "surveill": 0.0264760874717307, "cell": 0.0262038442899669, "autopsy": 0.026174468178125, "clin microbiol": 0.0261250622312922, "structure": 0.0252677463437453, "clinical": 0.0248629388578778, "binding domain": 0.0247511960831176, "res": 0.0243974224243093, "indirect": 0.0242419892429416, "receptor binding": 0.0241895655818325, "sequence": 0.0237237476485541, "biochemical": 0.0236463258444632, "domain": 0.0233050871667396, "increase": 0.0230945629025291, "binding": 0.0229749980487411, "genome": 0.0226903737061476, "human": 0.0225995394042249, "needed": 0.0214381777209963, "glob": 0.0211630276944237, "processing": 0.0207204680718476, "university": 0.0205927063176705, "cov outbreak": 0.020433023737883, "methods": 0.0203438585903134, "test": 0.0202767812998956, "neutralizing antibodies": 0.0201807221825271, "taiwan": 0.019889575775718, "antimicrobial": 0.0198365389295488, "euro surveill": 0.0196568377218982, "host": 0.0196271325528884, "reported": 0.0190726869412819, "emergency": 0.0190619417653765, "mediated": 0.0190481936056635, "characteristics": 0.0190009394211694, "microbiol": 0.0189750678630863, "molecule": 0.0188380827270665, "evidence": 0.0187995705298458, "antiviral": 0.0186877452974845, "receptor": 0.0186406426667438, "bat": 0.0185210517887845, "hospital": 0.0180985918755494, "characterization": 0.0178500219088092, "euro": 0.0175160072105155, "2020": 0.0173423023382519, "sodium": 0.0172865463454631, "lancet": 0.0170966173925377, "viruses": 0.0170966173925377, "march 2020": 0.0170646455818955, "recombinant": 0.0170646455818955, "kenya": 0.0169105046678396, "based": 0.0169011585330473, "anterior": 0.0168498225997886, "reduce": 0.0167789960781739, "assays": 0.0165833220109874, "young": 0.0165471657313987, "mmwr morb": 0.0165462344025565, "morb": 0.0165462344025565, "morb mortal": 0.0165462344025565, "mortal wkly": 0.0165462344025565, "wkly rep": 0.0165462344025565, "immunoglobulin": 0.0163830964488273, "like": 0.0163579561570122, "monoclonal": 0.0163269655906918, "le": 0.0162712986292488, "replication": 0.0162160879595054, "induction": 0.016161326161961, "infect": 0.0161171648375925, "county": 0.0159202627567451, "chemotherapy": 0.0158678448735553, "entry": 0.0158158317657027, "chinese": 0.0157575718663081, "versus": 0.0157575718663081, "peptide": 0.015738557526243, "clin": 0.0157223065739801, "performance": 0.0154274196647404, "india": 0.0153762626137037, "positive": 0.0151077153496095, "preparing": 0.0150803020263917, "medical pharmacological": 0.0150702654228175, "allocation": 0.0149880312136573, "interferon": 0.0149423655201237, "screening": 0.0149271444086224, "studies": 0.0149271444086224, "self": 0.0148784527674206, "strategy": 0.0148138934679243, "pharmacological sciences": 0.0145666676644105, "origin": 0.014544735486857, "inhibition": 0.0144383246798019, "mortal": 0.0143845783465652, "targets": 0.0141895949793206, "government": 0.0140685917731638, "china": 0.0139508755612801, "mmwr": 0.0138151576721126, "coronavirus infection": 0.0138136453812317, "adherence": 0.0137181024460156, "derived": 0.0135309886362264, "european review": 0.0135283604802914, "nasal": 0.013439345535528, "approach": 0.0134046076077441, "transport": 0.0132774659793158, "principles": 0.0131193857747645, "health surveill": 0.0129604675137346, "nationwide": 0.0129142227875537, "western": 0.0128974046414969, "general virology": 0.0128462927832141, "communities": 0.0128305488668559, "inhibitors": 0.0127973681889382, "serum": 0.0127973681889382, "germany": 0.0127151246275213, "march": 0.01260164505299, "molecular dynamics": 0.0125767223910922, "adv": 0.0125058757050948, "confirmed": 0.0125058757050948, "genetic": 0.0123802652771296, "jmir public": 0.0123271391911546, "identifying": 0.0123029318903783, "real time": 0.0123029318903783, "pcr": 0.0121508788421822, "american public": 0.0121399892683027, "agents": 0.0121208758349069, "nucleic acids": 0.0118355909339667, "cov antibody": 0.0117131108182305, "field": 0.0116163657901688, "isothermal": 0.0115183842172716, "infectious diseases": 0.0114788984883172, "antibody": 0.0114653048126714, "cov spike": 0.0114435404261087, "distribution": 0.0113977449283585, "emerg infect": 0.0113703238034751, "contact": 0.0113042852565451, "validation": 0.0112514562485042, "nucleocapsid protein": 0.0112284993956231, "communication": 0.0111859973854492, "interventions": 0.0110697510180021, "plos pathog": 0.0109938291292696, "plos": 0.010980704115862, "molecular": 0.0109178123051055, "therapeutic": 0.0108431091660454, "wkly": 0.0108356858990898, "identification": 0.0108183911052918, "specific": 0.0106961433940755, "medicinal chemistry": 0.0106260642596141, "corona": 0.0106238457697779, "review medical": 0.0105400723881026, "region": 0.0104932825559221, "real": 0.0104698133196473, "infect public": 0.0104287289582938, "home": 0.0104231187548509, "vaccines": 0.0103652021125812, "type": 0.0103421741790531, "comput biol": 0.0103209491365134, "cov infections": 0.0102683256908981, "equine": 0.0102165118689415, "evol": 0.0100411947874383, "lineage": 0.0100168782052786, "amino": 0.0099927359370341, "support": 0.0099840478970775, "healthcare": 0.0098974143684327, "nucleocapsid": 0.0098745542673163, "approved": 0.0098514075645315, "inhibit": 0.0097829069251253, "infectious": 0.009769518171561, "tmprss2": 0.0097603795367958, "monoclonal antibodies": 0.0097380018332148, "detection sars": 0.0096936876149402, "american": 0.0096751649151569, "clinical microbiology": 0.0096717472637392, "cov transmission": 0.0096499489222787, "practice": 0.0096233119724233, "implications": 0.0096129891137035, "macrophages": 0.0095430246401951, "sur": 0.0095430246401951, "human coronavirus": 0.0094393908635009, "terminal": 0.0094190413635332, "strategies": 0.0093997852649229, "infections": 0.0093897991044631, "cases": 0.0093698710899379, "gene expression": 0.0093587203719259, "protects": 0.0093587203719259, "translational medicine": 0.0093388510989657,