{"microbiota": 0.4142866822034598, "gastroenterol": 0.3633891697002714, "multidisciplinary": 0.3439843856439545, "transplantation": 0.3310048807704103, "consensus": 0.308120393913863, "working": 0.2968461582119261, "group": 0.2598450631746348, "united": 0.2469652128194254, "european": 0.2365207880673218, "report": 0.2305543031775759, "model": 0.2185426863133192}