{"x000e4": 0.6650807988991131, "dtsch": 0.3001219242639122, "chemical": 0.2258989598346767, "amp": 0.2250398539510534, "news": 0.2050099981364807, "engineering": 0.2016324769689653, "covid 19": 0.1365879787546121, "covid": 0.13645048539274, "19": 0.1357653617816572, "oto": 0.1198007449557811, "rhino": 0.1156643673539384, "und": 0.1131892592833202, "urol": 0.1117283848364647, "authors": 0.1031799689363276, "coronavirus": 0.0871718145035841, "reply": 0.0819567266104009, "britain": 0.079385095560066, "en": 0.0734292081428149, "global": 0.0657924821554865, "researchers": 0.0642817779244974, "tests": 0.0637960133320931, "ireland": 0.0580268876085896, "olfactory": 0.0564099346097609, "great": 0.0555958863037652, "fortschr med": 0.0521246794852859, "mmw fortschr": 0.0521246794852859, "inhibition": 0.0516654229764515, "mmw": 0.0505573712793478, "hernias": 0.0497063383663479, "remdesivir": 0.0492243867100058, "coloproctology": 0.0481657810967233, "abdominal wall": 0.0472383011280755, "fortschr": 0.0472383011280755, "surgical endoscopy": 0.04680002403388, "help": 0.045616492578379, "protein": 0.0419683416263059, "program": 0.0388448196144975, "face": 0.038800472621818, "surgical": 0.038231266171644, "auf": 0.0381281501626517, "mesh": 0.037515240532989, "hernia": 0.0361068742618422, "zur": 0.0358439265535633, "f\u00fcr": 0.0348460084404616, "das": 0.0339986037953984, "post": 0.0337792183397822, "responsibility": 0.0329314209587651, "head neck": 0.0328635261771515, "association": 0.0327924250505275, "advance": 0.0323337137456882, "pandemie": 0.0322048216950059, "related": 0.0320110184541854, "post pandemic": 0.0317642554390862, "wall": 0.0315802626764604, "responsible": 0.0313392288045663, "conceptual": 0.0312204959046318, "going": 0.0303105323516562, "new zealand": 0.0298800833135079, "zealand": 0.0298273423459132, "saliva": 0.029774831187185, "sars cov": 0.0296864610614003, "von": 0.0295156536312474, "precision": 0.0294644803405089, "cov": 0.0292950301119746, "delay": 0.029211823458476, "structures": 0.029211823458476, "sars": 0.0288804791409068, "pandemic": 0.0287049741150484, "abstracts": 0.0286739483439925, "acs": 0.0285786807185397, "abdominal": 0.0283437553093631, "diagnosis treatment": 0.0283437553093631, "signs": 0.02829731482083, "white": 0.0281590575660789, "cancers": 0.0281133220582042, "laparoscopic": 0.0281133220582042, "an": 0.0280677594638154, "understand": 0.0280677594638154, "neck": 0.027977147819941, "market": 0.0277979431518826, "missing": 0.0277979431518826, "flu": 0.0277535552863756, "cov pandemic": 0.0276652670390416, "proteins": 0.027577620893733, "decisions": 0.0272332748429604, "colorectal": 0.0271909152497495, "tertiary care": 0.0271066401380544, "2009": 0.027064722558886, "lack": 0.0269398375878286, "barrier": 0.0265326606189211, "united kingdom": 0.0264528504473559, "antigen": 0.0263735653465091, "success": 0.0262556072250545, "2017": 0.0261387924959519, "surgeons": 0.0259847802802341, "endoscopy": 0.025946582809711, "19 vaccines": 0.0256081467570716, "government": 0.0251711940534331, "restrictions": 0.0251354864958699, "german": 0.0249234348338146, "kingdom": 0.024853572076649, "past": 0.0247150499554299, "accuracy": 0.0245102072016848, "microbiology": 0.0243087881644592, "reproductive": 0.0242093271443798, "joint": 0.0240779766139936, "head": 0.0240453614604982, "treat": 0.0237557303596462, "conference": 0.0236607131116278, "des": 0.0235351776862801, "narrative": 0.0233800752640121, "dysfunction": 0.0232879630306518, "know": 0.0232879630306518, "archives": 0.0231058241703234, "rna": 0.0229859098290997, "important": 0.0226621682356634, "trauma": 0.0226331639091218, "post covid": 0.0225465674273357, "tools": 0.0225465674273357, "19 era": 0.022460588761619, "pharmaceutical": 0.022432064980585, "planning": 0.0223186402199074, "normal": 0.0222062730481521, "combined": 0.021632943807819, "technologies": 0.0215267643380413, "tertiary": 0.0213431720104261, "mechanisms": 0.0210602044525006, "antibodies": 0.0210094620960154, "academic": 0.0206601248288281, "experiences": 0.0206601248288281, "hospitals": 0.0205377756372353, "antibody": 0.0205134541519653, "prevent": 0.020368547093131, "services": 0.0203206293685258, "mass": 0.0200604343536944, "uk": 0.0198057385906123, "times": 0.0196464179642294, "official": 0.0193781035372667, "pre": 0.0192680453124311, "novel coronavirus": 0.0192243019182664, "injury": 0.0192024896193509, "education": 0.0190293980712729, "corona": 0.01900793539087, "change": 0.0189224648775684, "year": 0.01873234414796, "vaccines": 0.0185451762326716, "spread": 0.0181993770460091, "surgery": 0.0181393704895283, "emerging": 0.0180995314718892, "united": 0.0178437393480579, "era": 0.0178242860882069, "screening": 0.0178048641793121, "practice": 0.0172178038143557, "critical": 0.0171257384937174, "cancer": 0.0171074095291791, "rapid": 0.0171074095291791, "european": 0.0170891083990699, "future": 0.0170343711731244, "diagnosis": 0.0168896091698911, "non": 0.0163101929462014, "patient": 0.0163101929462014, "hospital": 0.0161907878037353, "evaluation": 0.0160055092270927, "medicine": 0.0159554691889926, "novel": 0.0158560081689132, "model": 0.0157901539511581, "med": 0.015724657638527, "management": 0.0156920424850316, "associated": 0.0155624574530167, "treatment": 0.015418320682676, "care": 0.0153548091161223, "new": 0.0150885579207089, "infection": 0.0147374504872639, "disease": 0.0146624577632469}