{"mmwr morb": 0.3613322932157231, "morb": 0.3613322932157231, "morb mortal": 0.3613322932157231, "mortal wkly": 0.3613322932157231, "wkly rep": 0.3613322932157231, "mortal": 0.3141266196556829, "mmwr": 0.3016917614819959, "wkly": 0.2366268444667075, "no": 0.1901707344558064, "vol": 0.1672406448018521, "erratum": 0.1485535071095201, "rep": 0.12372011865864}