{"xue": 0.4393611757912135, "da xue": 0.4110566056802345, "xue xue": 0.4040682551326706, "nan": 0.3329896890388648, "xue bao": 0.2784689235441988, "bao": 0.2653013168125259, "ke": 0.2643037206880703, "yi": 0.2407740657661782, "da": 0.1814748087689889, "southern": 0.0993770967442434, "medical": 0.0813266105704829, "university": 0.0800590390407377, "covid 19": 0.0593589528818732, "covid": 0.0592992004639565, "19": 0.0590014566909003, "angiotensin converting": 0.0301492112106615, "converting enzyme": 0.0300131755619475, "sars coronavirus": 0.0290456021930899, "human": 0.0281155454488347, "converting": 0.0270846366003155, "sign": 0.0264887642378456, "communicable": 0.025833888648868, "general population": 0.025833888648868, "health": 0.0254623039003136, "economics": 0.0250479252609258, "outcomes patients": 0.024757521773374, "enzyme": 0.0238188704598669, "methodology": 0.0237443178481703, "angiotensin": 0.0226518579511027, "mrna": 0.0221615376548667, "pharmacological": 0.0220345712794156, "chloroquine": 0.0219716605934606, "influencing": 0.0216931467571118, "personnel": 0.021421847046011, "head": 0.0208994596885508, "treatment covid": 0.020620120528345, "hypertension": 0.0205925920033684, "mental health": 0.0202944591357649, "province": 0.0198754193488486, "epidemics": 0.0197478343643482, "receptor": 0.019325314066443, "expression": 0.0192524892234472, "ct": 0.0184831519530933, "functional": 0.0182168342756032, "active": 0.0181078364374866, "mental": 0.0180645529142246, "patients covid": 0.0175175620965139, "like": 0.0169587844084019, "therapeutic": 0.0168620653673384, "perspectives": 0.0163730366295526, "status": 0.0159586820929567, "general": 0.0158532322319852, "investigation": 0.0158183168739075, "drug": 0.0157315342919602, "studies": 0.0154754188988575, "outcomes": 0.0149491117656892, "systematic": 0.0149491117656892, "population": 0.0148215656208045, "detection": 0.0147583702693892, "diseases": 0.0142961806882918, "19 pandemic": 0.013999009048697, "factors": 0.0139260150409352, "effect": 0.0138390884198555, "treatment": 0.0134011115658254, "clinical": 0.0128880776975698, "patients": 0.0126535619826026, "coronavirus": 0.0126278258573101, "sars": 0.0125509947226825, "pandemic": 0.0124747230430263}