{"neuroradiology": 0.3003595625309932, "involved": 0.2499582620501768, "screen": 0.2384180483694872, "nasopharyngeal": 0.2372939531093972, "carcinoma": 0.2369219295392282, "cancer": 0.2222003652027858, "profiles": 0.2167268187843528, "main protease": 0.182723083019764, "integrated": 0.1791098279847016, "thrombectomy": 0.1598976514763068, "cancer research": 0.1590823809759693, "esophageal": 0.1443764446710592, "vessel": 0.1440722091125448, "high resolution": 0.1375238245338678, "wall": 0.1367272250841695, "protease": 0.1334092797787822, "simulated": 0.1289105821341981, "mri": 0.1286842206058188, "clinical": 0.1283966387067077, "analysis": 0.1273517989299492, "signaling": 0.1245600424229208, "main": 0.1168160430634576, "mice": 0.1131682976052749, "technol": 0.1120069340684729, "3d": 0.1108708588498357, "resolution": 0.1103914412307412, "17": 0.1089790655081023, "il": 0.1080582842509425, "nurs": 0.1077549331031113, "live": 0.1076039163538236, "vitro": 0.1067068813573203, "preprint": 0.1061173129323701, "pathway": 0.1032654419103661, "treat": 0.1028507940291217, "stroke": 0.097740379311298, "site": 0.0942405445023959, "randomized": 0.0934297984382397, "remote": 0.0911804738293717, "active": 0.0901990734142813, "food": 0.0859480118083605, "interventions": 0.0857492448995801, "training": 0.0838021439505265, "clin": 0.0811927877213036, "technology": 0.0810113049280586, "support": 0.0773390988490495, "res": 0.0755955774245833, "prevention": 0.0731238184499542, "comparison": 0.0728132446135909, "therapy": 0.0728132446135909, "high": 0.0697321101430199, "effect": 0.0689355106933215, "research": 0.0681508906376499, "treatment": 0.066753852683167, "patients": 0.0630301455483741, "coronavirus": 0.0629019483083186}