{"virology": 0.3200374437495173, "cdc": 0.2696548589750384, "br surg": 0.2535185909676523, "cov transmission": 0.2418575580514562, "2019 ncov": 0.2327564229809994, "analytical": 0.2215001085373437, "ncov": 0.2215001085373437, "sars": 0.2191381363507658, "rt": 0.208050651002727, "nosocomial": 0.2021853585358018, "postoperative": 0.200834797189641, "sars cov2": 0.1983659880489345, "cov2": 0.1951632234709615, "14": 0.1806703413039236, "procedures": 0.1601636714195556, "br": 0.1587277729207648, "surg": 0.1430000130872003, "diagnosis": 0.1380123189458741, "comparison": 0.1374261485807454, "2019": 0.131198558795537, "mortality": 0.1212447744009617, "clinical": 0.1211665243172172, "corrigendum": 0.1182060515593076, "transmission": 0.1153255873142173, "comment": 0.1085979537389001, "volume": 0.1062267796268653, "sars cov": 0.1039632616167705, "infection": 0.1032223691064206, "analysis": 0.103011874525125, "cov": 0.1025924536206311, "2021": 0.0855446086992247, "legal": 0.0609357913380702, "national academy": 0.0525352584816645, "response": 0.0362584664503646, "academy": 0.0280313257188916, "special": 0.0239179980402187, "approaches": 0.0236377487880377, "understanding": 0.0221888686984108, "sciences": 0.0219653645709784, "national": 0.0206043928844198}