{"east respiratory": 0.4387717627851025, "infect public": 0.3959551641404695, "middle east": 0.3094194309501009, "nosocomial": 0.3062877902897199, "respiratory syndrome": 0.2876120885910013, "east": 0.229534022632477, "middle": 0.2161182773366049, "infect": 0.2039773870260797, "public health": 0.1941707832370044, "syndrome": 0.1763742186263857, "outbreak": 0.1728757861943376, "hospital": 0.1717906119109406, "public": 0.1714309240911891, "respiratory": 0.1671917866285674, "management": 0.166498728370347, "health": 0.155415882472516}