{"proceedings national": 0.4587430837478026, "sciences united": 0.4587430837478026, "academy sciences": 0.3531008048908315, "national academy": 0.34868866672397, "states america": 0.3472630988096976, "proceedings": 0.1958602501267685, "academy": 0.1860503949901943, "america": 0.1731427810475283, "united states": 0.147772422709682, "sciences": 0.1457892072432368, "states": 0.1397732802370106, "united": 0.1391561268131722, "national": 0.1367561232430729, "covid": 0.0248755863560946, "respiratory syndrome": 0.0247083608987157, "severe acute": 0.0244436482041147, "covid 19": 0.0221339129456881, "19": 0.0220006088831121, "acute respiratory": 0.0209694021458923, "protein": 0.018064937985075, "syndrome coronavirus": 0.0179752614972374, "acute": 0.0176833493314402, "respiratory": 0.0175550436929485, "severe": 0.0167822923205209, "coronavirus": 0.0154504051138037, "syndrome": 0.015152067732615, "human": 0.0139237889356898, "opinion": 0.0101335371125841, "virus": 0.0097262736199592, "cell": 0.0094967265293019, "signaling": 0.0087415103673673, "mice": 0.0079420480880615, "receptor": 0.0078816399764543, "pandemic": 0.0072681336505114, "rna": 0.0069840717102302, "cells": 0.0066965626212397, "tumor": 0.0065313227707432, "syndrome sars": 0.0061422475695682, "replication": 0.0058769908347186, "structural": 0.0054978073233569, "hepatitis virus": 0.0053934927168175, "equity": 0.0052946987253743, "disease": 0.005197572488224, "complex": 0.0051940310349195, "health": 0.0051922755724268, "reply": 0.0051878852091573, "viral": 0.0051317630007818, "sars": 0.0051188002125322, "sars coronavirus": 0.0050768418177503, "bat": 0.0050342622038611, "bats": 0.0050342622038611, "membrane": 0.0050063040791515, "immune": 0.0048401010753413, "bacterial": 0.0047736403817525, "modulation": 0.0046812708939582, "structure": 0.0045787342189747, "infection": 0.0044778480292616, "social": 0.0044449942799198, "feature": 0.0044002855154195, "pathogenic": 0.0043854608119471, "alpha": 0.0043489158685557, "entry": 0.0042989482988713, "spike": 0.0042709959868268, "functional": 0.0042454613460398, "binding": 0.0041632683942424, "immunity": 0.0041405044546811, "viruses": 0.0041307399569918, "19 pandemic": 0.0040781133332466, "evolution": 0.0039704543646302, "like": 0.0039522708826591, "promote": 0.0039476263981072, "correction": 0.0039342218454071, "response": 0.0039322848318716, "core": 0.0038131923872831, "stem": 0.003797061526321, "responses": 0.0037274425331785, "hepatitis": 0.0037031516663107, "targeting": 0.003648046960592, "stem cells": 0.0036391027159425, "ifn": 0.0035703205428095, "neutralization": 0.0035619890388985, "host": 0.003556606205306, "cd4": 0.003553714020194, "infectious": 0.0035406424100102, "concerns": 0.0035286538932615, "gene": 0.003505681937238, "air quality": 0.0034662096781473, "vaccination": 0.0034615860878941, "news": 0.0034605850544114, "gender": 0.003394956491128, "spike protein": 0.0033702854867126, "global": 0.0033317469758962, "traffic": 0.0032423964288305, "related": 0.003242091206653, "characterization": 0.0032345783835029, "economic": 0.0032111057430733, "extracellular": 0.0032108556406118, "promotes": 0.0031984640561712, "electron": 0.0031923151233492, "of care": 0.0031740520307403, "associated": 0.0031523462169471, "fitness": 0.0031208472626388, "antibody": 0.0031164186209517, "point of": 0.0031150762798606, "induces": 0.0031093324547489, "enhancement": 0.0030922613990797, "recombinant": 0.0030922613990797, "inflammatory": 0.0030690509413611, "small": 0.0030654575331896, "contributions": 0.0030533336163715, "curriculum": 0.0030262690799242, "neutrophil": 0.0030103138124155, "mouse": 0.0029841766127274, "respiratory failure": 0.002963662506584, "structures": 0.0029585874032897, "evolutionary": 0.002953533314976, "air": 0.002940579080986, "specific": 0.002907350566801, "virus infection": 0.002904111155324, "required": 0.0028848893315498, "mutation": 0.0028801308047282, "reveal": 0.002842716056608, "fusion": 0.0028153889319312, "type": 0.002811137141082, "proteins": 0.0027930745886122, "vol": 0.0027755122628283, "genes": 0.0027496336838814, "humans": 0.0027368972839618, "pathogen": 0.0027368972839618, "mortality covid": 0.0027242924154793, "tocilizumab": 0.0027076858928637, "neural": 0.0026872405139133, "strategy": 0.0026844056456432, "influenza": 0.0026756804144719, "antigen": 0.0026711272688928, "birth": 0.0026395252295889, "fatal": 0.0026125291082973, "needed": 0.0025898555042784, "promoting": 0.0025823902786596, "release": 0.0025675954237724, "mers": 0.0025566157942575, "testing": 0.0025495588881848, "race": 0.0025457340527868, "behaviors": 0.0025421282581887, "il": 0.0025278106678125, "vaccine": 0.0025173438480781, "processing": 0.0025031520395757, "dependent": 0.0024927346740593, "transfer": 0.0024892818836839, "mobility": 0.0024789817332433, "linked": 0.0024755675755381, "derived": 0.0024519321922267, "rna polymerase": 0.0024391266335177, "emergence": 0.0024386289479028, "early": 0.0024341094753153, "analyses": 0.0024320313070613, "causes": 0.0024320313070613, "concept": 0.0024189420600789, "model": 0.0023988514775006, "disparities": 0.0023899946025063, "identify": 0.0023836540137863, "social distancing": 0.0023773461931129, "spatial": 0.0023742044652939, "way": 0.0023679451665315, "reveals": 0.0023648275132815, "selection": 0.0023648275132815, "risk": 0.0023569314039244, "good": 0.0023462869960189, "care": 0.0023327135789102, "driven": 0.0023310488382514, "case": 0.0023279082195226, "epidemics": 0.0023011316399281, "production": 0.0022893671094873, "antiviral": 0.0022575874055676, "expression": 0.0022434111650962, "populations": 0.0022321875404132, "distancing": 0.0022293976864357, "cov": 0.0022252609596115, "patients": 0.0022116991133362, "growth": 0.0021856060626994, "needs": 0.0021722372479554, "consequences": 0.0021616466341463, "mechanisms": 0.002132987545007, "of": 0.0021278483349565, "point": 0.0021252868217735, "survival": 0.0021024719409926, "cov spike": 0.0020736685188473, "failure": 0.0020293626303388, "assessing": 0.0020152519462002, "patterns": 0.0020036163901738, "hiv": 0.0019989930491012, "modeling": 0.0019943871546403, "molecular": 0.0019784020354512, "identification": 0.0019603860539906, "10": 0.0019514768130927, "environmental": 0.0019207968348832, "insights": 0.0019186346366495, "19 patients": 0.0019014735724567, "anti": 0.0018972207438204, "lockdown": 0.0018972207438204, "protective": 0.0018950998734627, "epidemiology": 0.0018761760744938, "following": 0.0018678587640554, "age": 0.0018616577655335, "public health": 0.0018534384712832, "chains": 0.0018466793926074, "epitope": 0.0018466793926074, "regulates": 0.0018466793926074, "syndrome associated": 0.0018466793926074, "emerging": 0.0018331291743665, "single": 0.0018291075543072, "saharan africa": 0.0018239897796573, "cd8": 0.0018151449829305, "coronary artery": 0.0018151449829305, "genomes": 0.0018064265447718, "blockers": 0.0017978309056058, "apoptosis": 0.0017935780640616, "lung disease": 0.0017935780640616, "viral rna": 0.0017935780640616, "large": 0.0017915488806419, "level": 0.0017876617417395, "antibody responses": 0.0017809945194492, "inhibit": 0.0017727473629718, "quality": 0.0017722358102349, "alzheimer disease": 0.0017605819044838, "mortality": 0.0017532235787312, "converting enzyme": 0.0017486542226878, "sub saharan": 0.0017369552006904, "saharan": 0.0017292786178137, "community": 0.0017289423073017, "human coronavirus": 0.0017104992809811, "evidence": 0.001703322403906, "insulin": 0.0016995029421837, "protects": 0.0016958810900585, "influenza virus": 0.0016887012391054, "microscopy": 0.0016816048766838, "renin angiotensin": 0.0016816048766838, "non covid": 0.001678087401287, "activated": 0.001671112693464, "mers cov": 0.001671112693464, "potential": 0.0016658734879481, "inhibits": 0.0016642167975856, "enhances": 0.0016607978514342, "association": 0.0016606162195886, "kinase": 0.0016573979524353, "organs": 0.0016573979524353, "cns": 0.0016540168895386,