{"gynaecology obstetrics": 0.5067394862243344, "gynaecology": 0.3090955404153883, "national": 0.2418695159812322, "obstetrics": 0.2347946633832329, "association": 0.2246803362652172, "official": 0.2181235729227413, "physicians": 0.1705088091373733, "med hyg": 0.1614312068738291, "covid 19": 0.1604306026638076, "covid": 0.1602691086355005, "19": 0.1594643907179546, "trop med": 0.147191469388909, "international": 0.1445895628176429, "revue medicale": 0.1380610694287877, "hyg": 0.1380366177713252, "emergency": 0.1335284507516407, "federation": 0.1332648954239661, "state": 0.1291520100032916, "trans": 0.1254611966391859, "trop": 0.1142841949338033, "medicale": 0.111349236672371, "care": 0.1052048962582926, "organ": 0.0967126373476966, "soc": 0.0908912690063295, "revue": 0.0872771950116652, "med": 0.0692607520615835, "maternal": 0.0657858849407938, "tropical": 0.0610734290938194, "sars": 0.0565363647670049, "sars cov": 0.0508498841083149, "infection": 0.0504875032277796, "cov": 0.0501794027608232, "disease": 0.0430547943702347, "experts": 0.0424536401720035, "london": 0.0423109483699665, "pandemic": 0.0421445973752166, "suisse": 0.0416005505935127, "19 pandemic": 0.0394118703059547, "impact": 0.0373415832757124, "de": 0.0348927846756866, "general practice": 0.0339520261163636, "practice": 0.0337055362615629, "19 vaccine": 0.0323585977089427, "pregnant": 0.0321573021640459, "jama": 0.0316833357648906, "neonatal": 0.0314895365924133, "practice covid": 0.0290414445141258, "patients": 0.0284991911659983, "coronavirus": 0.0284412265584361, "women": 0.0272279982711653, "otolaryngol head": 0.0272065094282914, "biomarker": 0.0268232195617014, "neck surg": 0.0260229745658307, "provide": 0.0256989605333861, "radiol": 0.0255846224003088, "outcomes": 0.0252520354283249, "questions": 0.0248494442185244, "vaccine": 0.0243282177685249, "pregnant women": 0.024191064710138, "hospital": 0.0237712889216044, "2019": 0.0235730382474677, "airway": 0.023440318419312, "best": 0.023440318419312, "resilience": 0.0230974839610261, "medical": 0.0228961479850253, "review": 0.0227779532398505, "cov infection": 0.0222672867424087, "trauma": 0.0221533168538239, "analysis": 0.0215933774513473, "administration": 0.0209930243949422, "ct": 0.020814490085307, "higher": 0.0207387949055193, "disease 2019": 0.0203187956511115, "school": 0.0201980597791843, "pregnancy": 0.0201262070187071, "evaluating": 0.0199838013651289, "surg": 0.0199838013651289, "services": 0.019889810495679, "major": 0.0198198055916644, "rates": 0.0197502136983361, "royal society": 0.0193098631338329, "cov antibodies": 0.0187114068255832, "clin": 0.0183557308843105, "implementation": 0.0183351986046185, "literature": 0.0181519988474435, "coronavirus disease": 0.0180915591334639, "gastroenterology hepatology": 0.0180282428412238, "associated sars": 0.0179823445873879, "systematic review": 0.0179716008958539, "general": 0.0178528503120108, "series": 0.017793920339129, "level": 0.0172763939986594, "dynamics covid": 0.0170536180706368, "knowledge attitude": 0.0170146879236654, "surg covid": 0.0170146879236654, "clinical microbiology": 0.0169375901480073, "systematic": 0.0168346902855499, "vaccination": 0.0167268011946558, "population": 0.016691056343955, "otolaryngol": 0.0166388986862664, "characteristics": 0.0166376413468469, "el": 0.0165665309580609, "testing": 0.0164263677878288, "distress syndrome": 0.0163546077098787, "syndrome": 0.0162703594515536, "transactions": 0.0161500359012844, "global": 0.016099402956237, "potential": 0.016099402956237, "head neck": 0.0160833923012185, "patient": 0.0159643995746693, "transmission dynamics": 0.0158558970417398, "review international": 0.0157924781957211, "laryngoscope": 0.0157297340310715, "medicine": 0.0156171963369523, "study international": 0.0155152414533552, "system": 0.0154393263337257, "respiratory": 0.0154232885451167, "management": 0.0153593545582227, "control": 0.0152799213172784, "tertiary hospital": 0.015279294156264, "delivering": 0.0152504535322792, "respiratory distress": 0.0152504535322792, "influenza vaccination": 0.0152217532525186, "2020": 0.0151853021599003, "northern italy": 0.0150803101224622, "case": 0.0149983107930537, "controls": 0.0148072106026629, "interim": 0.0147805834881251, "obstetric": 0.0146492218029444, "royal": 0.0146232969442689, "clinical": 0.0145136915032416, "prone": 0.0143949627834515, "respiratory failure": 0.0143207744360456, "hepatology": 0.0142718289613451, "prospective cohort": 0.0142232863346248, "rescue": 0.0142232863346248, "healthcare professionals": 0.0141991640275735, "protective equipment": 0.0141991640275735, "personal protective": 0.0141512133906678, "infection prevention": 0.0140564660381904, "intubation": 0.0140330151291537, "required": 0.0139401329599095, "potentially": 0.0139171391847721, "congenital": 0.0138034960570611, "mitigate": 0.0138034960570611, "coronavirus 2019": 0.0137363466123315, "immediate": 0.0137363466123315, "drive": 0.013714132289074, "neck": 0.013692001321822, "attitude": 0.0135393670328728, "caring": 0.0133487541679749, "2009": 0.0132454608824308, "endoscopic": 0.0132454608824308, "english": 0.0132250175487828, "providers": 0.0129655081893225, "single center": 0.0129072089088431, "dengue": 0.012849480266693, "origin": 0.0127356909651254, "force": 0.0126610330587167, "clinical characteristics": 0.012496429933036, "mrna": 0.0124784210767466, "integrative": 0.0123715076503436, "descriptive": 0.0123538756615693, "enhance": 0.0123187690349835, "nigeria": 0.0122838701411317, "review literature": 0.0122146858187638, "prognostic": 0.0121803956300087, "personnel": 0.0120619260199702, "variants": 0.0119787385216726, "linked": 0.0119622409001398, "equipment": 0.0119130231247927, "microbiology": 0.0118967080497904, "gastroenterology": 0.0118642126736348, "2019 covid": 0.0118318953552283, "prevention control": 0.0118318953552283, "head": 0.0117677871604256, "supporting": 0.0117518684035218, "case series": 0.0116729127952994, "coronavirus covid": 0.0116416241497573, "transport": 0.0116260418531044, "opportunity": 0.0116105006165694, "wide": 0.011548741980513, "algorithm": 0.011457299903048, "deaths": 0.0114421964483093, "distress": 0.0113672539424915, "innovation": 0.0113672539424915, "occupational": 0.0113375415579771, "improvement": 0.0112785621079546, "infectious disease": 0.0112785621079546, "universal": 0.0111911842749497, "professionals": 0.011105082076394, "guidance": 0.0110483711024118, "northern": 0.0110342781546014, "planning": 0.0109227307000334, "predictors": 0.0108814383783742, "burden": 0.0108677382657043, "hospitalized": 0.0107324594945623, "qualitative": 0.0107191007213486, "acute respiratory": 0.0106659661651017, "pcr": 0.0106395773253181, "cohort study": 0.010574117209926, "focus": 0.0104965121974711, "asymptomatic": 0.0104453370750802, "tertiary": 0.0104453370750802, "decision": 0.0103819863494333, "history": 0.01033179118814, "end": 0.0103068529021372, "antibodies": 0.0102820196197548, "case report": 0.0102572904604554, "advances": 0.0102081410439214, "urban": 0.010195917421199, "field": 0.0101715459160553, "personal": 0.0101351764533105, "experiences": 0.0101110541462593, "japan": 0.0101110541462593, "scientific": 0.0100990298895921, "biological": 0.0100870300973501, "hospitals": 0.0100511765167098, "special": 0.0100273946463727, "patients covid": 0.0098635536704446, "impact covid": 0.0098290293034578, "mass": 0.0098175659454226, "failure": 0.0098061248247594, "setting": 0.0098061248247594, "brazil": 0.00973794029827, "diabetes": 0.0097041413756725, "interventions": 0.0096929179738986, "safe": 0.009614946543749, "dynamics": 0.0095818432060368, "prospective": 0.0095818432060368, "like": 0.0095489246321016, "considerations": 0.0095379924772527, "correction": 0.0095053170703939, "program": 0.0095053170703939, "training": 0.0094728216942383, "pre": 0.0094297711684068, "oral": 0.0093446015172247, "crisis": 0.0093340412711583, "preliminary": 0.0093340412711583, "environmental": 0.009281521815903,