{"previously": 0.4368673489886418, "articles": 0.4064171759762467, "published": 0.3984599980309481, "missing": 0.3830603542270745, "interest": 0.3729564505481136, "erratum": 0.3354385973698855, "metab syndr": 0.1331996457113013, "diabetes metab": 0.1266038485934272, "syndr": 0.1242593717733843, "metab": 0.0905870872140969, "zhejiang": 0.0699495635732363, "diabetes": 0.061699907044942, "ban": 0.0395270307206264, "reports": 0.034772815180675, "xue": 0.0321005696164181, "journal": 0.0317899937082508, "da xue": 0.0300325834734138, "xue xue": 0.0295220011880036, "false": 0.026517794714221, "10": 0.0256951858573497, "nan": 0.0243288649145937, "insight": 0.0228994320114384, "bone": 0.0228661065767746, "2018": 0.02176057843144, "2020": 0.0206892168606344, "xue bao": 0.0203454732888993, "mechanism": 0.0200448715683296, "engineering": 0.0199177749580476, "bao": 0.0193834227030448, "ke": 0.0193105364181233, "yi": 0.0175914147308001, "information": 0.0166538624484525, "university": 0.0163779471508005, "laboratory medicine": 0.0163333651146597, "network": 0.0160735991745696, "social": 0.0156073189823709, "science": 0.0155231542242979, "retrospective observational": 0.0153497409246677, "acute kidney": 0.0150801464658439, "online": 0.0147315481757205, "kidney injury": 0.0144894959303331, "toxicology": 0.0138519882374832, "patients hospitalized": 0.0136469082937662, "ensuring": 0.0135226089981044, "da": 0.0132588973571105, "hospitalized covid": 0.0129852859285344, "biochemistry": 0.012919012184691, "means": 0.0127674892952837, "binding": 0.0121817663020212, "19": 0.0120701266350711, "single center": 0.0117236189471746, "prev": 0.0117060835491829, "wuhan china": 0.0116538191414282, "article": 0.0115338159951371, "radiation": 0.0115000174016149, "11": 0.0108953160398877, "distance": 0.010835460005971, "20": 0.0107469115551779, "water": 0.0105599348017306, "pathogenesis": 0.0104897233208964, "15": 0.0104480339330425, "observational study": 0.0101912782953052, "pract": 0.0099085860831281, "electronic": 0.0098093784460002, "hospitalized": 0.0097482938696397, "ii": 0.0096163103689763, "kidney": 0.009475942706177, "wuhan": 0.009475942706177, "practical": 0.0094299590821787, "observational": 0.0093166977956387, "imaging": 0.0089695603890753, "communication": 0.008896532159577, "disorders": 0.0088758485072288, "molecular": 0.0086832371703345, "infect": 0.008545617069746, "injury": 0.0085359210321612, "specific": 0.0085069377731683, "retrospective": 0.0084973114286136, "possible": 0.008364327950636, "sciences": 0.008364327950636, "laboratory": 0.0082529119560971, "epidemiology": 0.0082345658446623, "type": 0.0082254162962329, "center": 0.0081708447618108, "investigation": 0.0080900158457949, "single": 0.0080279813806793, "china": 0.0073970106737574, "2019": 0.007137130880174, "related": 0.0071147942558611, "medicine": 0.0070925503790443, "acute": 0.0070556812775394, "respiratory": 0.0070044871471549, "research": 0.0069972134742069, "control": 0.0069393769145492, "medical": 0.0069321910525688, "use": 0.0068396415468194, "study": 0.006497876486271, "patients": 0.0064714544386109, "covid 19": 0.0060716304172192, "covid": 0.0060655185405686}