{"congress": 0.5585646059407217, "abstracts": 0.5293600378970985, "world": 0.3199209178350052, "september": 0.2767935725649394, "neurology": 0.2297373241944161, "neurol": 0.2281366978847914, "gastroenterology": 0.2237737226366587, "nutrition": 0.2078549545012831, "pediatric": 0.175258391191488}