{"bras": 0.527453206952558, "assoc": 0.4809807714907643, "rev": 0.3582867858184116, "med": 0.2964149250058822, "19": 0.2640466470972117, "covid 19": 0.2595162295806915, "covid": 0.2592549931293525, "19 rev": 0.1239375250327955, "patients": 0.0653399242362384, "19 patients": 0.0505574761825124, "brasileira": 0.0497271599587025, "pandemic": 0.047238725115878, "19 pandemic": 0.0457820747648129, "da": 0.0401610808043768, "hematological": 0.0394955628901802, "review": 0.0394572844225672, "times": 0.0382098255611623, "medica": 0.0368406120388434, "revista": 0.035351911380662, "changes": 0.0282739670809991, "care": 0.0275660152127884, "mortality": 0.0258976221296856, "times covid": 0.0246765199415903, "patients covid": 0.0241217175424811, "brasil": 0.0234044730856063, "patients treated": 0.0225107199394131, "neutrophil": 0.0222333222503573, "health": 0.0219135266682745, "hospital": 0.0218001164747225, "injury covid": 0.0206641009596383, "safe": 0.0205745214560104, "renal": 0.0205263687205667, "literature review": 0.020368443926212, "19 acute": 0.0203011679862002, "acute kidney": 0.0203011679862002, "ratio": 0.0202765479087107, "parameters": 0.0199582466767698, "bcg": 0.019585712358146, "kidney injury": 0.0195060234715429, "social isolation": 0.0191202753321469, "acute": 0.0189969734308414, "associated": 0.0186258665782997, "mortality patients": 0.0181058147845697, "new": 0.0180586817691568, "19 systematic": 0.0178179453585077, "clinical": 0.0177469083981839, "myocarditis": 0.0177244869768221, "19 infection": 0.0176150273301655, "19 emergency": 0.0175713650705992, "hospitalized covid": 0.0174810285550676, "coronavirus": 0.017388541101064, "predictor": 0.0171591516873427, "virus": 0.0167616149471504, "literature": 0.0166467914477979, "treated": 0.0164041635698502, "kidney": 0.0159458584455253, "current": 0.0153562023391615, "emergency": 0.0153069938102379, "infections": 0.0150802681637042, "knowledge attitudes": 0.0149984443060518, "care medicine": 0.0148416557007873, "effects": 0.0144423782752152, "injury": 0.0143640155604041, "physical": 0.014282874476376, "speech": 0.0138555097331472, "wake": 0.0138042408360763, "systematic review": 0.0137344604401731, "19 virus": 0.0137282373165132, "diagnostic": 0.013583709208498, "19 infections": 0.0134583531746872, "frequency": 0.0134068358105973, "challenging": 0.0133870269347922, "vertical": 0.0133166290454435, "infection": 0.0132288451538963, "hospitalized": 0.0131233308558802, "viral infections": 0.0130883745803903, "systematic": 0.012865597733299, "hypothesis": 0.012847942635948, "severity covid": 0.0128266060081058, "lives": 0.0127003241286313, "challenges": 0.0126070448289749, "therapy": 0.012580255170111, "caused": 0.0124822099175631, "critical care": 0.0122037528724018, "update": 0.0120749856530519, "burnout": 0.0120725097020273, "evaluation": 0.0119725821051074, "role": 0.0118854827456675, "severity": 0.0117704126390741, "demographic": 0.0114767620115218, "impact": 0.0114150431282284, "isolation": 0.0114133868276804, "pediatric": 0.011361965783745, "health promotion": 0.0112249923723458, "admission": 0.0111547128455944, "workers": 0.0111102204726943, "19 crisis": 0.0109854327148148, "investigation": 0.0108909267604592, "telehealth": 0.0108212901612468, "protect": 0.0107919739477764, "cd8": 0.010724915965949, "days": 0.0106762726773724, "treatment covid": 0.010647729982408, "hospital mortality": 0.0105725319353849, "neurological": 0.0105211196415621, "social": 0.0105054286174532, "cd4": 0.0104986886975995, "attitudes": 0.0104933820005484, "way": 0.0104933820005484, "ethical": 0.0103567881722373, "team": 0.0103567881722373, "culture": 0.0102897634218466, "stroke": 0.0101322135994752, "viral": 0.0101071314703269, "syndrome": 0.0099474547439484, "settings": 0.0098058279801363, "anticoagulation": 0.0093592515999833, "chest": 0.0093504474276437, "control": 0.0093419156624843, "clinical laboratory": 0.0093415322256078, "medical": 0.0093322419241342, "alternative": 0.0092836709233872, "in hospital": 0.0092715128327505, "platelet": 0.0092715128327505, "clinical course": 0.0092370064887648, "patients hospitalized": 0.0091858583201271, "face mask": 0.0091021913316296, "service": 0.0090988286578196, "impact covid": 0.0090139825549846, "course": 0.0090034697661669, "saliva": 0.0089089726792538, "marker": 0.0088777526969623, "identified": 0.0088468007006565, "swab": 0.0088314237672077, "promotion": 0.008800865233222, "disease": 0.0087743527277966, "19 review": 0.0086227606164654, "complexity": 0.0085939133791783, "immune": 0.0085794266223174, "crisis": 0.0085600401207603, "actions": 0.0085510706720705, "home": 0.0083699035611195, "knowledge": 0.0083605699468207, "laboratory": 0.0083326653545207, "environments": 0.0083307954536499, "diagnosis covid": 0.0083041836322786, "status": 0.0082406762641038, "sectional study": 0.0082385008429858, "nasopharyngeal": 0.0081996578954356, "sexual": 0.008085578191813, "effect covid": 0.0080237261533631, "de": 0.007999847763472, "men": 0.0079508775054142, "care covid": 0.0079031167352683, "memory": 0.0077749457633417, "article": 0.0077635166398929, "life": 0.0077359501503633, "practice": 0.0077276480333934, "critical": 0.0076863275257581, "characteristics": 0.007629004056576, "diagnosis": 0.0075803486027452, "comparison": 0.0075481531020666, "evidence": 0.0075481531020666, "19 disease": 0.0074156919715392, "professional": 0.007395027815106, "transmission": 0.007389988962998, "centers": 0.0073744814037928, "sleep": 0.0071752105159735, "medicine": 0.0071610904288144, "cross sectional": 0.0069771905858178, "sectional": 0.0069680269584482, "treatment": 0.0069200088923286, "predictive": 0.0068421229068555, "southern": 0.0068421229068555, "sample": 0.0067982017130583, "double": 0.0067894813087373, "gastrointestinal": 0.0067204670407448, "sars cov": 0.0066618984892913, "gen intern": 0.0066251803358324, "analysis": 0.0066009342204717, "cells": 0.0065945211033552, "cov": 0.0065740580004823, "study": 0.0065606698051715, "telemedicine": 0.006496838775356, "agents": 0.0064888167799911, "sars": 0.0064810291789539, "activities": 0.0064410560098452, "mask": 0.0064017329873282, "re": 0.006386123069317, "asian psychiatr": 0.0062921153303203, "immunity": 0.006116117824015, "behavior": 0.0060730190787151, "communication": 0.0059883368598336, "health care": 0.005981368963116, "diabetes": 0.0059329670896829, "molecular": 0.0058447660590779, "face": 0.0058047743135264, "patients systematic": 0.0057843349804838, "information": 0.0056049332801719, "in": 0.0055924128320743, "recommendations": 0.0055675016074049, "type": 0.0055366026571582, "center": 0.005499870060095, "primary": 0.0054816431362177, "otorhinolaryngol": 0.0054420124785207, "positive": 0.0053918654175993, "comparative": 0.0053741750202402, "activity": 0.0052584063153218, "cross": 0.0052470312729886, "science": 0.0052243882759518, "retrospective observational": 0.0051660252399095, "official american": 0.0051544307130398, "safety": 0.0051462390933196, "venous thromboembolism": 0.0051429102731095, "cancer": 0.0051187341130538, "rapid": 0.0051187341130538, "19 current": 0.0050642647896077, "epidemic": 0.004937065911644, "head neck": 0.0049165729104485, "identity": 0.0048864394616903, "patient": 0.004880197722619, "manifestations covid": 0.0048373099173628, "high": 0.0048191657647171, "smell": 0.0048084622185002, "taste": 0.0047707028757941, "effect": 0.0047641130094182, "dimer": 0.0047245892952255, "endocrinology": 0.0046974768637872, "course covid": 0.0046885292388984, "19 induced": 0.0046707661128039, "provider": 0.0046531762882632, "fitness": 0.0046099381797485, "thromboembolism": 0.0046099381797485, "alterations": 0.0046014136120254, "19 health": 0.0045844844480691, "pandemia": 0.0045844844480691, "literacy": 0.0045760791055044, "type diabetes": 0.0045510956658148, "psychiatr": 0.0045102108591239, "19 china": 0.0044623423115974, "hospitalised": 0.0044388763484811, "lymphocyte": 0.0044388763484811, "19 severity": 0.0044311217442055,