{"cell therapy": 0.5299936399298446, "hematology": 0.4058907544443277, "transfusion": 0.3601353155724687, "na": 0.2769107037819924, "cell": 0.253391289026669, "therapy": 0.2272399116801224, "covid 19": 0.1677773315317152, "covid": 0.1676084420762261, "19": 0.1667668730575985, "paciente": 0.1577445048252581, "durante": 0.1453977747157688, "com": 0.1393600559468428, "por": 0.122112717203484, "pandemia covid": 0.1092250232963963, "em": 0.1069156647110628, "por covid": 0.1040456510524809, "sa\u00fade": 0.0924091070693796, "das": 0.0835241149712581, "pandemia": 0.075282317553192, "da": 0.0732766082507283, "por sars": 0.0567141200228923, "therapy covid": 0.0350463495678358, "sars cov2": 0.0298187724627536, "cov2": 0.029337326479288, "de": 0.0218943949797358, "sars": 0.0177376141289999}