{"theory": 0.5690091496943459, "applications": 0.5266076901203688, "testing": 0.4262352133408703, "2020": 0.3940317536641625, "resolution": 0.1044493462899025, "strong": 0.0721702188084472, "del": 0.0491351084001864, "le": 0.0477029219350854, "vector": 0.0470632840422787, "designing": 0.046673782392876, "systems": 0.0455818344759252, "archives": 0.0378609092933485, "based": 0.0371621219893843, "decision": 0.0347605416012046, "chest": 0.0341375532343463, "local": 0.0331410202351995, "low middle": 0.0331245434998119, "understanding": 0.0311461609152151, "middle income": 0.0302581522331643, "strategy": 0.0289534769066632, "stochastic": 0.0279159763554039, "programming": 0.0269805035438264, "abstract": 0.0262288926815386, "linear": 0.0254824254901051, "matrix": 0.0251989549188902, "2020 covid": 0.0249233961960537, "parallel": 0.0242240918583846, "disease": 0.0240257166028661, "variables": 0.0239330609915047, "evolutionary": 0.0238921766817384, "care workers": 0.0238109124641431, "partial": 0.0237303116353143, "complexity": 0.0235316420211393, "set": 0.0234532801280626, "extraction": 0.023414331175382, "expansion": 0.023336891196438, "functions": 0.0224521013626564, "covid 19": 0.0223811322897199, "covid": 0.0223586028025053, "19": 0.0222463393199188, "income": 0.0215110518512973, "2017": 0.0214153462874084, "size": 0.0212578701151146, "efficient": 0.0202771335983231, "database": 0.0198345476082088, "search": 0.0197269329548659, "country": 0.019646984771488, "optimal": 0.0196204785899293, "selection": 0.0191299270208562, "networks": 0.0190546518402328, "improved": 0.0188078003153269, "reducing": 0.0185195010978492, "rehabilitation": 0.0184958518728882, "lower": 0.018401817384014, "better": 0.0176801412538383, "consequences": 0.0174863249534493, "reduction": 0.0172962401087102, "dynamic": 0.0172753437057764, "free": 0.0171508855868416, "improving": 0.0170076399097604, "learned": 0.0167668097582388, "cardiac": 0.0167272363717924, "middle": 0.016687820963357, "health care": 0.0163780372254412, "short": 0.0162455044073261, "19 infection": 0.0160776780432507, "phase": 0.0159126567083236, "implementation": 0.0153472903067576, "technology": 0.0153301338355411, "workers": 0.0152108660748669, "multi": 0.0151601890772133, "general": 0.0149435456059091, "low": 0.014259045140807, "learning": 0.0142436777498436, "perspective": 0.0141215921548059, "strategies": 0.0137787779855861, "outbreak": 0.0133488023524147, "19 pandemic": 0.0131957210425941, "high": 0.0131957210425941, "2019": 0.0131543802423483, "effect": 0.0130449769435077, "model": 0.0129367726090602, "care": 0.0125800973572034, "new": 0.012361959447807, "infection": 0.0120742993628022, "health": 0.0120006158365033, "pandemic": 0.0117589012755669}