{"del": 0.4971509658446653, "le": 0.4826600466714427, "archives": 0.3830781743604353, "chest": 0.3454051108181656, "disease": 0.24309314873069, "covid 19": 0.1698398848117118, "covid": 0.1696689191311618, "19": 0.168817004370807, "difference": 0.1180617930424369, "success": 0.1088248357682119, "19 pneumonia": 0.1006178215309814, "inflammation": 0.094051176240073, "guide": 0.0929769312333607, "practical": 0.0879271329248609, "systemic": 0.0868710583321658, "imaging": 0.0836342683711386, "lung": 0.0769520716110325, "pneumonia": 0.0750193481730013, "implications": 0.071288190942729, "syndrome": 0.0688984752089428, "review": 0.0643036908630983, "clinical": 0.0614596879192393, "patients": 0.0603413471556079}