{"conference": 0.3374773084249793, "2021": 0.261305882472405, "conf ser": 0.2458173938757296, "iop": 0.2355421073287791, "international": 0.2341087745094395, "prospects": 0.2291408617339276, "international conference": 0.2125203168054539, "environ sci": 0.1849380191205437, "covid 19": 0.1781193736526142, "covid": 0.1779400736020435, "19": 0.1770466290281259, "dis": 0.1749896167317576, "lung": 0.1740166889420285, "practical": 0.1729002642070326, "ser": 0.1727947865490134, "scientific": 0.1681879437493687, "earth": 0.1644698109312597, "conf": 0.1623895827734141, "int": 0.1613817028366483, "annual": 0.1478152046877841, "state": 0.1433920632709321, "pandemic int": 0.1232986896341533, "system": 0.1157060489769828, "pandemic": 0.1111295274177489, "sciences": 0.1073531867936341, "environ": 0.1023709935260641, "19 pandemic": 0.0984540321972897, "sci": 0.0867859956182358, "distance": 0.0596011249309983, "distance learning": 0.058570276119884, "learning": 0.0495940187623462, "impact": 0.0373129152571001, "industrial": 0.036465696767509, "online": 0.0337632505820509, "services": 0.0331242343611674, "psychological": 0.0330464340232012, "smart": 0.0324867824902761, "design": 0.0309146539053302, "social": 0.0286163444835636, "detection sars": 0.0282716336176061, "19 related": 0.0278844351378897, "spectroscopy": 0.027529977307601, "dis covid": 0.0274116351552099, "amidst covid": 0.0266753272144249, "bcg": 0.0266753272144249, "sequences": 0.0265667926313258, "teachers": 0.0260927031950433, "university students": 0.0255427118125724, "speech": 0.0251612161011938, "students": 0.0244394951835842, "analyzing": 0.0242250528445186, "clustering": 0.0242250528445186, "sars cov": 0.0241956406890273, "reflection": 0.0239731857155159, "cov": 0.0238766089732805, "health": 0.0238766089732805, "tobacco": 0.0238087922575452, "sars": 0.0235387335248564, "context": 0.0231078288677293, "region": 0.0229527388067845, "implementation": 0.0229014027975484, "technology": 0.0228758017142262, "amidst": 0.0228024827464283, "sector": 0.0227657639005636, "university": 0.0225219804629943, "example": 0.0221272682669742, "support": 0.0218388518935587, "acceptance": 0.021625168508012, "dna": 0.0215277566699684, "place": 0.021147491897852, "changes": 0.0210046619627757, "behaviour": 0.0208414771217716, "concern": 0.0206033495844511, "professional": 0.0201437438802864, "development": 0.0198149652057674, "related": 0.0195676852237122, "research": 0.0192443050048293, "outpatient": 0.0191566878681482, "19 lockdown": 0.0191313400351649, "algorithm": 0.0190808397705545, "use": 0.0188109378877586, "care": 0.0187721657081599, "case": 0.0187334952929291, "based": 0.0184845816966092, "tuberculosis": 0.0181905751012775, "essential": 0.0181446765138794, "genetic": 0.0180535178101021, "study": 0.0178709878505859, "case study": 0.0177190151160146, "centre": 0.0177190151160146, "technologies": 0.0175451649168735, "exploring": 0.0172481403025164, "economic": 0.0172272640357206, "making": 0.0171856441436604, "complex": 0.0167192770106622, "impact covid": 0.0163691388744629, "communication": 0.0163119770458412, "brazil": 0.0162174404177973, "africa": 0.0161611521271915, "to": 0.0160310538036425, "dynamics": 0.0159574783298049, "city": 0.0158844498905712, "air": 0.0157759153074722, "digital": 0.0156507890315261, "food security": 0.0156241382643034, "information systems": 0.0156241382643034, "learning based": 0.0156241382643034, "relationship": 0.0155799975191119, "education": 0.0155097125692647, "features": 0.0155097125692647, "method": 0.0152846989621774, "information": 0.0152676018650322, "lockdown": 0.0152676018650322, "real": 0.0152676018650322, "computers": 0.0152477817691811, "virtual": 0.0149482866338961, "higher education": 0.0148982251070001, "application": 0.0147680562592596, "online learning": 0.0145719039271443, "lessons": 0.0145592345957058, "feline": 0.0145022412000564, "healthcare": 0.0144329012807622, "cross": 0.0142926918921158, "quality": 0.0142618041942411, "community": 0.0139134061660834, "detection": 0.013839275400399, "health emergency": 0.0137649886538005, "teacher": 0.0136183765748967, "services covid": 0.0135041588708254, "global": 0.0134058692191441, "stigma": 0.0133925372497615, "19 spread": 0.0133650237889227, "non": 0.0132934527722511, "privacy": 0.013229722121139, "addiction": 0.0131241021382593, "personality": 0.0129951934274862, "apps": 0.0129194416956031, "model": 0.012869600409306, "management": 0.0127896356813797, "control": 0.0127234921329111, "medical": 0.012710316705275, "tourism": 0.0126750559597797, "response": 0.0126577910195151, "pandemic era": 0.0126276049634464, "literacy": 0.0124650464855472, "articles": 0.0124195726429269, "ensuring": 0.0123969926495187, "russia": 0.0123969926495187, "federation": 0.0123298689634153, "new": 0.0122977718768823, "agricultural": 0.012198312706772, "teams": 0.0121125264222593, "user": 0.0121125264222593, "analysis": 0.0119871109464645, "organizational": 0.0119659143433555, "health covid": 0.0119248166983804, "basis": 0.0118235524939814, "russian": 0.0118235524939814, "centered": 0.0117243341716843, "means": 0.0117047287966862, "19 response": 0.0116657512911796, "difference": 0.0116078589911702, "resident": 0.0116078589911702, "threats": 0.0115317157618247, "socio": 0.0114940823216208, "game": 0.0114753731945565, "wave covid": 0.0114567350700428, "text": 0.0114196696872006, "second wave": 0.0114012413732141, "taking": 0.0112921004391155, "parents": 0.0111677611417649, "transformation": 0.0111154216774884, "twitter": 0.011098098414677, "costs": 0.0110464922664681, "english": 0.0110123869911079, "private": 0.0109954227603717, "burnout": 0.010961669088571, "innovations": 0.010961669088571, "mortality covid": 0.010961669088571, "reactive": 0.0109448788502855, "contact tracing": 0.0107638783349842, "global health": 0.0107477497821799, "language": 0.0106678920890887, "financial": 0.0106205934257605, "cities": 0.0104358265602029, "integration": 0.0104358265602029, "security": 0.0104207385608858, "emotional": 0.0103907009142516, "chloroquine": 0.0103016747922255, "restrictions": 0.0102432081503432, "decision making": 0.0102142337895173, "disaster": 0.0101425370429698, "collaboration": 0.010100016085446, "coronavirus infection": 0.0100718719401432, "artificial intelligence": 0.0100438881612109, "manage": 0.0100299558400516, "presence": 0.0100299558400516, "student": 0.0100022092130552, "linked": 0.0099608810035433, "asthma": 0.0098927642400835, "search": 0.0098122519465362, "tracing": 0.0097989606260692, "transition": 0.0096939054991238, "opportunity": 0.0096679891333624, "resilience": 0.0096165631146228, "reactions": 0.0095910506421068, "deaths": 0.0095278433357285, "educational": 0.0095278433357285, "mental health": 0.0095152989102237, "organization": 0.0095152989102237, "networks": 0.0094778567473042, "concerns": 0.0094654391934954, "view": 0.0094654391934954, "communities": 0.0093550718541176, "predictive": 0.0093188271145917, "province": 0.0093188271145917, "intelligence": 0.009223462178067, "presentation": 0.0091881723980913, "interaction": 0.0091415103851645, "theory": 0.0091299138274388, "affect": 0.0091068025381296, "gender": 0.0091068025381296, "planning": 0.0090952875506387, "internal": 0.0090837994988157, "real time": 0.0089703732120235, "affected": 0.0089368499425083, "brazilian": 0.0089368499425083, "vs": 0.0088814813750454, "nature": 0.0088595075580073, "artificial": 0.0088485574087329, "managing": 0.0088158526935446, "teaching": 0.0087941699213926, "preparedness": 0.0087833643286617, "activities": 0.0087725824584367, "consequences": 0.0086977649518459, "decision": 0.0086450132103516, "aspects": 0.0086345305171189, "higher": 0.0086345305171189, "issues": 0.0085928220718302, "internet": 0.0085720999317407, "opportunities": 0.0085617715579761, "point": 0.0085514648597234, "predicting": 0.008520673913001, "common": 0.0084697808159607, "mental": 0.0084697808159607, "increase": 0.008419409708602, "simulation": 0.0083894331765829,