{"official european": 0.4664893418851697, "european society": 0.4116189017723985, "ablation": 0.339503852450532, "oncology": 0.2650924089291434, "north": 0.2494887945197849, "official": 0.2351223271889738, "group": 0.2277965576143304, "society": 0.2107157887215286, "american": 0.2100362065233667, "european": 0.207349028177434, "international": 0.199151482740811, "radiofrequency": 0.1701786262979441, "radiofrequency ablation": 0.1308501184910101, "tissue": 0.0646124214852831, "liver": 0.0595432845164794, "thermal": 0.0538849497209782, "target": 0.042685639771694, "size": 0.0363254225877737, "malignant": 0.0306097851145227, "tumors": 0.0291945678094475, "center experience": 0.0290842930399674, "clinical": 0.0276792067775887, "relationship": 0.0267620385685403, "retrospective": 0.0267620385685403, "chemotherapy": 0.0264978345006071, "lung": 0.0259923094413258, "computer": 0.0248389439793753, "single center": 0.0246154676933577, "evaluation": 0.0224078403954239, "devices": 0.0221721411389449, "spatial": 0.0218792095732273, "control": 0.0218553685114382, "ultrasound": 0.0218503316718895, "frequency": 0.0209101536058348, "study": 0.0204648755786004, "modelling": 0.0202157748022876, "ct": 0.0198477615054931, "drug delivery": 0.0183048603551291, "center": 0.0171558941115421, "single": 0.0168559313646589, "large": 0.0165098137052795, "low": 0.0162438926582042, "cancer": 0.0159670063963606, "contrast": 0.0156951509213568, "experience": 0.0155311152714648, "review clinical": 0.0155292401230196, "bovine": 0.0152424033788486, "emission": 0.0152114172497951, "malignancies": 0.015058996858666, "review international": 0.015058996858666, "ovarian": 0.0150290022905206, "study international": 0.0147946363713091, "enabled": 0.0147660156062502, "model": 0.0147375608625977, "porcine": 0.0147375397570782, "resection": 0.0145147792241482, "review": 0.0144800211018047, "epithelial": 0.0144066226562939, "perfusion": 0.0144066226562939, "treatment": 0.0143905145043454, "lung cancer": 0.0143005069006534, "feedback": 0.0140940995807253, "recurrence": 0.014043660065979, "toxicity": 0.0139195056157193, "coagulation": 0.0138950002689026, "mri": 0.0138706012362893, "off": 0.0138463075993936, "thyroid": 0.0138463075993936, "pancreatic": 0.0138221184515817, "hepatic": 0.0137740500547165, "note": 0.0137027091209697, "gaps": 0.0134712374302445, "percutaneous": 0.0133589788488979, "retrospective cohort": 0.0132489172503035, "atypical": 0.0130560765915785, "fusion": 0.01297244727072, "carcinoma": 0.012768658011448, "occurrence": 0.0126498373622827, "recurrent": 0.0125719957293387, "commercial": 0.0124194719896876, "sensitive": 0.0123447337708987, "vivo": 0.0121801180717489, "tomography": 0.0120377315248448, "tumor": 0.0120377315248448, "mathematical": 0.0119852524361553, "clinical practice": 0.0117633371932629, "increasing": 0.0116637953345676, "technical": 0.0116637953345676, "isolated": 0.0116310024241844, "retrospective study": 0.0116146773961865, "energy": 0.0112364530103555, "comparative study": 0.0111457418793556, "treating": 0.0111158270843745, "temperature": 0.0109685943775874, "two": 0.0109540809032197, "predictive": 0.0106714099429235, "volume": 0.010616541525313, "literature review": 0.0105893067592745, "planning": 0.0104154246889778, "acid": 0.0102981186661492, "temporal": 0.0102085427625644, "asian": 0.0101705855777862, "combined": 0.0100954312095705, "correlation": 0.0100830025455148, "stage": 0.0099602036014815, "advanced": 0.0098997951990327, "recent": 0.0098519313510117, "area": 0.0098044714221345, "protein": 0.0097926687563203, "systemic": 0.009780890808149, "advances": 0.0097340241352926, "survival": 0.0096875447947387, "controlled": 0.0095957228661455, "distribution": 0.0095165903498055, "local": 0.0094385558424126, "protocol": 0.0090742095718849, "factor": 0.0090328566782438, "delivery": 0.0089918056332319, "pre": 0.0089918056332319, "cohort": 0.0088305338461592, "versus": 0.008771229589821, "technology": 0.0087320380152166, "literature": 0.0086544648102228, "systems": 0.0086544648102228, "following": 0.0086065193519251, "surgery": 0.0084650877193957, "efficacy": 0.0084557842132272, "drug": 0.0084464960720635, "comparative": 0.0083819050792758, "monitoring": 0.0083819050792758, "studies": 0.0083089838865584, "long": 0.0081482881486715, "perspective": 0.0080436531640233, "practice": 0.0080350208243449, "safety": 0.008026401714311, "systematic": 0.008026401714311, "detection": 0.0079239897518554, "prevention": 0.0078818624522816, "comparison": 0.0078483863522723, "non": 0.0076114666762868, "high": 0.0075162773540169, "early": 0.0074770857794125, "approach": 0.0074614853028452, "role": 0.0074149418521247, "research": 0.0073458410322769, "use": 0.0071804182773466, "based": 0.0070558432043845, "new": 0.0070413670877784, "analysis": 0.0068634911544141, "patients": 0.0067938866991687}