{"maladies": 0.3426029782689286, "medicale": 0.3078289637068008, "de la": 0.2854984952496359, "life sci": 0.2778983906401637, "medical": 0.2260615120799075, "covid": 0.2215348533131002, "covid 19": 0.2059182183812232, "19": 0.2046780519842568, "la": 0.2020388469490852, "microbiology": 0.197333259926946, "des": 0.1910532645384501, "infectious diseases": 0.1786296757631018, "canadian": 0.1743212786572871, "infectious": 0.1722995733263932, "sci": 0.1543547171305047, "diseases": 0.1525967233929884, "life": 0.1499147238215786, "de": 0.1446935345299899, "sci covid": 0.090514623055488, "manifestations covid": 0.0749936559781762, "tourism": 0.0721390003388618, "19 systematic": 0.0690586755490712, "med": 0.0638246121536911, "underlying": 0.0615389014169897, "circulation": 0.0565357868404045, "development": 0.0563875925372338, "manifestations": 0.0538717401606574, "russia": 0.0529173200368284, "spectrum": 0.0527646119079735, "cause": 0.0511180031271862, "coronavirus": 0.0505457950120789, "russian": 0.0504695557208824, "pandemic": 0.0499329655706529, "aspects": 0.0491426942710854, "vaccine": 0.0480401655209334, "cardiac": 0.0473536599081399, "entrepreneurship": 0.0456216627348599, "article": 0.0451346801749663, "death": 0.0449448783277193, "perspectives": 0.0436912451678314, "south korea": 0.0436000805721105, "infection": 0.0427268926069721, "problem": 0.0423436889124826, "systematic": 0.0398915193298439, "france": 0.0391703022640098, "korea": 0.0374463038437462, "innate": 0.0371994621525975, "organizations": 0.0359344685194158, "statistics": 0.0359344685194158, "politics": 0.03521425138329, "federation": 0.0350871989895892, "clinical": 0.0343916754824955, "organizational": 0.0340514906446661, "study": 0.0339037345660133, "infection covid": 0.0336463704805883, "play": 0.033589443041165, "historical": 0.0333082330093755, "context": 0.032879059465479, "trends": 0.0325489187750099, "letters": 0.0323403001046349, "attitude": 0.0320829140628322, "south": 0.0318333714761141, "business": 0.0316807088361004, "transformation": 0.031631237396638, "pandemic covid": 0.0313380308301622, "mathematical": 0.0297835783859086, "med covid": 0.0297403769077527, "security": 0.0296543725313855, "values": 0.0295688941789586, "coronavirus infection": 0.0286616002173291, "factors": 0.0278710488071372, "management": 0.027296670395795, "selection": 0.0270777562437259, "infectious disease": 0.0267257057130717, "epidemics": 0.0263484255324127, "analysis": 0.0255838574807762, "19 vaccine": 0.0255590015635931, "canada": 0.0252115659590486, "modelling": 0.0251182908605032, "letter": 0.0250564515248533, "economic": 0.0245118761221648, "of": 0.024364296429222, "mass": 0.0232637259754049, "years": 0.0230216005672148, "conditions": 0.0221179648379738, "countries": 0.0221179648379738, "amp": 0.0217478902481918, "epidemiology": 0.0214825978343585, "support": 0.020715660600749, "healthcare": 0.0205359067779958, "national": 0.0204690907126185, "approved": 0.0204404483682639, "social": 0.0203584356052091, "stock": 0.0203453743366667, "world": 0.0200963841704645, "mortality": 0.0200747667383821, "population": 0.0197755820121001, "potential therapeutic": 0.0197570540188974, "testing": 0.0194619787181279, "fda": 0.0192144422172525, "mers cov": 0.019134580393402, "potential": 0.0190745904241235, "identifies": 0.0187860843473758, "public": 0.0187368535338201, "19 pandemic": 0.0186780910069345, "federal": 0.0185997310762987, "role": 0.0184262703732049, "tumors": 0.018137262928488, "respir med": 0.0179672342597079, "infrastructure": 0.0177685147018257, "mortality patients": 0.0175435994947946, "new": 0.0174979300369313, "foreign": 0.0173564141901954, "communicable": 0.0172343528591219, "factors affecting": 0.0172041677861493, "disease": 0.0170037893255937, "new coronavirus": 0.0168517653763612, "providing": 0.0166541165046877, "violence": 0.0166263318417307, "severity covid": 0.016571091763331, "2019 ncov": 0.0165162849449077, "biochemical": 0.0163543973913295, "developing countries": 0.0163543973913295, "taking": 0.0160670067254277, "malaysia": 0.0160414570314161, "aid": 0.0159401823090747, "retrospective analysis": 0.0158900900979554, "youth": 0.0158651780090839, "ncov": 0.015717542231818, "respiratory syndrome": 0.015717542231818, "comparative analysis": 0.0155491525529662, "severe acute": 0.0155491525529662, "prospects": 0.0155254247422988, "weekly": 0.0152014274080966, "image": 0.0150228149103266, "affecting": 0.0148701884538763, "cycle": 0.0148486542811261, "domestic": 0.0147631751292856, "targeted": 0.0146577759436598, "mers": 0.0146368855438638, "immunization": 0.014574586466786, "meeting": 0.0145539429258422, "options": 0.0144719732642016, "perceived": 0.0144719732642016, "diversity": 0.0141924226457142, "asthma": 0.0140759560575555, "respir": 0.0137930091651118, "basic": 0.0135567270039233, "coronavirus pandemic": 0.0135388781218629, "organization": 0.0135388781218629, "predictive": 0.0132593275033755, "intelligence": 0.0131236371519858, "march": 0.0130734249584912, "problems": 0.0130401494978629, "programs": 0.0130401494978629, "planning": 0.0129412634109778, "oncology": 0.0126684545523258, "acute respiratory": 0.0126370485060788, "telemedicine": 0.0125902025192739, "technologies": 0.0124821012812487, "consequences": 0.0123756469162653, "issues": 0.012226328552681, "field": 0.0120512588483138, "learned": 0.0118664223633351, "immunity": 0.011852404638419, "resource": 0.0118244532670409, "viruses": 0.0118244532670409, "central": 0.0118105193969657, "services": 0.0117827347340086, "approaches": 0.0117412637901671, "patients covid": 0.0116863492951584, "students": 0.0115912752635612, "drugs": 0.0115108002836074, "hiv": 0.0114444385927655, "severity": 0.0114049219924842, "value": 0.0114049219924842, "19 infection": 0.0113787011980132, "importance": 0.0113395535688613, "developing": 0.0113265529445953, "molecular": 0.0113265529445953, "city": 0.0113006240334822, "models": 0.0112876955681341, "program": 0.0112619101753058, "therapeutic": 0.0112490530722723, "factor": 0.0112234096177056, "training": 0.0112234096177056, "infected": 0.0111851200231235, "10": 0.0111724033070982, "retrospective": 0.0110840284441061, "epidemiological": 0.0108739451240959, "anti": 0.0108617817902548, "knowledge": 0.0108012806891363, "stress": 0.0108012806891363, "effectiveness": 0.0107892430745706, "protection": 0.0107055554452441, "university": 0.0106818276345767, "blood": 0.0106699938747166, "primary": 0.0106228582253201, "investigation": 0.0105527455950488, "spread": 0.0105527455950488, "comparative": 0.0104145961164226, "lessons": 0.0103578303003745, "screening": 0.0103239908467021, "level": 0.0102345453563092, "influenza": 0.0102123617391789, "practice": 0.0099835891579707, "vaccination": 0.0099089662753672, "characteristics": 0.0098561479322319, "prevention": 0.0097932884361417, "therapy": 0.0097516940661444, "cases": 0.0097206599654205, "children": 0.0097000468722214, "china": 0.0096487786046298, "syndrome": 0.0096385699344031, "severe": 0.0096080331041866, "human": 0.0093782480384177, "2019": 0.0093097872603292, "acute": 0.0092035431006386, "time": 0.0091653058860644, "respiratory": 0.0091367646611145, "control": 0.0090518338360804, "response": 0.0090050923004161, "2020": 0.0089957813949381, "care": 0.0089033483867794, "cov": 0.0084932302679765, "patients": 0.008441468301463}