{"sars cov": 0.4632620119621687, "cov": 0.4617481781110027, "sars": 0.450684534124015, "virol": 0.2227955529893461, "med virol": 0.1985433118115304, "antigen": 0.1571801218507949, "med": 0.1257756454754676, "swab": 0.1064695506817457, "clin": 0.1000005269114895, "clin microbiol": 0.0977449750597664, "public health": 0.0975835321541978, "rapid": 0.093906893997105, "public": 0.0886892423656941, "infect": 0.0844216410124655, "rt": 0.083856223656659, "nasopharyngeal": 0.0816612822515463, "health": 0.0804039116113686, "assay": 0.0787268345039547, "microbiol": 0.0745434936975521, "test": 0.0739674657339099, "testing": 0.0736972467370774, "cov detection": 0.0720631097482849, "head": 0.0678811193426378, "variant": 0.0666384274932122, "detection": 0.0665763286393624, "pcr": 0.0647827920135659, "clin virol": 0.0622913522420858, "saliva": 0.0607068698123363, "comparison": 0.0606658292356828, "performance": 0.0577205419461317, "detecting": 0.0554259246200765, "nasal": 0.0527964261553849, "tests": 0.0500274912307648, "surveill": 0.0495291549297203, "testing sars": 0.0452499357315348, "euro surveill": 0.0441267568100821, "rt pcr": 0.0431151119861522, "analytical": 0.0425129136124193, "transmission": 0.0413180078838048, "igg": 0.0395541930655417, "euro": 0.0393209020391415, "infect dis": 0.0387488663784228, "revue medicale": 0.036869875594952, "gene": 0.0361910093416593, "dis": 0.0351367968246897, "2020": 0.034064589765379, "lineage": 0.033729663551233, "commercial": 0.0333909709469451, "suisse": 0.0333288840527661, "assays": 0.0325737638655656, "cov transmission": 0.0324941088196041, "professional": 0.0310096353758503, "evaluation": 0.0301228404979155, "medicale": 0.0297363516064952, "infectivity": 0.0297174929578322, "to": 0.0277632985262291, "detection sars": 0.0272011578126861, "asymptomatic": 0.0267789862047987, "sensitivity": 0.0267607156792539, "individuals": 0.0264239506774464, "analyses": 0.0263625031578112, "east respiratory": 0.025942534110071, "self": 0.0250499804292094, "cov variants": 0.0249760760350757, "reinfection": 0.0249088607176533, "december": 0.0239861411039711, "concern": 0.0237878703903797, "cohort": 0.023741758051224, "symptomatic": 0.0236864648558068, "anterior": 0.0236408837306771, "versus": 0.023582312730033, "virology": 0.0234533197759295, "revue": 0.023307796583571, "presence": 0.0231604369538474, "diagnostic": 0.0227842750636667, "epidemiol": 0.0220883422516033, "seroprevalence": 0.0219745517030787, "sample": 0.0213802194127109, "eur respir": 0.0212822667032433, "igm": 0.0209643696081667, "health oxf": 0.0208360703620767, "int infect": 0.0207885408556881, "sensitive": 0.0207437686880991, "delta": 0.0202843343511152, "ct": 0.0200109964923059, "spread": 0.0199801959280615, "march 2020": 0.0191538302420758, "samples": 0.0189585889029249, "validation": 0.0189434185954, "int": 0.0189025752250784, "mutations": 0.0188452038968928, "population": 0.0187211943865392, "characteristics": 0.0186612825077814, "interventions": 0.0186374921298519, "clinical": 0.0186045668872311, "dynamics": 0.0184239181454826, "molecular": 0.0183816818084431, "middle east": 0.018294532197764, "strategic": 0.0181093728471788, "germany": 0.0178397595084515, "hospital": 0.0177750651426411, "italy": 0.0177663169329696, "possible": 0.0177065778481018, "infection sars": 0.0176982533798411, "march": 0.0176805437415548, "virus": 0.0175716569571174, "laboratory": 0.0174707195708476, "predictors": 0.0174356441376864, "proteins": 0.01730063200338, "associated": 0.017085252327446, "respiratory syndrome": 0.0170051654449677, "non pharmaceutical": 0.0169885506114779, "positive": 0.0169573176168995, "humans": 0.0169526631812577, "detect": 0.0169265481446146, "impact": 0.0167533803684974, "new": 0.0165649814697244, "neutralization": 0.0165475338037808, "infectious": 0.0164483661591672, "infection": 0.0161795179841175, "lancet": 0.0159914302389521, "microbiol infect": 0.0159617000274324, "cases": 0.0157755037500348, "epidemiol infect": 0.0157567299385142, "fast": 0.0157462409631418, "children": 0.0157420510904192, "report": 0.0156754403650695, "oxf": 0.0154625314194583, "accuracy": 0.01537631098625, "variants": 0.0153551039720897, "amplification": 0.0153054515215258, "study lancet": 0.0152745510543535, "multiplex": 0.0152438180702105, "transmission dynamics": 0.0152438180702105, "syndrome coronavirus": 0.0151828473570185, "report cases": 0.0151526061029719, "respir": 0.0149229694679531, "introduction": 0.0148632039741802, "compared": 0.014803907234203, "positivity": 0.0146617462589649, "health surveill": 0.0145471872489037, "rna": 0.0144200534465429, "impaired": 0.0141845302384063, "seven": 0.0141845302384063, "surveillance": 0.0141776899054425, "comparative": 0.014084734702014, "expression": 0.0138959522090272, "level": 0.0138412334504298, "sensing": 0.0138392796838132, "jmir public": 0.013836322020559, "vaccinated": 0.0138154050308858, "hidden": 0.0137679552000702, "study": 0.0137554572860524, "replication": 0.0136510392704756, "east": 0.0135712794592054, "spain": 0.0135212662960635, "accurate": 0.0134688477998942, "alpha": 0.0134688477998942, "extraction": 0.0134464800324537, "potentially": 0.0133799013220121, "cmaj": 0.0132060878143011, "biol": 0.0131960421492835, "dis sars": 0.0131923913617649, "silico": 0.0131422572525121, "university hospital": 0.0131211390839924, "domain": 0.0130791372497678, "elevated": 0.0130791372497678, "outbreaks": 0.012976433061124, "socioeconomic": 0.012975474002535, "assessment": 0.0128982700178698, "potential": 0.0128982700178698, "shift": 0.0127935261452678, "viruses": 0.0127931441911617, "middle": 0.01277806882108, "setting": 0.0125701104481949, "respiratory": 0.0123565911580197, "bmc public": 0.0123036039860132, "pathol": 0.012280291656174, "dermatology": 0.0122440600843793, "origin": 0.0122440600843793, "control": 0.0122417304255193, "risk": 0.0121659249162067, "mrna": 0.011996721484547, "values": 0.011996721484547, "measure": 0.0119794605223798, "eur": 0.0118976411618433, "prolonged": 0.0116937889455132, "protection": 0.0115825832589854, "hospitalization": 0.0115802184769237, "examination": 0.0115481832409027, "analysis": 0.0115332315416645, "11": 0.0115322332396875, "commun": 0.0113751533417549, "efficacy": 0.011367103417599, "transmission sars": 0.0113257004076519, "monitoring": 0.0112677877616112, "large": 0.0110970641551873, "different": 0.0110370138347868, "tmprss2": 0.0109553199829921, "nationwide": 0.010871460666765, "observational study": 0.0107870389332218, "community": 0.0107092716877867, "france": 0.0105948096194782, "pharmaceutical": 0.0105544519993347, "syndrome": 0.0104281874335042, "mers cov": 0.0103510682685215, "non": 0.0102320880816256, "patient": 0.0102320880816256, "hydroxychloroquine": 0.0101910182300876, "resistance": 0.0100913194560222, "impacts": 0.0100176791782126, "system": 0.0098955520518482, "antibodies": 0.009885106851115, "protein": 0.0098732071160168, "observational": 0.0098613323018481, "algorithms": 0.0098489855869763, "field": 0.0097788977204487, "increase": 0.0097207410907047, "in hospital": 0.0097195791386617, "north": 0.0096746414734192, "old": 0.0096746414734192, "interpretation": 0.009647574146436, "evaluating": 0.0096061872614121, "differences": 0.009572267588816, "egyptian": 0.0095247743247874, "october": 0.0094733429491632, "off": 0.0093067896758759, "parallel": 0.0092743418560842, "rapid review": 0.0092743418560842, "modeling": 0.0092651011833103, "inter": 0.0092582217984126, "value": 0.0092544328420763, "safe": 0.0092437845352978, "structures": 0.0091629189071499, "patients": 0.0091330160242378, "le": 0.0091316778384604, "death": 0.0091175406187187, "description": 0.0091161535957157, "coronavirus": 0.0091144403500504, "identification": 0.0091071460755819, "specific": 0.0090042354160748, "decline": 0.0089346716516472, "rise": 0.0089346716516472, "shedding": 0.0088615523932983, "jmir": 0.0088470967435771, "tool": 0.0088433672737623, "vietnam": 0.0088326961631312, "method": 0.0088235759039549,