{"proc natl": 0.2957273987554326, "natl acad": 0.2916922230767808, "sars cov": 0.2869302107373971, "cov": 0.2831468913118999, "sars": 0.2791401086494644, "acad sci": 0.2506397235534079, "negl": 0.2263103366699877, "biophys": 0.1930354066988301, "natl": 0.1764678633456285, "biomol struct": 0.1685246713301769, "struct dyn": 0.1678031376652722, "main protease": 0.1553970227640585, "biomol": 0.1543277338499348, "biochem": 0.1507441778079577, "dyn": 0.1381326287136627, "proc": 0.1380417445493052, "struct": 0.1304106574160894, "acad": 0.1299862101986365, "protease": 0.1276403074648067, "commun": 0.1224001822866729, "trop": 0.1194204554843009, "main": 0.1117646064664029, "binding": 0.1009034360183325, "sci": 0.0980165702528625, "plos": 0.0904236291587932, "res": 0.0883992064586569, "dis": 0.0859279192892078, "binding domain": 0.0815282135732403, "receptor binding": 0.0796782532196375, "cov spike": 0.0753879856763901, "cov main": 0.0729230557691952, "spike": 0.0646964910560601, "silico": 0.064279440502576, "cov antibodies": 0.0527913484740848, "domain": 0.0511765739183516, "anti sars": 0.0494920437126343, "high throughput": 0.0482247183990356, "mice": 0.048122044102207, "throughput": 0.0466387566727965, "loop": 0.0417011366833769, "receptor": 0.0409337335018281, "plant": 0.0391360688303764, "sequence": 0.0390719454234421, "antibodies": 0.0386788433974016, "proteins": 0.0380782171485453, "genomic": 0.0359848660222459, "analysis sars": 0.0351942323160565, "detecting": 0.0348545548250136, "stem": 0.0345104361373263, "derived": 0.0334273946101477, "samples": 0.0333818678963653, "genomes": 0.0328362168892861, "rna": 0.0317381426484198, "serum": 0.0316150347859794, "phylogenetic": 0.0315034157089851, "volume": 0.0314118576157416, "ii": 0.0298700143515137, "high": 0.0296518702733048, "profile": 0.029614290274612, "health workers": 0.0292393174120457, "protein": 0.0289742112267192, "contributions": 0.0277509000165809, "directed": 0.0274080323287195, "africa": 0.0273787382092766, "infection": 0.0271319435437593, "respiratory tract": 0.0269359042399167, "epidemiological": 0.0258939318310704, "anti": 0.0258649675008549, "in": 0.0258071896528494, "blood": 0.0254082663538201, "screening": 0.0245843355064132, "serological": 0.02409674941104, "frontline": 0.0239192522536233, "characteristics": 0.0234702695076713, "china": 0.0229764646216338, "vaccine": 0.0228794380872106, "therapeutics": 0.0224379436925394, "upper": 0.0223764846119513, "targeting": 0.0221040561298565, "tract": 0.0220444143965614, "source": 0.0220147133462311, "inhibitors sars": 0.021950999310453, "host": 0.0215500030682507, "inhibitors": 0.0210766898573196, "cov infection": 0.0209412384104944, "lower": 0.020675198426162, "biology": 0.02041538946285, "analysis": 0.0203074613682161, "light": 0.020237077128472, "reply": 0.0188604983045268, "cov variants": 0.0183238864067005, "spike glycoprotein": 0.0180532635723978, "transmissible": 0.0172209267443746, "workers": 0.0170900334335918, "network": 0.0166425104710226, "lineage": 0.0164973479042114, "impact sars": 0.016418108444643, "inhibit": 0.016112007728442, "monoclonal antibodies": 0.0160380510616305, "testing": 0.0154481544178551, "protects": 0.0154133915527225, "spike protein": 0.0153157937061985, "transmission": 0.0151566339314217, "potential": 0.0151406608031449, "glycoprotein": 0.0147056552788023, "respiratory": 0.0145048099588176, "positivity": 0.0143422675147658, "sodium": 0.0142350821922291, "clinical course": 0.0142086064005003, "immunogenicity": 0.0141039491854986, "study plos": 0.014026732144906, "mutations": 0.0138259258593231, "assays": 0.013655992766222, "combining": 0.013655992766222, "health": 0.0134831853005666, "study": 0.0134557265348845, "monoclonal": 0.0134448890188058, "synthetic": 0.0134448890188058, "prospective cohort": 0.0133762695724771, "risk factor": 0.0133762695724771, "replication": 0.0133535837828335, "absence": 0.01326375723933, "concentrations": 0.0132193836599834, "pandemic": 0.0132116090532012, "2019 ncov": 0.0131099783805935, "circulating": 0.012939298211212, "reveal": 0.0129183277974397, "seroprevalence": 0.0128974363684639, "fusion": 0.0127941434795879, "close": 0.0127737137407059, "malaysia": 0.0127330786297633, "stability": 0.0126526907323139, "nuclear": 0.0124953278990677, "ncov": 0.0124759677822543, "recurrent": 0.0123991960675742, "25": 0.0121023135536237, "dengue": 0.0120842755935452, "improves": 0.0119949553407486, "fatal": 0.0118722752217495, "inhibitor": 0.0118033716296338, "chem": 0.0117692381813864, "engl": 0.0117184286550787, "computational": 0.0116848123834801, "targets": 0.0116848123834801, "profiles": 0.0115197207967736, "variant": 0.0115034787124421, "discovery": 0.0114229741376083, "increases": 0.0114229741376083, "membrane": 0.0113752263434475, "vitro": 0.0113436213130032, "ed": 0.0112965488847749, "variants": 0.0112653877475592, "reveals": 0.01074662976978, "communities": 0.0105656684707898, "target": 0.0105247334670172, "antiviral": 0.0102592920136011, "expression": 0.0101948700601952, "pcr": 0.010005975489238, "cohort study": 0.0099444136160443, "asymptomatic": 0.0098233025198636, "wuhan": 0.0098113355943246, "individuals": 0.0096930652747414, "active": 0.0095887361581595, "survival": 0.0095543913559451, "complex": 0.0094414206924665, "differences": 0.0093636883394962, "major": 0.0093197541071363, "course": 0.0092329160464032, "interventions": 0.0091156910373904, "prospective": 0.0090112309286177, "city": 0.008969991572581, "incidence": 0.008969991572581, "factor": 0.0089087018016138, "specific": 0.0088080335604164, "cohort": 0.0087091598579183, "19 patients": 0.0086409822219368, "multi": 0.0085165478715653, "influence": 0.00846942211794, "status": 0.0084506833574286, "multiple": 0.0084413376638346, "efficacy": 0.0083395610865688, "positive": 0.0082939092417356, "monitoring": 0.0082666974070952, "different": 0.0080973883765325, "int": 0.0079245810094889, "therapy": 0.0077405117923164, "2019": 0.0073897435239195, "early": 0.0073743146743722, "virus": 0.0073666163138916, "response": 0.0071478886303729, "risk": 0.0071404979992517, "treatment": 0.0070963598260001, "impact": 0.007023567864806, "clinical": 0.0068246903518536, "patients": 0.0067005060340017, "covid 19": 0.006286530583307, "covid": 0.0062802023820093, "19": 0.0062486692224026}