{"error": 0.7674920022102967, "lancet": 0.4563027703508923, "department": 0.4501238768260657, "trial": 0.011502339953405}