{"reactions weekly": 0.5470236954143289, "weekly": 0.3812567922722676, "reactions": 0.3422627589765408, "neuroradiology": 0.2942599555681192, "label use": 0.2933318871274423, "report reactions": 0.2415031577429275, "label": 0.183814770326771, "off label": 0.1529081115912115, "interventional": 0.1220305164918783, "case report": 0.1142990424328406, "off": 0.1078715446874353, "case": 0.1021344999659706, "following": 0.1005753913319591, "reaction": 0.0994308940839488, "procedures": 0.0969932508950971, "adverse": 0.0953899427881095, "use": 0.0932333771439538, "report": 0.0908441054716691, "surgical": 0.0810807298887437, "related": 0.0678888512113275, "research": 0.0667669039133498, "reports reactions": 0.0589675172351966, "hydroxychloroquine": 0.0393734365519872, "taste": 0.0386451471089669, "case reports": 0.0333680471540095, "tocilizumab": 0.0323991387023675, "vivo": 0.0316302894338038, "tuberculosis": 0.0270475947398638, "aneurysms": 0.0238376309527186, "reconstructive": 0.0238376309527186, "reports": 0.023699977329985, "annual meeting": 0.0236985337629768, "embolization": 0.0231672171881683, "hepatocellular": 0.0213107024769275, "aneurysm": 0.021261194614978, "lopinavir ritonavir": 0.0211146536104561, "stent": 0.0206011757015309, "ritonavir": 0.0204230600014076, "terminal": 0.0204230600014076, "distal": 0.0203792017214193, "intracranial": 0.020079355073011, "lopinavir": 0.020037507499077, "potential": 0.0199332080352732, "posterior": 0.0199133847090212, "pipeline": 0.0198317930035745, "abstract": 0.0193986407180034, "acute": 0.0192356569873833, "endovascular": 0.0190624103056182, "dexamethasone": 0.0189178039630938, "swine": 0.0183996873070941, "corticosteroids": 0.0182023136253675, "use covid": 0.0179785907812392, "developmental": 0.0179159090086737, "azithromycin": 0.0178228837803822, "note": 0.0177921368647809, "genet": 0.0176704276862714, "genetics": 0.0172312744379408, "decrease": 0.0172029156385446, "interval": 0.0172029156385446, "significant": 0.0169799248260611, "annual": 0.0156990471734705, "release": 0.0153614347376133, "chloroquine": 0.015317576457625, "meeting": 0.0152090695330165, "technical": 0.0151447309523515, "accuracy": 0.0148517594452269, "hybrid": 0.014790480358349, "circulation": 0.0147701677397803, "hepatitis": 0.0147701677397803, "products": 0.0147701677397803, "19 case": 0.0146295398128634, "two": 0.014223209800149, "improved": 0.0139100710595296, "device": 0.0135067157676005, "biology": 0.0134387861459648, "cause": 0.0133547532086625, "flow": 0.0129643324835255, "stage": 0.012932720392309, "drugs": 0.0120289438254699, "training": 0.0117286166465665, "cell": 0.0113634214682074, "in": 0.0113253551005106, "systematic review": 0.0111256193896674, "india": 0.0111133154580844, "multiple": 0.0111133154580844, "surgery": 0.0109914030828676, "studies": 0.0107887117220251, "society": 0.0105231413039628, "systematic": 0.010421795907073, "therapy": 0.010190653754272, "early": 0.009708542475986, "model": 0.0095679145490691, "med": 0.0095282275944978, "review": 0.0094007146679471, "treatment": 0.0093426052233753, "covid 19": 0.0082764367795055, "covid": 0.008268105481777, "19": 0.0082265909773164}