{"x000e4": 0.5953562953730336, "en": 0.3418021017944141, "amp": 0.2618818077078247, "fortschr med": 0.2426326723935159, "mmw fortschr": 0.2426326723935159, "mmw": 0.2353370845409634, "global": 0.2296907039969614, "fortschr": 0.2198873039645267, "und": 0.1536731170031699, "covid 19": 0.1483525951015892, "covid": 0.1482032591407752, "19": 0.1474591243596895, "der": 0.1296026961157757, "des": 0.1095527706580979, "die": 0.0932202566710842, "an": 0.0871008455630101, "mit": 0.0774491832377234, "med": 0.0731959552170664, "den": 0.0589984025569685, "sars cov": 0.0575775353469791, "cov": 0.0568183465275423, "sars": 0.0560143159244867, "right": 0.0522089720962289, "online": 0.0514209587765564, "sepsis": 0.0411065168314227, "remdesivir": 0.0381887064256898, "computers": 0.0290276981729584, "test": 0.0281453621129874, "f\u00fcr": 0.027033835774929, "murine": 0.0269108143050374, "bei": 0.0260922107804873, "berl": 0.0255484821900169, "data": 0.0249645516806459, "eu": 0.0246910545483475, "stop": 0.0238614913137756, "care": 0.0238247883518641, "tackling": 0.0237737019662507, "innov": 0.0235577686542631, "controls": 0.0234727726432676, "medium": 0.0232223247178962, "foundation": 0.0230186239192665, "fight covid": 0.0226240718392301, "man": 0.022508881509645, "acs": 0.0221715885344284, "spreading": 0.0215314490629318, "demand": 0.0202787020756732, "chemical": 0.0194727081784299, "virology": 0.0193358170533568, "oxygen": 0.0188848319110124, "telehealth": 0.0187052750131408, "15": 0.0182346049362447, "fight": 0.0179491019336753, "antiviral": 0.017293124607033, "19 vaccine": 0.0170985615827912, "characterization": 0.0165179184643991, "tests": 0.0164978336085155, "antibodies": 0.0162993230341924, "immunity": 0.0158581367202418, "work": 0.0156910111752107, "impact covid": 0.0155812310863323, "like": 0.0151372019276008, "identification": 0.015016561585143, "center": 0.014260302673387, "drug": 0.0140417736008484, "emerging": 0.0140417736008484, "open": 0.0135460215031118, "testing": 0.0130197512139477, "vaccine": 0.0128552396941391, "approach": 0.0124042545517947, "time": 0.0122628848961939, "medical": 0.0120985216928131, "impact": 0.0118389684308645, "coronavirus": 0.0112714417086391}