{"de": 0.7436690062590358, "la sociedad": 0.2783890438469698, "espanola de": 0.2703320519384751, "sociedad": 0.2454380661106554, "espanola": 0.2207579158234339, "de la": 0.2173855172875268, "em": 0.1569173983839105, "la": 0.1538373055794884, "covid": 0.1265115302339218, "covid 19": 0.1160857579550743, "19": 0.1153866179891499, "2020": 0.0958945029229635, "vol": 0.0423468575003935, "hospital": 0.0375286561797063, "volume": 0.0351542295820276, "contexto": 0.0340815441381904, "en el": 0.0333158057127131, "la covid": 0.0326082829219978, "single cell": 0.0303952658363577, "cell therapy": 0.0303061624097114, "cell": 0.0289789045750242, "implementation": 0.0289464894683934, "systems": 0.0286572649033351, "el": 0.026154225228001, "experience": 0.0257138537355229, "effects": 0.0248623923333745, "tourism": 0.0240311724850106, "topics": 0.023763845884019, "care": 0.0237272931170992, "feedback": 0.0233346806599603, "hematology": 0.0232096957360061, "biochem": 0.023005044925915, "analysis": 0.0227268685570722, "23": 0.0225700460501477, "compounds": 0.0224167711977015, "care unit": 0.0220808584848116, "ready": 0.0220078288004135, "mutation": 0.0219715276354135, "control covid": 0.0219353674461666, "16": 0.0218634656446393, "mode": 0.0214433385769029, "transfusion": 0.0205933025246428, "revista": 0.0202859730747868, "21": 0.020225705958053, "educ": 0.019930086302692, "contribution": 0.0197571171734851, "18": 0.019728598814197, "emotional": 0.0197001675340042, "chemical": 0.0193930224231012, "fast": 0.0193930224231012, "profiles": 0.0193382502826431, "pharmacy": 0.0193109845617582, "phys": 0.019229663197436, "multidisciplinary": 0.0192027131438065, "plan": 0.0191758408682176, "effects covid": 0.0191490459230252, "11": 0.0189374177899933, "en": 0.0189112992959287, "behavioral": 0.0188075518490253, "database": 0.0187049476479428, "15": 0.0181599857176876, "19 lockdown": 0.0181359567055682, "awareness": 0.0180642395061291, "intensive care": 0.017829094761609, "team": 0.017829094761609, "editor": 0.0173759037603217, "interaction": 0.0173317745922774, "pharmaceutical": 0.0173317745922774, "12": 0.0171573200834719, "settings": 0.0168806229659634, "asymptomatic": 0.0164904589340781, "plasma": 0.0164303215644621, "intensive": 0.016350737857517, "individuals": 0.0162718285968739, "biol": 0.0162522053292764, "italian": 0.016193582447099, "cost": 0.0160582142078466, "department": 0.0159627135037046, "unit": 0.0158870119726699, "special": 0.0158306370051283, "brain": 0.0158119209444977, "services": 0.0157004077909602, "failure": 0.0154813097521697, "disorders": 0.0154273314153275, "up": 0.0151272276582527, "identification": 0.0149551111673897, "10": 0.014887145631839, "context": 0.014603702027999, "sciences": 0.0145382449076113, "lockdown": 0.0144732447341967, "series": 0.0140459762341567, "single": 0.0139536326307226, "monitoring": 0.0138773730969293, "healthcare": 0.0136819727359671, "quality": 0.0135197776493767, "therapy": 0.012994060966954, "testing": 0.0129664720963145, "children": 0.0129252414590761, "global": 0.0127083760631517, "19 pandemic": 0.012444209777511, "model": 0.0122000087506742, "management": 0.0121242045027241, "control": 0.0120615023329244, "risk": 0.0119868128653704, "sars cov": 0.0114683835840331, "cov": 0.0113171671670479, "sars": 0.0111570190934359, "pandemic": 0.0110892185242368}