{"surgery": 0.4412628504182022, "laparoscopic": 0.1963649388966077, "official society": 0.1929525868309123, "hernia": 0.1913226358478408, "abdominal wall": 0.1706629744001005, "minimally invasive": 0.1704758896101221, "total environ": 0.1674076315347706, "sci total": 0.1667842447144003, "computer": 0.1666560214357414, "minimally": 0.1645329131394959, "soft": 0.1617217604583045, "surgery official": 0.1550039687966021, "official": 0.1493533717141523, "robotic": 0.149288199780521, "assisted": 0.147159139844473, "gastrectomy": 0.1399049567267608, "society": 0.129667146399907, "sleeve gastrectomy": 0.1257496617989059, "matter": 0.1245819836859743, "sleeve": 0.1197282070766295, "total": 0.1185615203382478, "international": 0.1146443677531289, "wall": 0.1140934672076507, "hernia repair": 0.1115774963101215, "invasive": 0.111335813161682, "abdominal": 0.1092272887889465, "medical": 0.0976573202336247, "hernias": 0.0957757452412923, "diseases official": 0.0952539073163093, "single": 0.0913453791389516, "bariatric": 0.0824295397839478, "repair": 0.0815193349152452, "environ": 0.0806716116398624, "american society": 0.0795870002045869, "obesity": 0.0793272250447432, "therapy": 0.0769623826312065, "single incision": 0.0726419832782651, "incision": 0.0721712124115043, "gastrointestinal": 0.070326381083228, "bariatric surgery": 0.0694017509930409, "laparoendoscopic": 0.068590724617585, "sci": 0.0683901356541059, "official american": 0.0663859463511162, "gastric": 0.0657037041966315, "surgical": 0.0644570614788656, "tract": 0.0634477875456731, "mesh": 0.0632498582331238, "dermatologic": 0.0590205059682127, "sars cov": 0.0572008123144542, "cov": 0.0564465907780488, "authors": 0.0559154329537836, "sars": 0.0556478208525335, "chemical": 0.0544086577750379, "technologies": 0.0518480631663621, "reconstruction": 0.0514346207764902, "bypass": 0.0510629284492798, "american": 0.050031853633421, "news": 0.0493774687463465, "engineering": 0.0485639794170208, "techniques": 0.0481362180887494, "coloproctology": 0.0464036753790618, "colorectal": 0.0458432762349802, "urology": 0.0444652425406114, "reply": 0.044414103814311, "port": 0.043802469464421, "study": 0.0422487271593034, "cov rna": 0.0416784836677376, "advanced": 0.040875278688161, "amp": 0.0406513040442778, "closure": 0.0397900882821407, "patients": 0.0350641107494131, "related": 0.0346949117083353, "de": 0.0343443983121432, "detection sars": 0.0334184250206088, "covid 19": 0.0328977548089757, "covid": 0.0328646389890626, "19": 0.0326996242580683, "distal": 0.0324018656479828, "coronavirus sars": 0.0319920440952856, "diseases": 0.0316927589962161, "canadian": 0.0310326206761873, "cholecystectomy": 0.0309305196049304, "obese": 0.0307218820856754, "en": 0.0294761919182681, "equipment": 0.0293144854374971, "digestive": 0.0293076781442853, "surface": 0.0291545608825841, "wastewater": 0.0291489913204892, "results": 0.028750284969994, "experience": 0.0280553193656454, "protective equipment": 0.0279520106861661, "personal protective": 0.0278576166279951, "rna": 0.0276812363911422, "evaluation": 0.0269849313287053, "approach": 0.0269567702582183, "technique": 0.0264094616678039, "publication american": 0.0260256566223903, "rectal": 0.0256524078897023, "cost": 0.0250292164725588, "incision laparoscopic": 0.0249498137573542, "prospective": 0.0235781295969433, "single port": 0.0234388176383005, "review international": 0.0233164177005748, "liquid": 0.0231321186751001, "management": 0.022676942912467, "versus": 0.0226347140719643, "archives": 0.0222605164860143, "case": 0.022143888686744, "reconstructive surgery": 0.021332077722394, "simultaneous": 0.0213268856829315, "brazilian": 0.0211275693342431, "synthetic": 0.0211073495871813, "site": 0.0209706695789297, "outcomes": 0.0207126385154697, "detection": 0.0204483579532072, "personal": 0.0199517774411912, "complex": 0.0197629862050721, "official publication": 0.01964711838642, "endoscopic": 0.0195559363605808, "novel": 0.0190949113438143, "reconstructive": 0.0189502936880099, "quality life": 0.018886894609065, "laparoscopy": 0.0183163696742602, "technical": 0.0180594980228241, "protective": 0.0180268621830919, "term": 0.0177480397394859, "hybrid": 0.0176370680752667, "coronavirus": 0.0174963968641322, "efficacy": 0.0174565498221814, "cov virus": 0.0173082179068861, "publication": 0.0170963289518383, "physician": 0.0168935507457657, "fistula": 0.0168241707737921, "elevation": 0.0163773963376079, "chain": 0.0163120969579423, "comparison": 0.0162026068697276, "insulin": 0.0161662747950725, "ablation": 0.0159292948463028, "patient": 0.0157134978736363, "liver": 0.015365522087122, "heterogeneous": 0.0152418557880415, "porcine": 0.0152124622943534, "placement": 0.0151251643695622, "transient": 0.0150963543719648, "matched": 0.0149825232228581, "resection": 0.0149825232228581, "stable": 0.0149544108066552, "review": 0.0149466450074782, "robot": 0.014926433872502, "north": 0.0148574227477345, "surfaces": 0.0146538390721426, "oil": 0.0145744956602446, "surgeon": 0.0145482870261075, "new": 0.0145365553666559, "recurrence": 0.0144962220797955, "component": 0.0143680667075703, "da": 0.0143680667075703, "drugs": 0.0143440440055494, "plastic": 0.0143175863668641, "analysis": 0.0141693392676352, "partial": 0.0139523588639477, "flexible": 0.0137894767634007, "preliminary": 0.0137810166596715, "extraction": 0.0137665765262051, "education": 0.0137499173269666, "family": 0.0137344092126243, "interface": 0.0135204617170122, "urol": 0.0134551116542852, "following": 0.0133258013160474, "blood": 0.0132962833084541, "24": 0.0132633627607135, "primary": 0.0132375457912949, "left": 0.0131801326239241, "network": 0.0130636737138125, "analytical": 0.0130574829364585, "humans": 0.0130171688674929, "conventional": 0.0128978796852509, "discharge": 0.0128391418896957, "quality": 0.0126436017255927, "long": 0.0126163045123245, "endoscopy": 0.0124986741466929, "life": 0.0124542941851395, "potential": 0.011884784623581, "short term": 0.0118558881928933, "supply": 0.0118067606562483, "linked": 0.0117742384277653, "nasal": 0.0115828407863302, "early": 0.0115770563505685, "utility": 0.011428026209003, "model": 0.0114093630600043, "surgical endoscopy": 0.0112719708554056, "associated": 0.0112448382540511, "follow up": 0.0111447894210602, "standard": 0.0110581429975997, "simple": 0.0109025740569941, "west": 0.0109025740569941, "tools": 0.0108608598468404, "theory": 0.0107919954260046, "device": 0.0107374860809024, "clinical": 0.0107141922019102, "disease": 0.0105945328012836, "feasibility": 0.010576963339299, "iran": 0.0105637846671215, "hand": 0.0105506358447367, "progress": 0.0105506358447367, "mechanical": 0.0104723622642876, "managing": 0.0104207601236202, "pandemic": 0.0103705597906027, "follow": 0.0103696126332724, "complications": 0.0102937265513562, "characterization": 0.0102561522933128, "platform": 0.0102312372224456, "protein": 0.0101082410410507, "case report": 0.0100960835442491, "observational": 0.0100960835442491, "simulation": 0.009916711830987, "antibody": 0.009881493102536, "espanola": 0.0098310125035585, "prevent": 0.0098116902262494, "process": 0.0098001375804446, "radiofrequency ablation": 0.0096476293415456, "oto": 0.0096181610549306, "years": 0.0095626960036996, "britain": 0.0095601070937363, "short": 0.0095516279305641, "experimental": 0.0094529535560174, "up": 0.0094312518387773, "considerations": 0.0093880902823227, "adult": 0.0093559284127958, "rhino": 0.0092860734208077, "retrospective": 0.0092081516398379, "environmental": 0.0091356503973825, "italy": 0.0090946240598368, "method": 0.0090336231209506, "year": 0.0090235183271006, "technology": 0.0090134310915459, "systems": 0.008933358062026, "vaccines": 0.008933358062026, "canadienne": 0.0089181637551747, "type": 0.0089135111961954, "center": 0.0088543744953226, "systematic review": 0.0088445766826996, "hepatocellular carcinoma": 0.0088052078173577, "radiofrequency": 0.0087831346972921, "investigation": 0.0087667838589418,