{"neuroradiology": 0.366804547484579, "general population": 0.3143030100987877, "socio": 0.298255256258489, "dementia": 0.2853157425970699, "panel": 0.2784718341470389, "german": 0.2635544782891795, "fear": 0.2613508988759789, "late": 0.2570548572155076, "good": 0.2449728205620744, "economic": 0.2235116256276288, "findings": 0.2072750277921687, "dis": 0.1974232271669306, "general": 0.192875284012901, "population": 0.1803237117072464, "early": 0.169428168772366, "clinical": 0.1568003048163155}