{"de": 0.5142957627065037, "la sociedad": 0.3960498523984838, "espanola de": 0.3845875821451718, "sociedad": 0.3491721818963834, "espanola": 0.3140609945329915, "de la": 0.2706053486871136, "la": 0.1914994073057879, "el": 0.097671730745109, "en el": 0.0829442120539845, "covid 19": 0.0788212423908748, "covid": 0.0787418986762809, "19": 0.078346532299904, "pharmacy": 0.0721159685709096, "en": 0.0706233626410233, "los": 0.0623213518269069, "hospital": 0.0622884493747026, "por sars": 0.0444068472629603, "paciente": 0.041171029539728, "cell therapy": 0.0377256486475183, "radiat": 0.0339047869343843, "barc": 0.0338256685858892, "por": 0.0318711976225754, "pandemic experience": 0.0311606759134534, "19 pandemic": 0.0309815462225568, "management": 0.030184849735634, "outpatients": 0.0301417075947517, "respiratory distress": 0.0299708328580562, "study protocol": 0.0296915231247, "care hospital": 0.0290474244801648, "patients treated": 0.028943470482464, "hematology": 0.0288918410293937, "sars cov": 0.0285520947058319, "cov": 0.0281756209484621, "study": 0.0281182407555533, "em": 0.0279047944963595, "sars": 0.0277769106218306, "pandemic": 0.027608111918971, "prospective study": 0.0273505474106888, "multicentre": 0.0273055345655746, "medicines": 0.0265238366368703, "curve": 0.0262335332641001, "transfusion": 0.0256349083408784, "critically ill": 0.0255960781770927, "facing": 0.0251399881345541, "proposal": 0.0248819948082169, "radiation": 0.0248819948082169, "venous": 0.0247011675361682, "critically": 0.0246296192037334, "continuous": 0.0243826218774742, "undergoing": 0.0241066375760874, "protocols": 0.0240048144347304, "oncol": 0.0235736336451367, "ill": 0.0233160498657511, "2019 covid": 0.0232525385120507, "devices": 0.022847986549557, "assess": 0.0224570796971881, "organization": 0.0224570796971881, "distress": 0.0223394056605855, "cognitive": 0.0220789274391697, "pharmaceutical": 0.0215749005059354, "adv": 0.0215202268524406, "treated": 0.0210918809061355, "oncology": 0.0210132989573466, "acute respiratory": 0.0209612054177494, "tertiary": 0.0205276158483203, "observational": 0.0201580587302638, "disease 2019": 0.0199656760058811, "department": 0.0198706689735413, "scientific": 0.0198470383984866, "comprehensive": 0.0196365035739813, "service": 0.0194982419777038, "secondary": 0.018939271903453, "times": 0.0188956974421718, "prospective": 0.0188306413702643, "function": 0.0187230194916848, "protocol": 0.0187016145122873, "therapeutic": 0.0186589227769159, "cell": 0.0180367272736088, "clin": 0.0180367272736088, "coronavirus disease": 0.0177771465544622, "center": 0.0176788355914638, "large": 0.0170130615311367, "changes": 0.0165243842980671, "cancer": 0.016453708511712, "challenges": 0.0162096828027104, "evidence": 0.0161752376271386, "strategies": 0.0161752376271386, "therapy": 0.0161752376271386, "experience": 0.0160045306674849, "patient": 0.0156869548278978, "2019": 0.0154422421553132, "evaluation": 0.0153939135527749, "acute": 0.0152660138489457, "respiratory": 0.0151552477481692, "medical": 0.0149988244152884, "use": 0.0147985798207684, "care": 0.0147680777161929, "disease": 0.0141021821971506, "patients": 0.0140019523553519, "coronavirus": 0.0139734737340235}