{"medicine official": 0.4491498628731356, "publication american": 0.4100173462614764, "american association": 0.4041370544750802, "wildlife": 0.3637151553498973, "official publication": 0.3095276119010418, "publication": 0.2693415781723382, "official": 0.2205905191483604, "american": 0.1970548539173971, "association": 0.1866461816585446, "medicine": 0.1816289826755657, "calves": 0.0283203670351408, "serum": 0.0231684459115435, "biochemistry": 0.0220556961401035, "successful": 0.0171324341045351, "canine": 0.017126204840444, "gastrointestinal": 0.0170453313479137, "cats": 0.0169430935749466, "healthy": 0.0158485044977389, "wild": 0.0151980798511155, "clinical": 0.0150040134717873, "bilateral": 0.014958945402395, "concentrations": 0.0145313413720848, "greater": 0.0143636293126075, "white": 0.0142465979484619, "domestic": 0.0128814240899021, "diagnosis": 0.0128175172829621, "hernias": 0.0125740397478468, "effects": 0.0122102190051397, "northern": 0.0114070536807339, "parameters": 0.011249050455915, "hand": 0.0110812284795111, "dose": 0.0110674496106478, "plasma": 0.0107588372530371, "pregnancy": 0.0104030694457443, "oral": 0.0096602940073246, "cell": 0.0094879250193234, "following": 0.0093306382180025, "single": 0.0091370617412215, "screening": 0.0090080692826593, "national": 0.0089300247370524, "chain reaction": 0.008563102420222, "polymerase chain": 0.0085445700018217, "adenovirus": 0.0085261495624639, "comparison": 0.0085087188738827, "distal": 0.0085078397570426, "infections": 0.0084996793661081, "cases": 0.0084816404568638, "specificity": 0.008179347246166, "evaluation": 0.0080977161392457, "effect": 0.0080555795038355, "lymphoma": 0.0079887493465037, "conservation": 0.0079429052729979, "associated": 0.007873561602795, "limb": 0.0078239214518427, "perfusion": 0.0078093697610225, "treatment": 0.0078006380466065, "use": 0.0077845505784947, "ophthalmic": 0.0077518478009464, "gastric": 0.0076675500769968, "polymerase": 0.0076675500769968, "geriatric": 0.0076262595120875, "transportation": 0.0076126193397189, "hematology": 0.0075990399255577, "limitations": 0.0075990399255577, "island": 0.0075586608791, "requiring": 0.0075453191797379, "dogs": 0.0075320356143264, "health": 0.0074106620030519, "clinically": 0.0073146448065364, "diagnosis treatment": 0.0071700213207509, "biochemical": 0.0071349126013754, "intravenous": 0.0071349126013754, "game": 0.0071232989742309, "vietnam": 0.0071232989742309, "computed tomography": 0.0071117294216788, "determination": 0.0069542035028166, "cutaneous": 0.0069432570873266, "near": 0.0069214814701818, "computed": 0.0068891069347255, "complete": 0.006857072593326, "exploratory": 0.0068148771316301, "pan": 0.0066517038223223, "tomography": 0.0065252695794292, "duration": 0.006515757642107, "antibiotic": 0.0064593009649765, "resolution": 0.0064499923365576, "values": 0.0064499923365576, "anesthesia": 0.0064314599181574, "indicators": 0.0064314599181574, "release": 0.0064130394787996, "pacific": 0.0064038708299681, "profiles": 0.0063314977352443, "reference": 0.0063314977352443, "protocols": 0.0063136697695913, "indonesia": 0.006295945455487, "one": 0.0062871217924862, "transfer": 0.0062174370798927, "sensitivity": 0.0061661993454147, "black": 0.0061493096986768, "biomedical": 0.0061408998355821, "case series": 0.0060336317881827, "routine": 0.0059615202501009, "project": 0.0059300101665947, "reaction": 0.0059300101665947, "way": 0.0059143764223914, "intensive care": 0.0058373881532552, "renal": 0.0057846303123191, "pathogens": 0.0057548878965188, "chain": 0.0057108113681783, "rehabilitation": 0.0057108113681783, "tuberculosis": 0.0056458688864719, "hospitalized": 0.0055475192788085, "asian": 0.0055131494284232, "growth": 0.0054589511398186, "neonatal": 0.0054255600783047, "complications": 0.0054056995947828, "exploring": 0.0053533622846613, "intensive": 0.0053533622846613, "systemic": 0.0053019083469679, "cardiac": 0.0051647305723865, "regional": 0.0051343962580427, "rates": 0.0051043608087978, "reduce": 0.005062802202086, "african": 0.0050451633480262, "short": 0.0050159901738368, "phase": 0.0049132195398375, "infected": 0.0048797183956891, "10": 0.0048741704898111, "pre": 0.0048741704898111, "challenge": 0.0048410934191523, "type": 0.0046808863263438, "blood": 0.0046549849518561, "responses": 0.0046549849518561, "investigation": 0.0046038331907686, "series": 0.0045987649045829, "mortality": 0.0043789967537199, "emergency": 0.0043137342795788, "population": 0.0043137342795788, "detection": 0.0042953416238578, "challenges": 0.0042634190972152, "testing": 0.0042453266201446, "epidemic": 0.0041740117088219, "assessment": 0.004160823915631, "acute": 0.0040152182972429, "time": 0.0039985365952163, "model": 0.0039943803935656, "review": 0.0039245783563991, "care": 0.0038842527229371, "case": 0.0038762512132556, "infection": 0.0037280816551604, "disease": 0.0037091110062738}