{"distress syndrome": 0.4255420639299719, "respiratory distress": 0.3968122982292141, "distress": 0.2957725914136171, "acute respiratory": 0.2680642010515499, "syndrome": 0.2116749745612823, "respiratory": 0.2097753756222601, "acute": 0.1975275799901159, "obstet gynecol": 0.159943637761721, "compr clin": 0.1476419325259071, "sn compr": 0.1476419325259071, "covid 19": 0.1423076220798461, "covid": 0.1421643711615868, "19": 0.1414505578903683, "gynecol": 0.1392308805461, "obstet": 0.1337738754955631, "compr": 0.1279118479621948, "sn": 0.1127535983884355, "med": 0.1114963025938884, "membrane oxygenation": 0.1080009929888509, "reply": 0.1037709623207256, "extracorporeal membrane": 0.1026009433394083, "extracorporeal": 0.0959661826570325, "clin med": 0.0911317853203801, "19 associated": 0.0842540001949812, "oxygenation": 0.0841103888673419, "lancet respir": 0.0762035487076149, "crit care": 0.0756993499806077, "disease 2019": 0.0720939632370605, "membrane": 0.0715277683375981, "crit": 0.0696351054959135, "associated": 0.0675589076374826, "care": 0.0666574757874244, "respir med": 0.0627745354087457, "clin": 0.0624150344106817, "coronavirus disease": 0.0615167705919682, "respir": 0.0585170181180177, "2019": 0.0580836643261231, "disease": 0.0551649601863176, "coronavirus": 0.0504567489414323, "pathophysiology": 0.0499578706041155, "patients": 0.0463462837364032, "lancet": 0.0413126778207314, "pandemic": 0.0394606243002454, "severe acute": 0.0388043993783044, "prone": 0.0383065242471285, "positioning": 0.0356713833582221, "19 pandemic": 0.034959723717506, "care med": 0.0335660365388319, "treatment": 0.0312354881076042, "perinatal": 0.0307152444450285, "severe": 0.0263755434773246, "patients coronavirus": 0.0216572969400552, "clinical": 0.0214569299864708, "ards": 0.0200803748793602, "syndrome covid": 0.0193019088113599, "respir crit": 0.0191491687819398, "ventilation": 0.0189221788977564, "review": 0.0179598672161723, "19 related": 0.0165023230754344, "related": 0.0162125274019217, "medicine": 0.0161618401368443, "closure": 0.0159372376813096, "management": 0.0158950062238604, "pregnant": 0.0158470361344346, "ratio": 0.0156898527795969, "healthcare": 0.0153747966423475, "mortality": 0.01502955090232, "19 acute": 0.0147270971489791, "delirium": 0.0145379810518876, "pregnant women": 0.0143055536675196, "safe": 0.0142146630832551, "case series": 0.0138057156599189, "role": 0.0137953567343076, "2019 pandemic": 0.0137094546652903, "lymphoma": 0.0137094546652903, "patients acute": 0.0137094546652903, "efficacy safety": 0.0136307818693195, "19 patients": 0.0135836895882082, "recommendations": 0.0134627947030906, "med lausanne": 0.0134016222138805, "perfusion": 0.0134016222138805, "intensive care": 0.0133566853049039, "blood": 0.0133139958035714, "case": 0.013304032452254, "center": 0.0132992546269324, "authors reply": 0.0131582461302827, "safety": 0.0124441383751434, "pressure": 0.0124295841739135, "lausanne": 0.0124270616345972, "percutaneous": 0.0124270616345972, "intensive": 0.0122491726577219, "european association": 0.0121719885023624, "fetal neonatal": 0.0121719885023624, "therapy": 0.0121681432434568, "biological": 0.0119300702249004, "critical care": 0.0118039746452791, "medicine official": 0.0114190213073895, "medical": 0.01128316307777, "adult": 0.0112420701698445, "ajnr": 0.0112215481052108, "authors": 0.0111979840144983, "official european": 0.0111268519291743, "specific": 0.0110770364474051, "schools": 0.0109896521993453, "cell": 0.010854788593162, "variant": 0.0108501334686937, "lung": 0.0107462648690406, "women": 0.0107343102420801, "ann surg": 0.0107160527847475, "health": 0.0105978347761336, "study": 0.0105762520821805, "series": 0.0105225580360793, "2019 covid": 0.0104953099018681, "best": 0.0103961959864882, "med hypotheses": 0.0103735824101374, "era": 0.0103170449454846, "cardiothoracic": 0.0102503271262214, "national": 0.0102165152501725, "rev esp": 0.0102022193074749, "blood pressure": 0.0100161612464798, "detection": 0.0098282870421989, "predictors": 0.0096522209274486, "pol": 0.0096103985817182, "treated": 0.0095200713852581, "international": 0.0095004488247364, "women covid": 0.0094720556251228, "patient": 0.0094406582604629, "human": 0.0093617264635335, "early": 0.009273982877376, "approach": 0.0092546332862608, "neurologic": 0.0092108177215275, "esp": 0.0091928857459747, "hypotheses": 0.0091396364435269, "eclinicalmedicine": 0.0090698788869715, "international society": 0.0090355164261394, "response": 0.008989228110626, "scientific": 0.0089581969090574, "heart": 0.0089051909607612, "impact": 0.0088328815615459, "outcome": 0.0087801258256296, "work": 0.0087801258256296, "inflammatory": 0.0087698374401248, "federation": 0.0087563465469912, "ann": 0.0086983797508633, "societies": 0.0086629187760221, "secondary": 0.0085484657014746, "importance": 0.008489682584801, "replacement": 0.0084541870027563, "rev": 0.0083171952361045, "referral": 0.0083123885490137, "removal": 0.00829852069153, "interleukin": 0.0082847077563981, "anaesth": 0.0082709493103038, "heterogeneity": 0.0082709493103038, "therapy covid": 0.0082572449250408, "mechanical ventilation": 0.0082435941774307, "biochemical": 0.0081627929985623, "complication": 0.0081230837093337, "protective": 0.0081228944096798, "significant": 0.0081099471154154, "missing": 0.0080449962335307, "100": 0.0079812328202705, "fetal": 0.0078815757101613, "efficacy": 0.0078659119664148, "carbon": 0.0078571000899834, "tertiary care": 0.0078449263897984, "physiological": 0.0078327950330039, "moderate": 0.007690417649629, "trend": 0.0076213508073173, "survivors": 0.0076099714772815, "res": 0.0075798667087756, "low": 0.007555362484384, "force": 0.0074871895916101, "transl": 0.0074653226763322, "critical": 0.0074345339649198, "cancer": 0.0074265770929022, "med covid": 0.0074219958885771, "compliance": 0.0073264347995635, "challenges": 0.007316433185876, "enhance": 0.0072847893906001, "era covid": 0.0072232390597917, "association": 0.0071178360547684, "poor": 0.0071033042090628, "products": 0.0070545235319054, "hospital": 0.007028658173768, "airway": 0.0069307973243254, "model": 0.0068547371492484, "awareness": 0.0067664221201885, "therapies": 0.0067486273797402, "risk": 0.0067349502060646, "new york": 0.0067045337259341, "use": 0.0066795150665379, "team": 0.0066783426524519, "tissue": 0.0066783426524519, "improvement": 0.0066696558196622, "york": 0.006652346793754, "renal": 0.0066179843329219, "double": 0.0065670672014484, "ajnr american": 0.0065667924389824, "american neuroradiology": 0.0065667924389824, "yi xue": 0.0065667924389824, "successful": 0.0065335307741948, "pattern": 0.0065085883921222, "maternal": 0.0064838231172148, "confirmed": 0.006475606949547, "asia": 0.0064429344711613, "preventing": 0.0064025196323669, "infection": 0.0063977431539132, "identifying": 0.0063705215954353, "ther": 0.0063546319936377, "mechanical": 0.0062917877427394, "telemedicine": 0.0062840112365923, "neonatal": 0.0062071851884951, "profile": 0.0062071851884951, "complications": 0.0061844635344402, "tertiary": 0.0061769224254222, "platform": 0.0061469199904175, "caused": 0.0060366549095388, "mental": 0.0060150141272115, "north": 0.005950885958919, "res clin": 0.0059447938591701, "surg": 0.0059087796741351, "prevent": 0.0058948564557962, "service": 0.0058671756631807, "mesenchymal stem": 0.0058322463725217, "natural": 0.0058260620842133, "2019 patients": 0.0057265242596784, "yi": 0.0057265242596784, "practices": 0.0057253497481541, "severity": 0.005692415022198, "up": 0.0056662893452669, "respiratory care": 0.0056430690640898, "br anaesth": 0.0056107740526054, "haemost": 0.0056107740526054, "thromb haemost": 0.0056107740526054, "official": 0.0056082124176774, "delivery": 0.0055763604925391, "surgical": 0.0055322509056422, "insights": 0.0054825137125117, "rev bras": 0.005472420232589, "italy": 0.0054640436169439, "year": 0.0054213233436781, "19 detection": 0.0054142854899758, "home": 0.0053971446571605,