{"fortschr med": 0.5014895735658752, "mmw fortschr": 0.5014895735658752, "mmw": 0.4864105604840956, "fortschr": 0.4544779118571309, "med": 0.1530055004440648, "der": 0.1369797925919715, "des": 0.0900578063802314, "corona": 0.035328053295892, "die": 0.0262737156080322, "und": 0.0185623225661925, "zur": 0.0156751392829773, "au": 0.0142546401176582, "mit": 0.0109143542783953, "man": 0.0095160425302082, "den": 0.0083142189555396, "coronavirus": 0.0079420145502871, "f\u00fcr": 0.0076193666302686, "bei": 0.0073539738047514, "pandemie": 0.0070418494036681, "copd": 0.0062489638253975, "april": 0.0055432783976555, "cov spike": 0.0044769210125542, "auf": 0.0041685169697349, "lockdown": 0.0040959812700367, "epitopes": 0.0039572563740723, "das": 0.003717037314001, "el": 0.0037008707664944, "spike protein": 0.0036381180927984, "bcg": 0.0035782188194411, "von": 0.0032269203333969, "sars": 0.0031574772675667, "16": 0.0030937204276987, "spike": 0.0030736046615248, "2009": 0.0029589622047385, "med virol": 0.0028833985973708, "h1n1": 0.0028577310890494, "plus": 0.0027956682616342, "gut": 0.0027716391988277, "score": 0.002717219076144, "asthma": 0.0026540236898027, "editorial": 0.0025730801822923, "virol": 0.0025460524224152, "depression": 0.0025228495595295, "protein": 0.0022941808547567, "co": 0.0021653439010522, "hiv": 0.0021578506651694, "design": 0.0020734402901859, "stress": 0.0020365831430533, "online": 0.001811596126519, "vaccine": 0.001811596126519, "patient": 0.001783178984185, "virus": 0.0017498681823735, "based": 0.0016530101034221, "sars cov": 0.0016227972794106, "cov": 0.0016013998794817}