{"oto": 0.3506022248808939, "official": 0.3402653071971669, "rhino": 0.3384969312895325, "society": 0.3049445513653738, "otolaryngology": 0.3004730309578768, "netherlands": 0.2394713949677237, "facial": 0.2325961129774502, "nasal": 0.2111094692080836, "therapies": 0.2047286726594337, "guidance": 0.1982034283291482, "consensus": 0.1954550678368236, "british": 0.1947177412999846, "biological": 0.1809573491351745, "uk": 0.1738871327847191, "chronic": 0.1630011866776148, "surgery": 0.1592570310121574, "use": 0.1350880385628527, "clinical": 0.1301849560894163}