{"br dent": 0.7656592615846866, "dent": 0.4927015163506646, "br": 0.4068039573048145, "dental": 0.0328048628844342, "dentistry": 0.0203058685715564, "wellbeing": 0.0143939320426781, "service": 0.0126359276470064, "standard": 0.0114466824225025, "help": 0.0113729492953709, "block": 0.0102807976374148, "shared": 0.0099525954882303, "sepsis": 0.0099076012957055, "new": 0.0094045702811127, "need": 0.0093405690852769, "problem": 0.0091033441669619, "pressure": 0.0080307460686528, "research": 0.0078489847100105, "free": 0.0078286962305181, "gold": 0.0077254448724392, "viruses": 0.0076263124758811, "services": 0.0075994056446091, "update": 0.0075460691540514, "navigating": 0.0074893975211446, "rapid review": 0.0073715554670816, "set": 0.0071369922290472, "focused": 0.0071251397985516, "operating": 0.0070665689919038, "return": 0.0067476848823178, "english": 0.00673727035808, "workforce": 0.0067165489846784, "support": 0.0066803977028676, "worldwide": 0.0066150330030699, "controlling": 0.0065655329175201, "learning": 0.0065016716334734, "financial": 0.0064975748972836, "industry": 0.0064879908788404, "infections": 0.0062827815946481, "trust": 0.0062401440060852, "situation": 0.005938595488319, "devices": 0.0059226981642778, "time": 0.0059112658357735, "management": 0.0058684302574259, "2020": 0.0058019291322112, "hygiene": 0.0057681866293568, "procedures": 0.0057011670350766, "guidance": 0.0056284131842379, "confirmed": 0.0055785137914598, "british": 0.0055294295945166, "health": 0.0054778032007402, "better": 0.0053801869098096, "pandemic": 0.0053674701300376, "bdj": 0.0052795189087247, "action": 0.0050902114905485, "course": 0.0050013994906705, "years": 0.0049493456668557, "co": 0.0049378996064061, "young": 0.0049208118604373, "protocol": 0.0048478677847918, "pandemic br": 0.0047143027638972, "effectiveness": 0.0046390947756974, "test": 0.0045224463602257, "efficacy": 0.0045174759914588, "ear": 0.0042757676203268, "rapid": 0.0042651613518115, "future": 0.0042469516764709, "prevention": 0.0042108601045501, "online": 0.004131205115159, "capital": 0.0040716029158104, "at home": 0.004055094028609, "poverty": 0.0038699624194717, "review": 0.0038679527548075, "library": 0.0038555171772412, "ppe": 0.0038129965949697, "updates": 0.0038060253823806, "going": 0.0037784595884786, "loop": 0.0037648640783405, "career": 0.003711679989296, "operations": 0.0036666399764262, "coronavirus": 0.0036222302150598, "silver": 0.0036106473979189, "antibiotics": 0.0035625698992758, "waste": 0.0035507871438377, "wearing": 0.0035274953033651, "at": 0.0035159834185502, "qualitative study": 0.0035102603883253, "disability": 0.0035045590774325, "week": 0.0034763726292696, "flu": 0.0034597111614388, "aid": 0.0034269325458049, "record": 0.0034001529843516, "dementia": 0.0033634459040454, "look": 0.0033326811371188, "legal": 0.003253594792319, "promote": 0.0032392186671375, "vulnerable": 0.0032297104479472, "statement": 0.0031602546141379, "triage": 0.0031512318025276, "government": 0.0031377983870829, "emergencies": 0.0031069131427018, "plan": 0.0030938685430825, "three": 0.0030895453929993, "fear": 0.0030809362369619, "sensitivity": 0.0030386153083044, "erratum": 0.0030344480556539, "paediatric": 0.0030055965370282, "head": 0.0029974540042643, "supporting": 0.0029933992282071, "sleep": 0.0029893553667689, "best": 0.0029853223613476, "treat": 0.0029613490821389, "temperature": 0.002929968440023, "two": 0.0029260915511174, "awareness": 0.0029145205546293, "know": 0.0029030379997431, "fight": 0.0028840933146784, "communities": 0.0028616706056256, "simple": 0.0028214118510973, "clinic": 0.0028178049019043, "england": 0.0028178049019043, "issue": 0.0028178049019043, "reduced": 0.0028106168804535, "editor": 0.0028034630878059, "video": 0.0027963431995161, "engineering": 0.002792795869374, "planning": 0.002782203861098, "antiviral": 0.0027786897223794, "qualitative": 0.0027303358686984, "modelling": 0.0027000534490702, "working": 0.0026736388148594, "re": 0.0026606036474624, "history": 0.0026316815936525, "masks": 0.0026316815936525, "individuals": 0.0026253293913039, "point": 0.0026158511666951, "increase": 0.0025754561435271, "immunity": 0.002548113341108, "local": 0.0025212593141535, "work": 0.0025212593141535, "students": 0.0024919739108295, "increased": 0.0024832984664094, "food": 0.0024746728334278, "uk": 0.002468949803203, "initial": 0.0024632484923102, "times": 0.0024490891639567, "training": 0.0024128875660298, "surgical": 0.002382922420662, "change": 0.0023588423992293, "tool": 0.0023430008434703, "group": 0.0023403767491487, "home": 0.0023247277157996, "knowledge": 0.0023221353189231, "stress": 0.0023221353189231, "protection": 0.002301555632481, "spread": 0.0022687034957363, "screening": 0.0022195241904488, "self": 0.0022122842071967, "level": 0.0022002945695976, "activity": 0.0021907712818132, "social": 0.0021883998628248, "quality": 0.0021813079836412, "science": 0.0021765985954047, "world": 0.0021602310322246, "life": 0.0021486481404797, "perspective": 0.0021486481404797, "survey": 0.0021417410312218, "vaccination": 0.0021302992880456, "community": 0.0021280213594557, "children": 0.0020853843248282, "experience": 0.0020743623119447, "vaccine": 0.0020656025575795, "association": 0.0020439240628326, "public": 0.0020140903013535, "effects": 0.0020056740686009, "approach": 0.0019931374705316, "effect": 0.0019848374846833, "model": 0.0019683738282164, "system": 0.0019663284996266, "use": 0.0019180578855007, "based": 0.0018847809659951, "study": 0.0018222158497907}