{"east respiratory": 0.476270514159677, "middle east": 0.3358633439266588, "syndrome coronavirus": 0.3251930941234704, "respiratory syndrome": 0.2991842689629615, "east": 0.2491506889194477, "respiratory": 0.2419739978264812, "middle": 0.2345883937768824, "syndrome": 0.183470701534691, "coronavirus": 0.1603569916424029, "mers cov": 0.1425239122390771, "care community": 0.1412803035208321, "mers": 0.1332501310076648, "ann intern": 0.1313783555963224, "cov": 0.11246546007416, "health": 0.09840727756489, "intern med": 0.0960009310506949, "intern": 0.0917675669186042, "including": 0.0799067279786361, "virus": 0.0768076936627896, "settings": 0.0733918711794173, "masks": 0.0709161898187538, "ann": 0.0673080782214515, "health care": 0.0671514727731548, "med": 0.0603679480466796, "update": 0.058098482278932, "community": 0.057344006596206, "prevention": 0.0567352363589004, "infections": 0.0564342501552969, "infect": 0.0553524766379729, "public": 0.0542738948615195, "infect public": 0.0537243350655527, "microbes infect": 0.0519812090588796, "care": 0.051579566802647, "sars cov": 0.0498610822795227, "sars": 0.048507363128883, "public health": 0.0439094168705125, "microbes": 0.0409395400297887, "arabia": 0.0371357230833188, "saudi arabia": 0.0371357230833188, "cov outbreak": 0.0350873891435381, "ifn": 0.0338334820399054, "neutralization": 0.0337545300845954, "emerg": 0.0321716770501651, "saudi": 0.0316106703277921, "september": 0.0287797864256877, "mmwr morb": 0.0284130323925737, "morb": 0.0284130323925737, "morb mortal": 0.0284130323925737, "mortal wkly": 0.0284130323925737, "wkly rep": 0.0284130323925737, "serial": 0.0279409153632355, "bmj open": 0.0275662618304739, "assay": 0.0267651898589015, "epidemiology": 0.0266688531571463, "2015": 0.0264262229915614, "mortal": 0.0247010576890729, "south korea": 0.0240559390935418, "trust": 0.0240219701512329, "mmwr": 0.0237232540586759, "activation": 0.023556591770697, "cross sectional": 0.0223803817939066, "sectional": 0.0223509880892877, "cognitive": 0.0220324934180887, "perceptions": 0.0219188176476335, "microbiol": 0.0217225343534702, "infection": 0.0212167491768441, "korea": 0.0206606499970469, "protein": 0.0201398873439913, "bmj": 0.0198052982459393, "cov spike": 0.0196507360467779, "wkly": 0.0186069341794787, "information": 0.0179786613532671, "influence": 0.0176612097553899, "south": 0.017563766748205, "different": 0.0168854111410829, "cross": 0.0168306371640111, "open": 0.0167580063662122, "localization": 0.0165336070255199, "pigs": 0.0162797577622762, "spike protein": 0.0159689434207374, "vaccine": 0.0159034288100073, "cdc": 0.0158359902487863, "kinase": 0.0157060250429421, "outbreak": 0.0156375224661052, "human": 0.0155230834890209, "rev med": 0.0155163946683766, "2019": 0.0154097656955869, "tissues": 0.0152135397013797, "infectivity": 0.0151548264227553, "research": 0.0151076702907408, "risk": 0.0148900162450988, "sodium": 0.014842144421497, "workshop": 0.0147870658311659, "developments": 0.0142633409361464, "assays": 0.0142383594360861, "rapid review": 0.014188717858571, "2013": 0.0141394987676888, "implication": 0.0140906950327353, "respiratory tract": 0.0140422997020242, "zoonotic": 0.0139943059969441, "july": 0.0138994971806507, "absence": 0.0138293968281602, "clinicians": 0.013513048767653, "spike": 0.0134911010818374, "fusion": 0.0133397561537832, "updated": 0.0132760871627697, "animals": 0.0131301966952849, "genome": 0.0129878961667307, "humans": 0.0129678503640909, "2014": 0.0129279660110326, "initiative": 0.0129279660110326, "comparative analysis": 0.0128686505344308, "conventional": 0.0128490131360334, "sensitive": 0.0126942692346762, "sources": 0.0126752141654723, "antigen": 0.0126562216746051, "med virol": 0.0126562216746051, "controlling": 0.0126372913523953, "types": 0.0126184227931736, "strain": 0.0125621836958032, "variability": 0.0125435582102312, "promote": 0.0124696503893843, "promoting": 0.0122357718397327, "proceedings": 0.0121309373992194, "virology": 0.0119603289128705, "live": 0.0119268029739286, "one": 0.0119268029739286, "efficient": 0.0118768756859537, "coronavirus infection": 0.0118603285837598, "immunology": 0.0118603285837598, "dependent": 0.0118109694653169, "climate": 0.0117296290488853, "hybrid": 0.0117134973556603, "tract": 0.0114922547598532, "source": 0.0114767709265841, "pathogenesis": 0.0113241708258127, "spatial": 0.0112493546689194, "host": 0.0112345068859976, "awareness": 0.011219697125609, "organization": 0.0112049251935129, "selection": 0.0112049251935129, "dual": 0.0111754940446438, "virol": 0.0111754940446438, "concerns": 0.0111462119148885, "gene": 0.0110736487512338, "cov infection": 0.0109171440198368, "west": 0.0108612671767351, "structure": 0.010847381916112, "guidance": 0.0108335299136301, "burden": 0.0106564095741959, "expression": 0.0106296354140066, "cells": 0.010576456112655, "identifying": 0.0105632373451369, "pressure": 0.0103050155127394, "recent": 0.0101308842598219, "antibodies": 0.0100820805248685, "living": 0.0099976526273045, "survival": 0.0099618431737508, "alternative": 0.0099262540874604, "increase": 0.0099144395618574, "scientific": 0.0099026491229696, "reply": 0.0098324068634461, "viruses": 0.0097860482322705, "rep": 0.0097286176881021, "rates": 0.009683080379822, "co": 0.0095044342597861, "access": 0.0094388395119145, "safe": 0.0094279790237062, "reports": 0.0093847398819364, "molecular": 0.0093739804215839, "incidence": 0.0093525213681264, "identification": 0.0092886178640952, "10": 0.0092464044776086, "symptoms": 0.0092149454248504, "rev": 0.0091940673939756, "specific": 0.0091836565751941, "education": 0.0091318817596352, "design": 0.0091010379090765, "region": 0.0090094812484881, "dis": 0.0089592358562241, "type": 0.0088797403327512, "protection": 0.0088600360265639, "spread": 0.0087335689053698, "emerging": 0.0086856547268093, "surveillance": 0.0086761193441523, "comparative": 0.0086192348697432, "studies": 0.0085442489469645, "mortality": 0.008307049430394, "current": 0.0082095524224676, "rapid": 0.0082095524224676, "results": 0.0081832451370524, "detection": 0.0081483538802591, "viral": 0.0081050337655572, "challenges": 0.0080877961722549, "evidence": 0.0080706098051598, "china": 0.0079854358315745, "online": 0.0079517144050036, "transmission": 0.0079014980987158, "data": 0.0077210145410184, "early": 0.0076887960272084, "factors": 0.0076887960272084, "novel": 0.0076090263725635, "response": 0.0074527139308465, "review": 0.0074450081225494, "use": 0.0073837285211532, "clinical": 0.0071157326994222, "analysis": 0.0070578277523767, "disease": 0.0070362620035652, "study": 0.0070147763753674}