{"signal": 0.4836138419532222, "target": 0.4298405208316681, "ther": 0.370939670186557, "sars cov": 0.240162422560369, "sars": 0.2370779698677873, "cov": 0.2369957599903593, "cov spike": 0.2338420156561815, "spike protein": 0.2217005117061026, "spike": 0.2073679202769155, "protein": 0.1947260840673904, "host": 0.0668448176412127, "med virol": 0.0564779681776805, "infectivity": 0.0525994845779671, "revealed": 0.0506679567954809, "virol": 0.0498702703895984, "hla": 0.0498619032980031, "infection": 0.0420795721627126, "molecular": 0.0371831784703757, "ace2": 0.0367187880980434, "drug": 0.0344528402358712, "theoretical": 0.0342276593122968, "med": 0.0336737449808317, "entry": 0.0336653350716695, "cancer": 0.0325643151743367, "presentation": 0.0321884002901297, "antiviral": 0.0318227566652864, "interferon": 0.0318060883202607, "cells": 0.0314647223645337, "antigen": 0.0313766489876003, "potential": 0.0313093446637679, "ecological": 0.0311898394355179, "fatality": 0.030823367591982, "il": 0.0296931669841179, "response": 0.0295622115383613, "rbd": 0.0295186295130973, "covid 19": 0.0292497863531285, "covid": 0.0292203426824893, "19": 0.029073626116124, "loop": 0.0287445679830025, "viral": 0.028131011643604, "single cell": 0.0280815537373237, "replication": 0.0276138513760505, "immune": 0.0272902583308396, "inhibitors": 0.0272402801508295, "mutation": 0.0270653830240862, "mediated": 0.0270304603532476, "inflammation": 0.0269957869861995, "interaction": 0.0266874432681138, "proteins": 0.026247291765891, "correlation": 0.0257050433128327, "inhibit": 0.0249884933897816, "colon": 0.0248737922481922, "inhibits": 0.0234586559338693, "vitro": 0.0234574536766789, "prediction": 0.022871165327707, "targeting": 0.0228544685345965, "virus": 0.0228501185162403, "reinfection": 0.0226739740380972, "protease": 0.0219955964459118, "cov infection": 0.0216521742216203, "mechanism": 0.0214589335267531, "binding domain": 0.0210740053866709, "receptor binding": 0.0205958141845304, "ability": 0.0205710744238028, "interventional": 0.0205365955873781, "signaling": 0.0205365955873781, "pro": 0.0203325751591679, "population": 0.0202874773250833, "immune response": 0.0201992010430017, "main protease": 0.0200840761208416, "therapy": 0.020008237646508, "domain": 0.0198427393504307, "binding": 0.0195616903123389, "functions": 0.0195616903123389, "antibody": 0.0195238965075199, "shift": 0.0194094304406795, "approach": 0.0190218937287701, "13": 0.0187978307481968, "associated": 0.0185146664272451, "therapeutic": 0.0184643796773411, "identification": 0.018422288091648, "release": 0.0180963014287073, "targeted": 0.0180446348579495, "symptomatic": 0.0179677122156988, "chemical": 0.0179168099478185, "infection sars": 0.0179003564770197, "cell": 0.0178486713567723, "stem": 0.0178410168745089, "variant": 0.0178410168745089, "type": 0.0176113537000269, "induced": 0.0174558266496101, "neutralizing antibodies": 0.0171825493423959, "anti sars": 0.0170574177140193, "neutralization": 0.0167364963957742, "autophagy": 0.0166976150799669, "rna": 0.0164078117211502, "localization": 0.0163957047364167, "production": 0.0161353603105364, "structure": 0.0161353603105364, "molecule": 0.0160393807043342, "receptor": 0.0158712735599032, "enhances": 0.0156069751765621, "structural": 0.015499323234382, "development": 0.0154259194234615, "human": 0.0153936097000424, "potent": 0.0152649513822521, "novel": 0.0150911231340623, "tissues": 0.0150866477323772, "model": 0.0150284456872262, "antibodies": 0.0149969829777047, "zinc": 0.0147183501588315, "biological": 0.0147125782929758, "immunity": 0.0145910481038187, "recombinant": 0.0145294163444402, "cytokines": 0.0144765590844231, "based": 0.0143902179422092, "herbal": 0.0143722839915012, "pathological": 0.0143722839915012, "natural": 0.0143698055313739, "mutations": 0.014295303344202, "proceedings national": 0.0140880235346054, "sciences united": 0.0140880235346054, "neutralizing": 0.014070373647951, "analysis": 0.0139979206872213, "medical sciences": 0.013925176725157, "coronavirus": 0.0138277824245869, "em": 0.0138069256880252, "vector": 0.0136681695942568, "virus infection": 0.0136453664941758, "alpha": 0.0136226537036387, "required": 0.0135550501061119, "sciences": 0.0134315820041659, "anti": 0.0133715296962668, "led": 0.0129597783887572, "genes": 0.0129195328052473, "newly": 0.0129195328052473, "single": 0.012891470884318, "far": 0.0128795676810432, "main": 0.0128398791343085, "red": 0.0128004633632458, "exposed": 0.0127613166439115, "cov main": 0.0125664544230606, "clinical trials": 0.0123838796706393, "promote": 0.0123656444498239, "tumor": 0.01227532806176, "challenges": 0.0120305071183743, "enhance": 0.0119784748104659, "options": 0.0118772667936471, "present": 0.0118439238385935, "vaccine": 0.0118280869986371, "discovery": 0.0118107736184605, "coronavirus infection": 0.0117614048305406, "membrane": 0.0117614048305406, "persistent": 0.0117450425594853, "diseases": 0.0117410042489129, "recognition": 0.0117287268383394, "non": 0.0116425487173064, "prognosis": 0.0116157982815105, "progression": 0.0115207413188938, "evaluation": 0.0114250592581201, "coronaviruses": 0.0113352273937056, "cytokine": 0.0112897716303894, "cov sars": 0.0112398879240828, "pathogenesis": 0.0112297190176462, "reveals": 0.0111114679805145, "impact": 0.0108930173148173, "academy sciences": 0.010843743754674, "national academy": 0.0107082467661966, "states america": 0.0106644675027309, "essential": 0.0105942017167816, "agents": 0.0103201235923393, "platform": 0.0101074612207971, "trials": 0.0100829527556571, "loss": 0.0099859530290969, "systemic": 0.0099739426119017, "cov detection": 0.0099390035249533, "overview": 0.009902403570567, "isothermal": 0.0098071418538877, "viruses": 0.0097044254835006, "key": 0.0094251603760515, "drug delivery": 0.0093330776450761, "reverse transcription": 0.0093330776450761, "spike glycoprotein": 0.0093330776450761, "antibodies sars": 0.0092789725294104, "models": 0.0092639040509997, "correction": 0.0092427417682612, "analysis sars": 0.0090972610450005, "oral": 0.0090864658286912, "features": 0.009055715234295, "vectors": 0.0090473904652616, "stress": 0.0088646993824458, "multi": 0.0088056768500134, "epitope": 0.0086768776267995, "proteome": 0.0085912746711979, "positive": 0.0085754798431774, "coli": 0.0084674790703099, "drug repurposing": 0.008447356278555, "viral rna": 0.0084273737164529, "activity": 0.0083632201236128, "mitochondrial": 0.0083488075399834, "alzheimer disease": 0.008272336713302, "future": 0.0081063212804387, "infections": 0.0079947925038736, "sars coronavirus": 0.0079514136490219, "oxidative": 0.0079012522639426, "activated": 0.0078519532951011, "viral infection": 0.007803487588281, "amplification": 0.0077401151513945, "technological": 0.0077244884857056, "identifies": 0.0077089465178075, "transcription": 0.0076628197420884, "effects": 0.0076566156728367, "acids": 0.0076174232363125, "glycoprotein": 0.0076024493847544, "medicine": 0.0075928931048642, "alzheimer": 0.0075433238661886, "broad": 0.0075142120825667, "hypotheses": 0.0075142120825667, "promotes": 0.0075142120825667, "coronavirus infections": 0.0074997662784261, "research": 0.007490830674752, "medical": 0.0074212212577535, "library": 0.0073591750794157, "alveolar": 0.0073454877691448, "peptides": 0.007291382653479, "digestive": 0.0072382795422115, "sense": 0.0072120922729251, "assays": 0.0070598005893302, "clinical": 0.0070563823213479, "translation": 0.0070351868239755, "directions": 0.0070229587199124, "cervical": 0.0070107825400145, "immunotherapy": 0.0069745611818822, "study": 0.006956268046349, "monoclonal": 0.0069506653264509, "evolutionary": 0.0069387916612148, "platforms": 0.0068685640028113, "breast cancer": 0.0068570248079342, "faseb": 0.0068113268518193, "robust": 0.0068113268518193, "selective": 0.0068000152550706, "designing": 0.0067775250530559, "disruption": 0.0067330670143339, "peptide": 0.0067001700639571, "cancers": 0.0066892877508682, "fusion": 0.0066142464501435,