{"de": 0.5364850226744721, "m\u00e9decine": 0.4228349367718885, "cir": 0.3134055614349516, "bulletin": 0.2963458108734207, "039": 0.2435731299305141, "bras": 0.2299181061162515, "acta": 0.1966621225093332, "da": 0.187033232303315, "em": 0.1819296574276033, "covid 19": 0.1627310024526153, "covid": 0.1625671927761559, "19": 0.161750936081738, "la": 0.0624255118117357, "com": 0.0474275258092789, "brasileira": 0.0463166392639837, "por": 0.0415578481757966, "na": 0.0403882573748254, "tests": 0.0400034788322385, "experimental": 0.0369155397391811, "des": 0.0295156055437231, "sars cov": 0.0279224748063463, "cov": 0.0275543029046448, "patients": 0.0273863732878498, "sars": 0.0271643847860234, "la covid": 0.0264641758127491, "acute ischemic": 0.0248148776574187, "sobre": 0.0248148776574187, "pacientes": 0.0243829430584707, "face": 0.0243299511072571, "pour": 0.0238429420879171, "adm": 0.0236499920772275, "corporate": 0.0235867549031615, "tract infections": 0.0230402422577525, "une": 0.0227528769031283, "anti sars": 0.022476040151375, "de la": 0.0220531718980883, "outcomes": 0.0215697870001526, "distal": 0.0210892174575126, "infections": 0.021068989495554, "ischemic stroke": 0.0209546715020907, "relations": 0.020910349977957, "19 hospital": 0.0207356185355599, "women covid": 0.0205227369031427, "elderly patients": 0.0204808708780402, "atrial": 0.0201941286874127, "mucosal": 0.0201540394782606, "du": 0.0198792165301708, "obstet gynecol": 0.0198024971077431, "stem cell": 0.0197644275148743, "perfusion": 0.0193578513229515, "governance": 0.0193219519765658, "monitor": 0.0190407363386419, "urinary": 0.0190407363386419, "patients treated": 0.0188701467424445, "confirmed covid": 0.0187696113589167, "reprod": 0.0186703959529528, "saliva": 0.0186703959529528, "nhs": 0.0185401031010853, "organizational": 0.0184120187092912, "le": 0.0182549070584329, "un": 0.0181621844447939, "lateral": 0.0181315280205905, "ischemic": 0.0179203462640554, "mode": 0.0174029489215649, "gas": 0.0173752175208941, "intra": 0.0173200581650235, "gynecol": 0.0172380667834387, "innovations": 0.0168667809707244, "sepsis": 0.0166123192793436, "obstet": 0.016562439242122, "leadership": 0.0162222043676575, "tumor": 0.0161748261673077, "plus": 0.0160344481702062, "engagement": 0.0157166981341544, "stem": 0.0156723766100206, "cardiol": 0.0156503129499607, "acquired": 0.0156063779529339, "nurs": 0.0156063779529339, "professional": 0.0154976451676235, "urgent": 0.0154976451676235, "variants": 0.0153480007092723, "threat": 0.0153268627984206, "on": 0.0151805301833139, "room": 0.015098166444775, "tracing": 0.0150777150163186, "tract": 0.0150166907422793, "ethics": 0.0148365201315882, "stroke": 0.014155948659312, "post covid": 0.0141378917852432, "france": 0.0141198779550151, "gastrointestinal": 0.0140839786086294, "confirmed": 0.0140304473467439, "total": 0.0140304473467439, "british": 0.0139069963225979, "staff": 0.0138200356598307, "treated": 0.013751180530133, "oncology": 0.0136999478037103, "ii": 0.0135650013926458, "practical": 0.0133021297331489, "elderly": 0.0132538433183635, "biol": 0.013189937667301, "personal": 0.0129858995680198, "behavior": 0.0127271319501839, "years": 0.0124480347948522, "secondary": 0.0123477535366654, "times": 0.0123193444874085, "19 infection": 0.0123051799130603, "oral": 0.0119729594610272, "features": 0.011932440338736, "eur": 0.0118921373194575, "19 patients": 0.0117725021315694, "cell": 0.0117593254966664, "epidemiological": 0.0117593254966664, "anti": 0.0117461717976059, "laboratory": 0.01164175841693, "women": 0.011628807602788, "age": 0.0115259924357928, "prevalence": 0.0115005057397879, "surgery": 0.0113743459114073, "drug": 0.0113493647375755, "single": 0.0113244658741857, "screening": 0.0111645927403067, "healthcare": 0.0111039925903492, "learning": 0.0109015130707296, "perspective": 0.010808073880836, "implications": 0.0107848935000763, "future": 0.0106814528220962, "post": 0.0105906793798451, "hospital": 0.0101524813754806, "evaluation": 0.0100363018960482, "virus": 0.0100363018960482, "approach": 0.0100258281615895, "medicine": 0.0100049241421675, "acute": 0.0099529156904777, "medical": 0.0097787173743429, "review": 0.0097282375727207, "use": 0.009648164789598, "care": 0.0096282784670631, "clinical": 0.0092979802123107, "infection": 0.0092411619130415}