{"proceedings national": 0.459777966062681, "sciences united": 0.459777966062681, "academy sciences": 0.3538973679155325, "national academy": 0.3494752763697069, "states america": 0.348046492504992, "proceedings": 0.1963020928841304, "academy": 0.1864701076142594, "america": 0.1735333752785978, "united states": 0.1481057837396502, "sciences": 0.1461180943210398, "states": 0.1400885959353489, "united": 0.138564400592922, "national": 0.1370646325120069, "virus": 0.0116521634824714, "receptor": 0.0107911722828968, "signaling": 0.010472408227881, "entry": 0.0103003576371423, "evolution": 0.0095132802477251, "dynamics": 0.0095023577976183, "mrna": 0.0092811805049588, "apoptosis": 0.0085948907619189, "reveals": 0.0084992540419767, "mediated": 0.0082703293504228, "production": 0.0082280473098345, "structure": 0.0082280473098345, "cells": 0.0080225423921006, "promotes": 0.0076635775491318, "range": 0.0074091140678322, "hiv": 0.0071844350833356, "rats": 0.0071625591855821, "factor": 0.0070456804987413, "composition": 0.0069122468549671, "reveal": 0.0068111989277929, "domain": 0.0067457226443401, "species": 0.0065677921143563, "cycle": 0.0062143250856696, "viral": 0.0061478983395759, "global": 0.0059871943709829, "human": 0.0058873498845127, "emergence": 0.0058429989293618, "early": 0.0058321701915529, "pathways": 0.0058271908629456, "host": 0.0056811283973415, "mechanism": 0.0054713720945364, "pattern": 0.0054574459483817, "expression": 0.0053752536018441, "obesity": 0.0053283536364214, "resistance": 0.0052047196130591, "protein": 0.0050922255453782, "alternative": 0.0050195637910717, "controlled": 0.0049898129224292, "antibody": 0.0049779968046727, "reverse transcription": 0.0047592990136018, "correction": 0.0047132332391844, "therapeutic": 0.004707852400194, "epithelial cells": 0.0046649280397431, "bronchitis": 0.0046390469644052, "physical": 0.0046335420640619, "epitope": 0.0044246771216092, "drug": 0.0043922105543842, "emerging": 0.0043922105543842, "proteome": 0.0043810248476595, "cd8": 0.0043491201074361, "hepatocellular": 0.0042672949811781, "social": 0.0042601145764182, "cd4": 0.0042573814341679, "rheumatoid": 0.0041992714333495, "phylogenetic": 0.0041525504435137, "rapid": 0.0041514524731722, "adenovirus": 0.0040895517892318, "assembly": 0.0040895517892318, "evidence": 0.004081191191854, "cats": 0.0040633616697032, "protects": 0.0040633616697032, "derivatives": 0.0040461586173619, "mers cov": 0.0040040161448712, "potential": 0.0039914629139886, "enhances": 0.0039793015973839, "amplification": 0.0039469855288979, "immunodeficiency": 0.0039390168847456, "development": 0.0039331379148395, "intelligent": 0.0039310914312886, "high": 0.0039084932310785, "transcription": 0.0039075695956703, "cooperation": 0.0038998123223944, "inequality": 0.003892095984788, "allergic": 0.0038767844042215, "glycoprotein": 0.0038767844042215, "radical": 0.0038466340044401, "architecture": 0.0038391925502979, "broad": 0.0038317887745659, "situ": 0.0038317887745659, "conservation": 0.0038097997499237, "beliefs": 0.0037953219823144, "associated": 0.0037765391874069, "response": 0.0037687301436048, "stable": 0.0037667895144402, "limb": 0.0037527293812737, "epithelial": 0.0037457496898205, "fitness": 0.0037388031561714, "spatiotemporal": 0.0037250083125093, "motor": 0.0037113423945054, "encephalitis": 0.0036978030145959, "revealed": 0.0036910800483478, "controls": 0.0036710946449881, "dilemma": 0.0036513787159618, "mutations": 0.0036448653752009, "wild": 0.0036448653752009, "case covid": 0.0036190983193245, "cytokine storm": 0.0036190983193245, "foundation": 0.0036000666938361, "vertical": 0.0036000666938361, "neutralizing": 0.003587515178288, "translation": 0.003587515178288, "mediterranean": 0.003581279592791, "infection": 0.0035763348722815, "cervical": 0.0035750704854439, "structures": 0.0035444143818418, "synthetic": 0.0035444143818418, "viral infections": 0.0035383595384777, "net": 0.00352632455216, "rescue": 0.00352632455216, "compounds": 0.0035203440015609, "replication": 0.0035203440015609, "expansion": 0.0034561234274835, "rise": 0.0034561234274835, "mutation": 0.0034504226694515, "rapidly": 0.0034504226694515, "plant": 0.0034390873988649, "sequence": 0.0034334525457141, "mitigate": 0.0034222475668765, "peptide": 0.0034166771122041, "drive": 0.0034000919523643, "assay": 0.0033836927982385, "proteins": 0.0033461285377023, "political": 0.003340840131999, "binding": 0.0033250887130826, "nasopharyngeal": 0.0033250887130826, "reverse": 0.0033250887130826, "vol": 0.0033250887130826, "sites": 0.0033198757215252, "covid 19": 0.0033145784067381, "covid": 0.003311241857413, "transformation": 0.0033095051632819, "19": 0.0032946159731445, "genes": 0.0032940859421998, "nuclear": 0.0032940859421998, "containing": 0.0032537456573968, "interferon": 0.0032438321103866, "artery": 0.0032242043984629, "diverse": 0.0032193383620817, "neural": 0.0032193383620817, "13": 0.0031952481535729, "controlling": 0.0031952481535729, "mice": 0.0031715484032801, "vivo": 0.00316685420155, "cellular": 0.0031528613427772, "dietary": 0.0031528613427772, "extended": 0.0031528613427772, "inhibition": 0.0031344100874425, "formation": 0.0031298334246043, "measuring": 0.0031252710415485, "bone": 0.0031207228494427, "resolution": 0.0030937268349862, "mers": 0.0030628487703065, "resistant": 0.0030584903689185, "17": 0.0030541449197082, "restrictions": 0.0030498123459219, "chemical": 0.0030454925714859, "engagement": 0.003041185520999, "acquired": 0.003019838534823, "recognition": 0.00299046682109, "presence": 0.0029863186123984, "activation": 0.0029780573328921, "independent": 0.0029698424653132, "linked": 0.0029657522736026, "step": 0.0029616734910887, "metabolic": 0.0029576060542989, "late": 0.0029495049666355, "asthma": 0.0029454711914343, "progression": 0.0029374368713143, "energy": 0.0029214994646809, "joint": 0.0029214994646809, "supporting": 0.0029135954314728, "targeting": 0.0029135954314728, "storm": 0.0028979143955836, "mild": 0.0028823997398716, "transport": 0.0028823997398716, "cytokine": 0.0028785466610067, "wide": 0.0028632350804402, "two": 0.0028480821719571, "reaction": 0.0028443183537062, "spatial": 0.0028443183537062, "selection": 0.0028330846806589, "differential": 0.002807203605321, "childhood": 0.0027926175234462, "driven": 0.0027926175234462, "improved": 0.0027853786839935, "perceptions": 0.0027710076338402, "inflammation": 0.002753240190659, "interaction": 0.0027217929015836, "engineering": 0.0027183401429944, "antiviral": 0.0027046100648105, "essential": 0.0027011975951565, "parameters": 0.0026977930707242, "enhanced": 0.0026910077101348, "genetic": 0.002687626800922, "cause": 0.0026741807973668, "generation": 0.002621600118111, "growth": 0.0026183757671174, "technologies": 0.0026119483168427, "characterization": 0.002583369376195, "platform": 0.0025770936473209, "history": 0.0025615211616626, "antibodies": 0.0025491814885753, "survival": 0.0025187803398294, "environment": 0.0025067946777796, "increase": 0.0025067946777796, "north": 0.0024949064612146, "pregnancy": 0.0024949064612146, "complex": 0.0024889984023363, "reply": 0.0024860533004684, "viruses": 0.0024743318542712, "setting": 0.0024311947265601, "disorders": 0.0024227179342228, "years": 0.0024086982430952, "period": 0.0024003504987311, "modeling": 0.0023892937913572, "like": 0.0023674280742653, "adult": 0.0023566166195922, "death": 0.0023512407216872, "identification": 0.0023485601662471, "infected": 0.0023405478580733, "10": 0.0023378868153314, "relationship": 0.0023193938893855, "design": 0.0023011319248457, "insights": 0.0022985415918687, "possible": 0.0022830952237662, "rate": 0.0022805366184185, "tool": 0.0022805366184185, "information": 0.0022728875552058, "stress": 0.0022602273671755, "chronic": 0.0022526835366009, "responses": 0.0022327548794733, "induced": 0.0022253511037413, "multiple": 0.0022253511037413, "2021": 0.002222891485696, "primary": 0.002222891485696, "diagnostic": 0.0022033620790991,