{"severe acute": 0.402374024779642, "acute respiratory": 0.3270158969375151, "syndrome coronavirus": 0.3081231324066484, "respiratory syndrome": 0.2958047546750431, "severe": 0.2486323892687091, "respiratory": 0.2407359716258117, "acute": 0.2381651776212357, "coronavirus": 0.2378184558514399, "hosp epidemiol": 0.201539346074821, "control hosp": 0.1989303228298706, "syndrome": 0.1950031296734539, "infect control": 0.1292869857710714, "hosp": 0.1103439648043378, "infect": 0.1048938541215295, "epidemiol": 0.1024604228961488, "sars": 0.102427651534489, "sars cov": 0.0890882816478306, "cov": 0.0879136077587472, "coronavirus infection": 0.087654519585397, "coronavirus sars": 0.0724749080753981, "virus": 0.0698648848585647, "infection": 0.0683503510239644, "control": 0.0681423456097519, "int health": 0.0541437646767627, "obstet gynecol": 0.0516935618321209, "health": 0.0479528769593167, "med": 0.0471892801779023, "pol": 0.0452968175471238, "gynecol": 0.0449992274351846, "clinical outcomes": 0.0440976750054634, "obstet": 0.0432355309734449, "ke za": 0.042391057910606, "geographical": 0.0421106943758756, "21st": 0.0414960840163118, "clinical": 0.0404532916904185, "coronavirus disease": 0.0403405635897392, "disease": 0.0400014968611094, "patients": 0.0397171902448674, "intern med": 0.0389835737471944, "century": 0.0379793585382116, "intern": 0.0372645105981615, "covid": 0.0372258440656259, "ke": 0.0355543064974586, "asymptomatic": 0.0349365232746131, "covid 19": 0.0335370189805559, "tracking": 0.0334338550969584, "19": 0.0333350383868956, "za zhi": 0.0333001923271571, "outcomes": 0.0328457474475719, "supporting": 0.0327553992951345, "disease covid": 0.0324481209604853, "zhi": 0.0321031680386727, "crit care": 0.0317150878265484, "fight": 0.0315593146535624, "mapping": 0.031313953199139, "epidemics": 0.0309923994307421, "hospital": 0.0309197155468301, "za": 0.0299966125004321, "technologies": 0.0293642038054647, "patients severe": 0.0293533345912573, "crit": 0.0291744048948851, "inflammatory syndrome": 0.0285196217392816, "outbreaks": 0.028215622266548, "arch": 0.0280151452421001, "events": 0.0278499286527615, "inflammatory": 0.0275566598038191, "care med": 0.0271212411065751, "epidemic": 0.027009175403959, "pregnant women": 0.0269706214108914, "associated": 0.0254741027599786, "women": 0.0252970825504926, "infect dis": 0.0245104111562703, "contacts": 0.0243691303771674, "vertical": 0.0242837328968713, "zhonghua": 0.0241628882384477, "immunoglobulin": 0.0239905332552434, "pregnant": 0.0239014537710322, "world": 0.0236384206167648, "int": 0.0234864419170417, "community": 0.0232859648925937, "biochemical": 0.0230842795116232, "bras": 0.0230842795116232, "seroprevalence": 0.022934831995581, "global": 0.0224365332446531, "trop": 0.0212359108052292, "care": 0.020945170263375, "clinical characteristics": 0.0208984072063435, "pulmonary": 0.0208838164059265, "dis": 0.0203734792592484, "admission": 0.0203413391151269, "short term": 0.020143783350626, "healthcare": 0.0193243281198168, "19 cases": 0.0191606178838411, "treatments": 0.0191101658691857, "cases": 0.0182943197730358, "serology": 0.0182337544110628, "community health": 0.0180808274043834, "transmission": 0.0179681627110355, "inactivation": 0.0178579055509137, "pediatr": 0.0176401761829958, "soc": 0.0168891147433861, "antibody": 0.0167891812911585, "neonates": 0.0163614506649584, "lesson": 0.0163035157976175, "short": 0.0162287228547249, "man": 0.0158306499497867, "indian": 0.0156806181100672, "rev": 0.0156806181100672, "useful": 0.015364469873049, "an": 0.0153146547491443, "igg": 0.015289887997054, "despite": 0.0151190845002351, "term": 0.0150774307919337, "screen": 0.0150234382334298, "public health": 0.0149776321594815, "contamination": 0.0144989385060091, "diverse": 0.01447705640626, "dna": 0.0144118436578149, "materials": 0.0143258873370076, "learn": 0.0141364979763879, "characteristics": 0.0139119814892215, "post": 0.0138232551275596, "evidence based": 0.0137537383800206, "testing": 0.0137353197989646, "china": 0.0136192790798352, "prolonged": 0.0135608927434179, "three": 0.0135229931289518, "association": 0.0134194359728852, "public": 0.0132235616450276, "progression": 0.0132093723905266, "routine": 0.0128585924319056, "deaths": 0.0127569064121045, "rna": 0.0125418373198419, "zhongguo": 0.0124331451768669, "suspected": 0.0123335803427658, "dental": 0.0119656205836306, "line": 0.0119062471336813, "mask": 0.0116739734516043, "individuals": 0.0114911117345237, "antibodies": 0.0114634251045407, "cov vaccination": 0.0114347034654419, "disease 2019": 0.0113267140491285, "east respiratory": 0.0112817557743159, "viruses": 0.0111268334649131, "emerg infect": 0.0111000641090523, "syndrome sars": 0.011030108651788, "second": 0.0107816808621395, "young": 0.0107692389191533, "neural networks": 0.0107642845471881, "incidence": 0.010633909139853, "surgical": 0.0104300922700329, "substance use": 0.0103172919919605, "exposure": 0.0102668606458482, "levels": 0.0102324034583205, "epidemiology": 0.010107583120265, "positive": 0.0098324147327405, "prediction covid": 0.0097085839489583, "state": 0.0095994395947212, "low": 0.0094962103960614, "transplant recipients": 0.0093575540727922, "critical": 0.0093443430243705, "rapid": 0.0093343421632695, "parkinson disease": 0.0092957130812263, "prevention": 0.0092155034183731, "mathematics": 0.0091951614385054, "positive patients": 0.0091951614385054, "substance": 0.0091951614385054, "evidence": 0.0091763630355083, "igm": 0.0091168772055314, "sars coronavirus": 0.0091168772055314, "spike protein": 0.0090784231712263, "encephalopathy": 0.0090215724904386, "parkinson": 0.0089656881571074, "patients sars": 0.0089107378676304, "patient": 0.0088993556534152, "immunodeficiency": 0.0088566909116068, "high": 0.0087880599374494, "effects": 0.0087788697683694, "2019": 0.0087605278738926, "co infection": 0.0087511915140722, "pulmonary embolism": 0.0085825503208191, "toxicology": 0.0085013663824213, "modulation": 0.0084065199267833, "thromboembolism": 0.0084065199267833, "excess": 0.0082841697177156, "based": 0.008249718586587, "care hospital": 0.0082394372936225, "embolism": 0.0082099502578248, "assist": 0.0081662097130808, "curr opin": 0.0081662097130808, "swiss": 0.0081517578988087, "challenging": 0.008137369331191, "employees": 0.0081230434590558, "persistence": 0.0081230434590558, "myocarditis": 0.0080804366106919, "recipients": 0.0080663561503993, "study": 0.0079758700008176, "labor": 0.0079694460727486, "middle east": 0.007955832047279, "clinically": 0.0078885948890147, "wellbeing": 0.0078753109014353, "pandemic": 0.0078311695794925, "opin": 0.0077709280882053, "complicated": 0.0076697575687855, "spike": 0.0076697575687855, "university hospital": 0.0076080712854733, "netherlands": 0.0074412639395039, "tertiary care": 0.007395118866876, "inpatient": 0.007383683090292, "recurrent": 0.0073496125009105, "waves": 0.0073047274016937, "discharge": 0.0072714611908763, "computer": 0.0072604468339982, "neural": 0.00723852820313, "perinatal": 0.00723852820313, "psychiatric": 0.0072059218289074, "impairment": 0.0071629436685038, "benefit": 0.0071522863416578, "criteria": 0.007120520080498, "fatality": 0.0070682489881939, "mathematical": 0.0070066012610687, "turkish": 0.0069964380923788, "targeted": 0.0068964978002711, "chemical": 0.0068476442646646, "infant": 0.0067995060335105, "isolated": 0.0067995060335105, "personnel": 0.0067239214988842, "french": 0.0067145944502086, "hospitalization": 0.0067145944502086, "remdesivir": 0.0067145944502086, "variants": 0.0066775486221716, "transplant": 0.0066591810746621, "late": 0.0066318207299146, "2019 covid": 0.0065956908888225, "hong kong": 0.0065246009310455, "kong": 0.0065246009310455, "hong": 0.0064983335546819, "pediatrics": 0.0064550156361835, "properties": 0.0064122610355972, "aging": 0.006386872627947, "mental health": 0.0063700552897285, "networks": 0.0063449894825254, "concerns": 0.006336676500971, "occupational": 0.0063201133301566,