{"sars cov": 0.4251015547196324, "cov": 0.4194963764930294, "sars": 0.4135601262290798, "med virol": 0.2813950996020311, "virol": 0.2484729914382268, "med": 0.1854362251898277, "delta": 0.1634150996988075, "non pharmaceutical": 0.1622086333435614, "variant": 0.1543893748295686, "cov variants": 0.1341418747002166, "concern": 0.1135646599413338, "pharmaceutical": 0.1007751204711732, "interventions": 0.0889764582180462, "variants": 0.0824694171390329, "non": 0.0732728645572365, "diagnostic": 0.0713825688131648, "cov detection": 0.0703704735449947, "children": 0.065759274299618, "cov infections": 0.0619010705606442, "nasopharyngeal": 0.0615561557683661, "detection sars": 0.0584369505904107, "cov transmission": 0.0581732784025419, "detection": 0.057211059234764, "swabs": 0.0549130753935516, "lombardy": 0.0526960597055459, "biotechnol": 0.0522999013196043, "performance": 0.0516677219064416, "saliva": 0.0501608222843239, "clinical": 0.0499608400601827, "nephrol": 0.0493815272230616, "robust": 0.0482257899223873, "ambulatory": 0.0476716919376568, "dialysis": 0.0472849664716001, "weeks": 0.0469808038822752, "socioeconomic": 0.0464592437813845, "academic": 0.0464073764581333, "transmission": 0.046231533633661, "bmc public": 0.044053584236239, "nat": 0.0418701152066982, "centers": 0.0415210669571481, "public health": 0.0411061225610057, "analyses": 0.0404537479376307, "epidemics": 0.0382763984421903, "microbiol": 0.0381294558964976, "infections": 0.0377366693404139, "applied": 0.037410284846382, "deep": 0.036670249458974, "modelling": 0.0364893799054797, "public": 0.0362920747342173, "practical": 0.0357381689830729, "alternative": 0.0348470082989915, "outbreaks": 0.0348470082989915, "mutations": 0.0337380322978795, "swab": 0.0331494620875159, "28": 0.0330919886165766, "study bmc": 0.0329777686807739, "vaccinated": 0.0329777686807739, "health": 0.0329016765876885, "study": 0.0328346716917511, "phase": 0.0327203885909528, "patients": 0.0327011574179456, "decline": 0.0319909768451933, "required": 0.0319909768451933, "circulating": 0.0315744829969119, "assay": 0.0313205359215168, "type": 0.0311731275808434, "center": 0.0309663094279919, "prevalence": 0.0308978355920789, "disinfection": 0.0308751032607363, "stability": 0.0308751032607363, "lessons": 0.030093672131264, "antigen": 0.0296205368002137, "prevention": 0.028453450456076, "comparison": 0.0283326020450762, "testing": 0.0282724465252053, "profiles": 0.0281104293671606, "epidemic": 0.0277975132168339, "head": 0.0270056969794341, "management": 0.0264359434792868, "surgical endoscopy": 0.0262808955849027, "risk": 0.0261363710365098, "communities": 0.0257823503281568, "impact": 0.0257083715637083, "germany": 0.0255504110552723, "structure": 0.0253871402929733, "infect dis": 0.0252258155932664, "states america": 0.0251689761583654, "australia": 0.0251618202869606, "populations": 0.0247530673494243, "gastric cancer": 0.0236999940652833, "individuals": 0.0236530235032439, "school": 0.0231760939645266, "north": 0.0230936471183129, "viruses": 0.0229032020175704, "bmc": 0.0225039110539438, "modeling": 0.0221160626810505, "reverse transcription": 0.0220267921181195, "function": 0.0218635370339203, "correction": 0.0218135923939685, "therapeutic": 0.0217886890160713, "infect": 0.0215910945276802, "environmental": 0.0213000084256467, "possible": 0.0211330549881596, "dis": 0.0209681358468588, "test": 0.020372592179271, "positive": 0.0202388021403042, "united": 0.0200405645224046, "different": 0.0197592518110974, "euro surveill": 0.019749719273463, "implications": 0.0193168239022493, "rapid": 0.0192135817382934, "viral": 0.0189689669707173, "bei": 0.0188864498226214, "distal": 0.0188864498226214, "igm": 0.0187659571850434, "travel med": 0.0187659571850434, "china": 0.0186890607636484, "mit": 0.0186868043408081, "health impact": 0.0186475723988541, "bat": 0.0186085665788586, "identity": 0.0183416450108205, "high": 0.0180891277581005, "transcription": 0.0180848530266596, "effects": 0.0180702109387126, "case fatality": 0.0179423742686699, "donors": 0.0179072183920287, "surveill": 0.0177341273445292, "microorganisms": 0.0176323586442883, "euro": 0.0175987730119099, "clin microbiol": 0.0174990047524269, "associated": 0.0174784234756434, "alterations": 0.017271777473435, "august": 0.017271777473435, "egyptian": 0.0170519324469965, "med impact": 0.0170519324469965, "gastric": 0.0170211009994357, "new": 0.0169461799828923, "simultaneous": 0.0165747310437579, "analysis": 0.0165180930015092, "sensing": 0.0165173790815767, "beta": 0.0163203903830086, "july": 0.0162651452514471, "postoperative": 0.0161020652871849, "alpha": 0.0160752633074624, "mutation": 0.0159691044085373, "greater": 0.0159428228569266, "16": 0.0158905639792189, "signs": 0.0158905639792189, "laparoscopic": 0.0157872414984559, "igg": 0.0157361658519837, "silico": 0.0156854727982151, "der": 0.0156351566479599, "despite": 0.0155603769806357, "homes": 0.0155356329273497, "applying": 0.0154619390118382, "binding": 0.0153890389420915, "reverse": 0.0153890389420915, "profiling": 0.0153649123887862, "february": 0.0153408715427781, "analytical": 0.0152219319077704, "english": 0.0151749352533841, "humans": 0.0151749352533841, "detect": 0.0151515587498837, "recurrent": 0.015128262716434, "commercial": 0.0149447262872456, "neural": 0.0148996095132499, "united kingdom": 0.0148547915280284, "impairment": 0.0147440281547793, "origin": 0.0146134615768941, "endoscopy": 0.0145704932355034, "fatality": 0.0145491109395657, "mrna": 0.0143182594053738, "detecting": 0.0141753508153134, "kingdom": 0.0139567050688994, "professional": 0.0138789169591898, "vitro": 0.0138403556523827, "linked": 0.013725972799311, "derived": 0.0135949246180216, "nasal": 0.013502848489717, "coronaviruses": 0.0133760109423546, "introduction": 0.0133045855718638, "wide": 0.0132515069387151, "outpatient": 0.0131988413730451, "classification": 0.0131813768703607, "position": 0.0131292521631153, "dual": 0.0130775258651698, "travel": 0.0130775258651698, "immunol": 0.0130603712526017, "multicenter": 0.0130261919323004, "gene": 0.0129583468424353, "culture": 0.0128744859052272, "target": 0.0128412303541089, "clinic": 0.0126935701464866, "england": 0.0126935701464866, "france": 0.01264505745821, "total": 0.012564967872187, "america": 0.0125490630680758, "pathology": 0.0125490630680758, "essential": 0.0125015717080252, "burden": 0.012470094948794, "cells": 0.0123765336747121, "organ": 0.012330233669481, "site": 0.0122234164863246, "canada": 0.0122082935950384, "pcr": 0.0122082935950384, "spain": 0.0121033691516607, "complications": 0.0120000466708977, "quantitative": 0.0119854142521499, "antibodies": 0.0117980170104322, "area": 0.0117980170104322, "protein": 0.011783814505672, "antibody": 0.0115194801238394, "major": 0.0113710346878083, "local": 0.0113576997257905, "update": 0.0113311083712072, "validation": 0.0113046210926419, "failure": 0.0112519555269719, "increased": 0.0111866947412602, "brazil": 0.0111737177650224, "to": 0.011045298522029, "evolution": 0.0110072431769458, "importance": 0.0109819913154295, "death": 0.0108819156872155, "infected": 0.0108324274152455, "specific": 0.0107466843004134, "surgical": 0.010734523486657, "countries": 0.0107102672204226, "united states": 0.0107102672204226, "cohort": 0.0106260484673331, "italy": 0.0106021772220025, "versus": 0.0105546858619519, "clin": 0.0105310645778156, "workers": 0.0104257773732664, "induced": 0.0102992785306929, "multiple": 0.0102992785306929, "2021": 0.0102878950275305, "spread": 0.0102199932100502, "pneumonia": 0.0101639241980736, "states": 0.0101305044213457, "comparative": 0.0100861999028189, "self": 0.0099658371482843, "level": 0.0099118265580577, "activity": 0.0098689263127517, "critical": 0.0096170836331603, "cancer": 0.0096067908691467, "community": 0.0095862521855995, "results": 0.0095760061714782, "cases": 0.0094141451576749, "early": 0.0089974034719319, "related": 0.008988010700078, "virus": 0.008988010700078, "time": 0.0088763026721273,