{"proc natl": 0.507650333674677, "natl acad": 0.5007234872332434, "acad sci": 0.4302521167449961, "natl": 0.3029275274704995, "proc": 0.2369646437104165, "acad": 0.2231363859356719, "sci": 0.1682567959679084, "medicine official": 0.0623472587557251, "publication american": 0.0569152073612466, "american association": 0.0560989540260671, "hepatocellular": 0.0555735966912824, "air quality": 0.0540792620631827, "coagulopathy": 0.0522533859058786, "wildlife": 0.0504879212450832, "bank": 0.0503889963701151, "dogs": 0.047049062128151, "employees": 0.047049062128151, "hepatic": 0.0466395195566123, "feature": 0.0457683782646775, "mitigating": 0.0455375512493133, "massive": 0.0454612265154486, "pandemic": 0.0453585144458232, "clinicians": 0.0444958777622504, "peptide": 0.0444958777622504, "concentration": 0.044351611954039, "official publication": 0.0429660558900955, "global pandemic": 0.0409998088302419, "black": 0.0384118276748433, "derived": 0.038254663132629, "pathways": 0.0379441726302992, "water": 0.0375379066488761, "publication": 0.0373877639872046, "social distancing": 0.0370909840229227, "awareness": 0.0369443106744059, "reveals": 0.0368956695352993, "fever": 0.0360407281555338, "news": 0.0359943383747202, "distancing": 0.0347827145276028, "needs": 0.0338909062934645, "plasma": 0.0336026824794879, "alternative": 0.03268525083473, "reply": 0.032376229926135, "drugs": 0.0313688238809826, "modeling": 0.0311161169132991, "official": 0.0306205463103686, "air": 0.0305856370510843, "injury": 0.0303430478391716, "state": 0.027800210116072, "social": 0.0277400426233435, "quality": 0.0276501463323706, "american": 0.0273535204656842, "emergency": 0.0269458566736198, "evidence": 0.0265749701293784, "severe": 0.0261834703810383, "global": 0.0259906979911865, "association": 0.0259086749112962, "medicine": 0.0252122289606735, "use": 0.0243132018063411}