{"innov": 0.6490493948779984, "rapid": 0.3656642330551461, "care": 0.3282030800501013, "clinicians": 0.3009444583323207, "outpatient": 0.2511944037103706, "program": 0.2075732323510692, "implementation": 0.2001982896506229, "monitoring": 0.1919560133108623, "covid 19": 0.1459757493110486, "covid": 0.1458288059511162, "19": 0.1450965933991011}