{"syndrome coronavirus": 0.4460867279914469, "respiratory syndrome": 0.3826939362098696, "severe acute": 0.3785939498337262, "acute respiratory": 0.3076894442870521, "syndrome": 0.2346818741268424, "severe": 0.2339383571327381, "acute": 0.2264240199596189, "respiratory": 0.2247811480179829, "coronavirus": 0.2051165609178521, "coronavirus sars": 0.190457238010863, "emerg infect": 0.1495893532438075, "infect dis": 0.1189127149150263, "infect": 0.1102604709454328, "dis": 0.0988423129883906, "sars cov": 0.0960474339778483, "cov": 0.0947810001582666, "sars": 0.0934397639313637, "emerg": 0.0821602748772476, "obstet gynecol": 0.0510873153278, "gynecol": 0.0444714900659099, "clin infect": 0.044419467403886, "obstet": 0.0427284777044086, "transmission": 0.033900562533002, "clin": 0.0303372027488154, "2020": 0.0250973166544235, "cov infected": 0.0234198271496593, "delivery": 0.0226689969263673, "infection": 0.0216733985194866, "labor": 0.0214799531249851, "distribution": 0.0209930152424499, "cov pandemic": 0.0203427437535189, "cov infection": 0.020073805836882, "china": 0.0195775364099673, "wuhan china": 0.019277472229923, "implications": 0.0177057504144854, "rapid": 0.0176111189162378, "testing": 0.0172763005041728, "rna": 0.0169019324098693, "cov antibodies": 0.0168682045503239, "universal": 0.0168146260789717, "health equity": 0.0163360695541414, "genomes": 0.0157380339532105, "asymptomatic": 0.0156939992114537, "wuhan": 0.0156748804965821, "pathol": 0.0153534824035128, "june": 0.0151518797168295, "health": 0.0150787954797242, "isolates": 0.0148701654950263, "identifies": 0.0142939821212832, "addiction": 0.0142084535336977, "infected": 0.0141842496000918, "analyses": 0.0141256380436387, "review": 0.0136894454478673, "version": 0.0130674627603481, "analysis": 0.0129775208309001, "bayesian": 0.0129100796513058, "metropolitan": 0.0125877438391348, "characterization": 0.0125246423532129, "outside": 0.0125049886659064, "sequence": 0.0124844995748735, "evidence": 0.0123664710232855, "antibodies": 0.0123588932856602, "cov vaccination": 0.0123279280488855, "detected": 0.0123035663777683, "unit": 0.0120957581286563, "potential": 0.0120945841902434, "brain behav": 0.0119671482595046, "service": 0.0119256087597861, "mortality covid": 0.0118673539916071, "meta": 0.0118420413867216, "smoking": 0.0117950139295314, "uptake": 0.0115837180776584, "equity": 0.0115321805574006, "concern": 0.0111528290516653, "cardiothorac": 0.0110636550600036, "extracorporeal membrane": 0.0109761294189306, "membrane oxygenation": 0.0109761294189306, "clinical": 0.0109033275503656, "hospitalization": 0.0108586598913284, "variants": 0.0107987503837579, "multiple": 0.0107889049632301, "chains": 0.0107258177996639, "20": 0.0106663722792419, "emergence": 0.0106229686705094, "pandemic": 0.010553629069435, "lineage": 0.0105426607589955, "retrieval": 0.0100885216369255, "aerosol": 0.0099093929095855, "microscopy": 0.0097670378467109, "association": 0.0096451322724331, "chemother": 0.0096264400472124, "hospital": 0.0095242904250787, "pediatr": 0.0095090713725488, "reinfection": 0.0093427199962575, "individuals": 0.0092915569975018, "mechanisms": 0.0092915569975018, "extracorporeal": 0.0092886027868727, "electron": 0.0092707457800269, "area": 0.0092691699642451, "living": 0.0091915494244851, "control": 0.0091831626449489, "associated": 0.009154672787217, "geographical": 0.0090800362584538, "pregnancy": 0.0090718185964922, "numbers": 0.0090464378233691, "continuing": 0.009013154871206, "major": 0.0089337092070154, "october": 0.0088830628993628, "increased": 0.0087888816233424, "visualization": 0.0087268874910993, "rationale": 0.0086513066241343, "oxygenation": 0.0085481298656192, "provision": 0.0085336324696952, "observation": 0.0085048143567946, "pulmonary": 0.0084431852610939, "immune": 0.0084336310580858, "care patients": 0.0083641368324086, "cohort": 0.0083484071268015, "possible": 0.0083016441820596, "interdisciplinary": 0.0082421306189909, "weeks": 0.0082023775851788, "reproduction": 0.0081630654443799, "despite": 0.008150057692673, "blood": 0.008118599856106, "status": 0.0081006372966453, "behav": 0.0079115693277381, "screening": 0.0078553325884361, "relationships": 0.0078394731129061, "moderate": 0.007815763269572, "strategy": 0.0077957348662741, "dna": 0.0077688141280742, "med virol": 0.0077571733676539, "long": 0.0077034104660828, "demand": 0.0076881203716004, "mice": 0.0076881203716004, "clinical trials": 0.0076540918699825, "mortality": 0.0076372582902687, "outcomes": 0.0075881787490652, "systematic": 0.0075881787490652, "cycle": 0.0075320432186171, "mrna": 0.0074994738467889, "viral": 0.007451530996364, "cureus": 0.0073306510660651, "infant": 0.0073306510660651, "containment": 0.007320361919908, "epidemic": 0.007279750892667, "membrane": 0.0072693594808134, "surface": 0.0071206128297728, "high": 0.0071059059987164, "related": 0.0070614747161163, "usa": 0.0069685419654508, "spatial": 0.0068948851153681, "medical": 0.0068802399738651, "virol": 0.0068496149168619, "gene": 0.0067871925274654, "team": 0.0067871925274654, "care": 0.006774392167464, "adolescents": 0.006674103405082, "new": 0.0066569247343526, "child adolesc": 0.006512594501403, "identifying": 0.0064743543149468, "disease": 0.0064689334967256, "affected": 0.006450158942078, "temporal": 0.0064341199628467, "behav immun": 0.0064127199563354, "total environ": 0.0063886066023102, "sci total": 0.0063648169272524, "pain": 0.0063628293469309, "jama": 0.0063471798364674, "profile": 0.0063083556984726, "adolesc health": 0.0062727284646959, "trials": 0.0062319603197912, "old": 0.0060478790643281, "antibody": 0.0060335573948965, "covid 19": 0.0060261285337206, "covid": 0.0060200624605659, "brain": 0.0060192933580932, "surg": 0.0060050864919315, "19": 0.0059898354744174, "regional": 0.0059698164659824, "brazil": 0.0058524574655168, "drugs": 0.0058389025413033, "cov viral": 0.0057022236960481, "indian": 0.0056351711089311, "eur": 0.0055781520505408, "chronic": 0.0054607087725977, "workers": 0.0054607087725977, "women": 0.0054546340352716, "following": 0.0054244155371435, "age": 0.0054064073272212, "systematic review": 0.0054004248644302, "prevalence": 0.005394452481615, "primary": 0.0053884901448648, "pneumonia": 0.0053235579511565, "epitopes": 0.0053230801634438, "adolesc": 0.005297016396937, "cov virus": 0.0052841268551698, "information technology": 0.0052841268551698, "era": 0.0052426008969312, "viral rna": 0.0052086982725888, "jama netw": 0.005160138956077, "netw open": 0.0051482042026862, "vaccines basel": 0.0051482042026862, "interv": 0.0051245731301773, "low": 0.0051190045659483, "immun": 0.0051128747102703, "circ": 0.0050330790515222, "vaccination": 0.0050263654082614, "population": 0.0050156241625806, "emerging infectious": 0.0049674306508493, "liver disease": 0.0049460773301216, "infections": 0.0049413332439895, "cases": 0.0049308462293511, "experience": 0.0048943841024918, "bat": 0.0048733038853872, "bats": 0.0048733038853872, "kinase": 0.0048132200236062, "development": 0.004767141137767, "los": 0.0047646607070944, "obstetrics gynecology": 0.0047646607070944, "human": 0.0047571563188766, "anti inflammatory": 0.0047267490116515, "coronavirus outbreak": 0.0047173964612877, "virus": 0.0047076498107442, "approach": 0.0047027369778548, "june 2020": 0.0046988381327512, "effect": 0.0046831534564261, "time": 0.0046491405038253, "clearance": 0.0046264891411816, "med": 0.0046250438212065, "paediatr": 0.0046176497005081, "response": 0.0045678714791403, "biotechnol": 0.0045655193487742, "receptors": 0.0045484778311178, "induces": 0.0045148786413231, "case": 0.0045069580056135, "ethnicity": 0.0044983149302831, "digestive": 0.0044737560498148, "year old": 0.0044737560498148, "argentina": 0.0044575705110117, "wastewater": 0.0044495328365501, "microbiota": 0.0044020575644669, "longitudinal study": 0.0043942672038747, "new zealand": 0.0043942672038747, "zealand": 0.0043865109368734, "persistence": 0.0043787884663496,