{"res public": 0.4807483875154704, "int environ": 0.4651491903587387, "health online": 0.3944400396231238, "environ res": 0.3389453497100599, "environ": 0.2198820909966041, "public health": 0.1922185627182398, "res": 0.1834002890106499, "int": 0.1808508872666342, "public": 0.1697073333326706, "online": 0.1667957682792933, "health": 0.1538533092076474, "covid 19": 0.1076010800247873, "covid": 0.1074927657033618, "19": 0.1069530400175792, "contagion": 0.0278035545912319, "online covid": 0.0206129064527287, "analysis": 0.0193102869948641, "19 int": 0.0176855218554195, "system": 0.0172586376994145, "proposal": 0.0169835531217486, "pandemic": 0.0157035853629985, "spatial": 0.0153891731836822, "educational": 0.0153486015168054, "19 challenges": 0.0147828715121905, "relations": 0.0145944834457072, "quarantine": 0.0140628398802094, "immune system": 0.0140110932322326, "diseases covid": 0.0134113910938777, "pandemic int": 0.0132416286880112, "students": 0.013123364145381, "injury": 0.0126060912109926, "epidemiological": 0.0123112201475368, "close": 0.0121464753201172, "forecasting": 0.0117722542147359, "facing": 0.0114397667136219, "characteristics": 0.0111588945516667, "challenges": 0.0110641454227622, "china": 0.0109241159671861, "perceived": 0.0109232142699247, "fear": 0.0108166590269774, "hybrid": 0.0106827484596901, "19 pandemic": 0.010573443570749, "usa": 0.0103690486836442, "korean": 0.0103002823231555, "combination": 0.0102459075618244, "attitudes": 0.0102324010112036, "associated": 0.0102164751555039, "exercise": 0.0100208717049091, "sample": 0.0099436853741858, "production": 0.0098928483046116, "nutrition": 0.0098550395037438, "clinical": 0.0097343577532273, "dental": 0.0095977052903237, "focus": 0.0093867049485402, "higher": 0.0092730301791723, "urban": 0.0091178923733862, "cardiovascular": 0.0090420017815553, "unit": 0.0089991210158056, "complex": 0.0089778106630367, "action": 0.008935446538608, "wave": 0.0088829654574934, "psychological": 0.0088725316160392, "19 infection": 0.0085884619208633, "immune": 0.0083660476327995, "relationship": 0.0083660476327995, "understanding": 0.0083189132249635, "context": 0.0082721963107228, "italy": 0.0082629023785645, "year": 0.0081982994082504, "home": 0.008161735621366, "influence": 0.0080535409528856, "south": 0.0080091067799266, "measures": 0.0079826248575062, "sentiment": 0.0074561544044836, "detection": 0.0074313257791691, "diagnosis": 0.0073918176908029, "post": 0.0073918176908029, "prevention": 0.0073918176908029, "strategies": 0.0073604229246843, "classroom": 0.0073439182080456, "experience": 0.0072827439781241, "consequences covid": 0.007251377043907, "transmission": 0.0072061924872089, "diseases": 0.0071985980940536, "patient": 0.0071382334278678, "19 quarantine": 0.0071328333759916, "mediating": 0.0071328333759916, "hospital covid": 0.0070055466161163, "simulations": 0.0070055466161163, "role": 0.0069539272844001, "post pandemic": 0.0069508886478079, "time": 0.0069178264922953, "infectivity": 0.0069106259944784, "respiratory": 0.0068962840315706, "manufacturing": 0.0068578811849204, "responsible": 0.0068578811849204, "loneliness": 0.0068448581828127, "medical": 0.0068251047443272, "risk": 0.0067898721140798, "19 prevention": 0.0067806907210849, "northern italy": 0.0067429265545055, "marine": 0.0066811637182451, "articles": 0.0066689828533209, "scenarios": 0.0065970560520759, "assist": 0.0065501721049346, "employees": 0.0065155481602989, "cases covid": 0.006492715527906, "parallel": 0.0064700788861911, "infection": 0.0064499152190738, "ill patients": 0.0064143230552965, "preferences": 0.0064033119638609, "young adults": 0.0064033119638609, "labor": 0.0063923466567215, "leveraging": 0.0063814267547106, "patients": 0.006371485444749, "serial": 0.0063705518833514, "suicide": 0.0063489357576734, "decreased": 0.006338193777169, "published": 0.0063274953747985, "interventional": 0.0062956581361998, "microbial": 0.0062851305670591, "heterogeneity": 0.0062537976927168, "severity covid": 0.0062537976927168, "expanding": 0.0062023895820228, "wave covid": 0.0061519644784774, "fatigue": 0.0060927001289672, "spreading": 0.0060732376600586, "practitioners": 0.0060347383986821, "analysis covid": 0.0059967931027666, "curve": 0.0059686881912815, "twitter": 0.005959386056178, "pathogen": 0.0059133612829793, "main": 0.005904251938628, "optimizing": 0.0058861271073679, "critically ill": 0.0058236535666281, "men": 0.005814848374583, "underlying": 0.0058060724843958, "south africa": 0.0057886078340257, "industry": 0.0056945664977279, "extended": 0.0056861812678729, "coping": 0.0056778226156532, "radiation": 0.0056611843739162, "event": 0.0056364221960441, "3d": 0.005603763542529, "critically": 0.005603763542529, "behaviour": 0.0055956616849506, "security": 0.0055956616849506, "associated covid": 0.0055875846416763, "clinical characteristics": 0.0055875846416763, "satisfaction": 0.0055396350922223, "detecting": 0.0055238437122972, "fast": 0.0054925418306457, "variant": 0.0054693068559578, "influencing": 0.0054616071349623, "containment": 0.0054462748094041, "multidisciplinary": 0.0054386419457035, "19 disease": 0.0054234421770112, "adherence": 0.0053709224669001, "student": 0.0053709224669001, "2018": 0.0053561069640706, "distance": 0.0053340386129662, "behavioral": 0.0053267233445652, "equipment": 0.0053267233445652, "paper": 0.005319428312064, "biomedical": 0.0053121534038159, "19 vaccination": 0.0053048985090958, "ill": 0.0053048985090958, "reporting": 0.0052689204262742, "protect": 0.005261783337838, "country": 0.0052475668475194, "facilities": 0.0052404872390594, "pathway": 0.0052193617383646, "spanish": 0.0052193617383646, "transition": 0.0052053715062561, "utility": 0.0051914551015736, "disparities": 0.0051638406862431, "resilience": 0.0051638406862431, "reactions": 0.0051501411615777, "algorithm": 0.0051229537809122, "physician": 0.0051162005056018, "assess": 0.0051094644800556, "know": 0.0050960438273375, "travel": 0.0050960438273375, "vitamin": 0.0050893590263753, "concerns": 0.0050826911275826, "distress": 0.0050826911275826, "view": 0.0050826911275826, "residents": 0.0050760400457026, "depression": 0.0050496022045554, "mapping": 0.0050234267780724, "culture": 0.0050169233159169, "southern": 0.0050039643091638, "perceptions": 0.0049975086081002, "news": 0.0049846444237251, "solutions": 0.0049718426870929, "rehabilitation": 0.00494010761619, "northern": 0.0049338061733649, "programs": 0.0049212482802657, "aerosol": 0.0049149916876097, "19 epidemic": 0.0049025228579151, "theory": 0.0049025228579151, "confirmed": 0.0048963104815027, "modified": 0.0048963104815027, "gender": 0.0048901127052832, "anxiety": 0.0048654662402111, "day": 0.0048532288513493, "iran": 0.0047988526451618, "qualitative": 0.0047928794771098, "temporal": 0.0047869198077541, "ventilation": 0.0047691211851801, "reviews": 0.0047632149059643, "nature": 0.0047573218251488, "managing": 0.0047338803146447, "korea": 0.0047106453399568, "pressure": 0.0046991041724444, "neonatal": 0.0046933524742701, "consequences": 0.0046704703127696, "tertiary": 0.0046704703127696, "characterization": 0.0046591032582414, "illness": 0.0046477849895051, "decision": 0.0046421440192953, "aspects": 0.0046365150895861, "intensive": 0.0046308981490866, "older": 0.0046197000321861, "individuals": 0.0046085492647585, "point": 0.0045919110230214, "italian": 0.0045863881884007, "survival": 0.0045426170164556, "media": 0.00453719635151, "capacity": 0.0045263883340559, "pandemics": 0.0045102589102732, "simulation": 0.0045049042839309, "brain": 0.0044782930332233, "evaluating": 0.004467723269304, "prevent": 0.0044571957001634, "services": 0.0044467099902551, "behavior": 0.0044414827287467, "outcome": 0.004425862825821, "small": 0.0044155007198859, "patients covid": 0.0044103348953789, "natural": 0.004405179170242, "mass": 0.0043897721980793, "reduce": 0.0043795506637031, "assessing": 0.0043541688261165, "years": 0.0043440841003754, "africa": 0.0043390561625939,