{"open access": 0.3307473217066812, "disease 2019": 0.3075334854798525, "medical sciences": 0.2890012284001984, "coronavirus disease": 0.2738233276033096, "2019": 0.2378585404395281, "disease": 0.2172174507231397, "coronavirus": 0.215234940225395, "2019 patients": 0.1954225165258807, "access": 0.1942585097526732, "sciences": 0.18583815368745, "open": 0.1724462704878586, "care med": 0.1636385112196327, "fractures": 0.1596696130498029, "medical": 0.1540190190797203, "multicenter study": 0.1496787845029978, "crit care": 0.1435169320259669, "traumatic": 0.1332385547258976, "crit": 0.1320198483162434, "racial": 0.1232495917699821, "indonesia": 0.1229035941873596, "icu": 0.1162208815165199, "multicenter": 0.1145486755054285, "department": 0.1020233605989514, "special": 0.1011792128769638, "differences": 0.1004650673082203, "period": 0.0976912176600065, "region": 0.0927109947555913, "epidemiology": 0.0914775533683745, "university": 0.0909710701701968, "surgery": 0.0895754286009361, "comparative": 0.0886952108302656, "emergency": 0.0842087103641286, "population": 0.0842087103641286, "early": 0.0791206406334388, "virus": 0.0790380432342307, "med": 0.0776511482792185, "response": 0.0766912659120726, "care": 0.0758247706807813, "study": 0.072184721607304, "patients": 0.0718911998454381}