{"reactions weekly": 0.5255229686304421, "report reactions": 0.5155797635443293, "weekly": 0.3662715216270201, "reactions": 0.3288101459896753, "case report": 0.2472680308030503, "case": 0.2093229031079489, "report": 0.199112838657615, "heparin": 0.1496802011693291, "thrombocytopenia": 0.0856248659046775, "reports reactions": 0.0830863780782761, "label use": 0.0601178663508482, "case reports": 0.047016227095228, "clin exp": 0.0432104862198773, "ophthalmol": 0.0424073532340371, "induced": 0.0398589609517602, "label": 0.0385287150706424, "reports": 0.0333937287715814, "exp": 0.0332782330770269, "clin": 0.0320225634938802, "dexamethasone": 0.0290787856745363, "arch": 0.0286933419224586, "drug": 0.0280965212771498, "states america": 0.0278302222793679, "following": 0.0257659420933158, "acute": 0.0246394678409923, "sodium": 0.0240058256777096, "multiple": 0.0227765491152915, "use": 0.0214965230396557, "cov transmission": 0.0214414134087875, "exposure": 0.0204466169900685, "copd": 0.01774546511612, "covid 19": 0.0169624149983867, "covid": 0.0169453401468158, "19": 0.016860256883103, "hydroxychloroquine": 0.0168114962115817, "ocular": 0.0167794597014757, "failure": 0.0155521037796123, "thrombosis": 0.0154324197341635, "drugs": 0.0154081960778969, "remdesivir": 0.0152825395585553, "dis": 0.0144907533616566, "interaction": 0.0139288244449042, "america": 0.0138759404587968, "sars cov": 0.0138249924228759, "infection": 0.0137264688369239, "cov": 0.0136427029307503, "sars": 0.0134496464386998, "int": 0.0133638926501267, "off label": 0.0130576061621729, "syndrome": 0.0129020547486435, "lack": 0.0125458891767165, "tocilizumab": 0.0124502771595964, "19 infection": 0.0121850960733265, "patients": 0.0112996312653884, "states": 0.0112016550881615, "liver injury": 0.0111283504397107, "cov2": 0.0111225970340064, "feline": 0.0110484571598289, "transmission": 0.0102239665947891, "liver": 0.0099032731801172, "abuse": 0.0097857751696678, "poverty": 0.0096383067640849, "treatment": 0.0095737544541755, "19 positive": 0.0095490059512356, "bleeding": 0.009496430944088, "prophylactic": 0.0093263322692449, "thrombotic": 0.0092278653642243, "off": 0.0092117032378204, "proceedings national": 0.0091911018141466, "sciences united": 0.0091911018141466, "injury": 0.0089426042713141, "pulmonary": 0.0089122401413404, "united states": 0.0088820394065787, "2019 ncov": 0.0088433871021798, "interval": 0.0088142700179201, "possible": 0.0087628358528865, "soft": 0.0086859765427385, "elevated": 0.0086303394365859, "official publication": 0.0084418774049074, "efficacy": 0.0084382252368898, "ncov": 0.0084157127776898, "severe acute": 0.0083255511512063, "united": 0.0083098339263965, "chloroquine": 0.0078482774521741, "infections": 0.0078237680082215, "veterinary": 0.0077706726401396, "severe": 0.0077167071451874, "role": 0.0073995442514715, "publication": 0.0073458667193222, "reaction": 0.0072779253320746, "medical": 0.007262466590623, "hygiene": 0.0071829576337104, "academy sciences": 0.0070745163543281, "national academy": 0.0069861173952018, "adverse": 0.0069821446084613, "right": 0.0069644122224521, "preventive": 0.0068769894031395, "staff": 0.0068425843198401, "hand": 0.0068000181446444, "randomized": 0.0066997926935861, "inc": 0.006419370528982, "pregnancy": 0.0063838644895604, "reduce": 0.0062135975087212, "secondary": 0.0061136271146402, "official": 0.0060162584781957, "multisystem inflammatory": 0.005935101704585, "immune": 0.0059347701077913, "laboratory": 0.0057640743887941, "diagnostic": 0.0056378726629925, "placebo controlled": 0.0056187999245761, "positive": 0.0055946888610882, "publication american": 0.0055912882048976, "american association": 0.0055111003630748, "anim": 0.0054594898286407, "infection case": 0.0054468066395697, "science": 0.0054209118050431, "inflammatory syndrome": 0.0054092649806529, "lopinavir ritonavir": 0.0054092649806529, "low": 0.005403387058978, "american": 0.0053743603312018, "colitis": 0.0052893031717055, "graft": 0.0052893031717055, "acute kidney": 0.0052662070361005, "ritonavir": 0.0052320888280488, "idiopathic": 0.0052208529791247, "multisystem": 0.0051985817253507, "scan": 0.0051548191865785, "lopinavir": 0.0051333159242855, "placebo": 0.0051226562759443, "pneumothorax": 0.0051015174835469, "refractory": 0.0051015174835469, "viral infection": 0.0050910369899044, "bovine": 0.0050702505180245, "kidney injury": 0.0050599432565657, "development": 0.0050319761196306, "dermatitis": 0.005029357890476, "universities": 0.005029357890476, "high": 0.0050004462158117, "2019": 0.0049847803459831, "retinal": 0.0049794679146313, "allergic": 0.0049598785919498, "card": 0.0049598785919498, "glycoprotein": 0.0049598785919498, "randomized trial": 0.0049598785919498, "pulmonary embolism": 0.0048835103059401, "transient": 0.0048648955929302, "associated": 0.0048316269140173, "risk": 0.0048166508041841, "2003": 0.0047922354612016, "alveolar": 0.0047922354612016, "vein": 0.004783348208277, "urinary": 0.0047137303808735, "federation": 0.0046967233253598, "generalized": 0.0046882774273921, "embolism": 0.0046714991694353, "societies": 0.0046466105998307, "requiring": 0.004630200290899, "use covid": 0.0046058516189102, "beta": 0.0045115074326754, "absence": 0.0044735596158711, "faseb": 0.004443746025177, "neurosurgery": 0.0043926888891266, "repair": 0.0043783534686169, "complicated": 0.0043641270637667, "arterial": 0.0043151697182929, "market": 0.0043151697182929, "peak": 0.0043151697182929, "cutaneous": 0.0042607436769352, "visits": 0.0042607436769352, "nuclear": 0.0042143861100371, "ratio": 0.0042078563888449, "respiratory syndrome": 0.0042078563888449, "hospitalized patients": 0.0041819630589055, "recurrent": 0.0041819630589055, "reactive": 0.0041691495620838, "vet": 0.0041564232325817, "smart": 0.0041249810937624, "leading": 0.0041002024106874, "psychiatric": 0.0041002024106874, "impairment": 0.0040757476412522, "improves": 0.0040456219786228, "cerebral": 0.0040277767251302, "place": 0.0040277767251302, "spontaneous": 0.0039925889186679, "venous": 0.0039867880978269, "inhibitor": 0.0039810052084545, "mrna": 0.0039580507704994, "19 associated": 0.0039297482152144, "proceedings": 0.003924138726087, "letter editor": 0.0038908304891357, "weight": 0.0038635195920888, "emergency department": 0.0038366016712479, "delayed": 0.0038206348896388, "hepatitis": 0.0037839006306785, "19 pneumonia": 0.0037683755355836, "surface": 0.0037580965909199, "search": 0.0037377065991817, "academy": 0.0037275943409256, "tract": 0.0037175364499119, "pediatrics": 0.0036729333596611, "bacterial": 0.0036582988921585, "comment": 0.0036103279760365, "fight": 0.0035914788168552, "tissue": 0.0035821249812565, "improvement": 0.0035774655436739, "culture": 0.003558942984218, "serum": 0.003554340858349, "renal": 0.0035497500260517, "target": 0.0035497500260517, "fever": 0.0035406020214057, "editor": 0.0034910723042306, "gastrointestinal": 0.0034866339552394, "maternal": 0.0034777887225801, "pract": 0.0034602227416666, "parameters": 0.0034515012190064, "biology": 0.0034428201675945, "acid": 0.0034255779881915, "organ": 0.003408493273813, "hospitalized": 0.0034042463634255, "acute respiratory": 0.0033831552356068, "deep": 0.0033789653946118, "site": 0.0033789653946118, "canada": 0.0033747849163977, "letter": 0.0033540215154377, "resistance": 0.003329405854734, "flow": 0.0033212720887804, "complications": 0.0033172184290745, "kidney": 0.0033091373658725, "ct": 0.003301091060039, "illness": 0.0032970808479518, "individuals": 0.0032692475129525, "area": 0.0032613706035372, "of": 0.0032613706035372, "protein": 0.0032574445512625, "cost": 0.0032263292689518, "department": 0.0032071417856494, "increase": 0.0032071417856494, "controlled": 0.0031919322447802, "north": 0.0031919322447802, "reply": 0.0031806056921846, "events": 0.0031693473038088, "contact": 0.0031396520259924, "inflammatory": 0.0031359730410853, "food": 0.0030816392155793, "severity": 0.0030532937759952, "value": 0.0030532937759952,