{"patients hospitalized": 0.2682225026911407, "supplementation": 0.2624517399398997, "rationale": 0.256980895680699, "ill patients": 0.2560961000166102, "2019 novel": 0.2505193553634228, "critically ill": 0.2325132291286404, "shared": 0.2325132291286404, "nutritional": 0.2290494278071503, "critically": 0.2237339741521012, "ill": 0.2118015895756244, "disease covid": 0.2078279080111223, "nutrition": 0.1967344925303076, "feasibility": 0.1918363970873442, "hospitalized": 0.1915973730019023, "protocol": 0.1698843373615946, "novel coronavirus": 0.1679594196829515, "coronavirus disease": 0.1614865262355041, "non": 0.1424993507596766, "2019": 0.1402763956132798, "early": 0.1399835162466336, "novel": 0.1385312164707701, "disease": 0.1281033718421135, "patients": 0.1271928900092941, "coronavirus": 0.1269341919321753, "covid 19": 0.1193345680109915, "covid": 0.1192144424253214, "19": 0.1186158617090083, "response": 0.027137073162778}