{"zhonghua": 0.5278502031581648, "zhi zhonghua": 0.368896026775437, "xue za": 0.2978907650651707, "zazhi": 0.2856358896192251, "bing": 0.2828731171534372, "za zhi": 0.242486371546796, "zhi": 0.233769843019985, "za": 0.218430261677291, "xue": 0.2151895663577902, "severe acute": 0.159819252663636, "respiratory syndrome": 0.1557803731593437, "acute respiratory": 0.1298876991035991, "acute": 0.1013539420872334, "severe": 0.0987544925710864, "syndrome": 0.0955302043384475, "respiratory": 0.0939106420706054, "beijing": 0.0498271769178624, "patients": 0.0433820798505906, "oncol": 0.0365189521863713, "airway": 0.0356813552871315, "staff": 0.0328379674937889, "study": 0.0311137163170905, "safe": 0.0292721555703471, "oral": 0.0284491055785366, "corona": 0.0283208492685897, "19 patients": 0.0279727962960822, "method": 0.0279414871215421, "management": 0.0267203872365461, "covid 19": 0.0232581812575497, "covid": 0.023234768907786, "19": 0.0231181061584307, "measures": 0.0194114225228641, "syndrome sars": 0.0172112971501911, "patients severe": 0.0171760195189877, "epidemic": 0.0140483035521085, "transmission": 0.0140186918110042, "factors": 0.0136413197290557, "antibody": 0.01309885501734, "analysis": 0.0125218674838132, "coronavirus": 0.012369669966322, "sars": 0.0122944095225037, "nosocomial": 0.0122885748775257, "result": 0.0122679300585774, "epidemiological": 0.0119749230520895, "igg": 0.0119291121247376, "effectiveness": 0.011881644990278, "close": 0.0118146784453049, "evaluate": 0.011277928321273, "characteristics": 0.0108540747384267, "prognosis": 0.0103909352002946, "transplant": 0.0103909352002946, "related": 0.0102203092317486, "control": 0.009968324506914, "infection": 0.0094105910115289, "severity": 0.0083731072587718, "haemost": 0.0082530196347242, "thromb haemost": 0.0082530196347242, "acute lung": 0.0080278650729191, "blood": 0.0078335479385406, "application": 0.0077134367195662, "epitopes": 0.0077042724817266, "enteric": 0.0076109852815025, "coronavirus pneumonia": 0.0073499009357905, "transplant recipients": 0.0073007278908218, "cases": 0.0071365791515411, "sars coronavirus": 0.00711295271968, "patients sars": 0.0069521235968236, "universities": 0.006896053270534, "hospital": 0.0068924125108829, "syndrome coronavirus": 0.0068684711199089, "thromb": 0.0068276461421126, "early": 0.0068206598645278, "model": 0.0067218628247738, "system": 0.006714878166669, "associated": 0.0066249325078863, "generating": 0.0065831645423415, "library": 0.0065831645423415, "2003": 0.0065709205320165, "lung injury": 0.0065466064609426, "syndromes": 0.0065466064609426, "coagulation": 0.0063375674325321, "contacts": 0.0063375674325321, "recipients": 0.0062933402111722, "control measures": 0.0062606631413358, "clinically": 0.0061546515550552, "indirect": 0.0061546515550552, "personal protective": 0.0061546515550552, "hypothesis": 0.006093085832761, "peptide": 0.0059936503095402, "district": 0.0059839155149617, "iii": 0.0059549308529785, "assay": 0.0059357881126987, "gas": 0.0058979259449591, "psychosocial": 0.0057607213012021, "timing": 0.0057518300781137, "physiology": 0.0056991203749979, "computer": 0.0056645728454746, "antigen": 0.0056136086135639, "trend": 0.0056052121566634, "serological": 0.0055718985028076, "fatality": 0.0055146208214197, "convalescent": 0.0053960273457918, "detecting": 0.0053729526898081, "proc": 0.005319905579096, "influencing": 0.0053124161860595, "three": 0.0052752937538981, "coronavirus infection": 0.0052605939125643, "hospitalization": 0.0052387009037681, "poor": 0.0052242086884243, "management covid": 0.0051459328000332, "analyses": 0.0051111274452435, "efficiency": 0.005090468686926, "changing": 0.0050631799689999, "involvement": 0.0049438507654757, "follow up": 0.0049244913128828, "onset": 0.0048925467494412, "rna": 0.0048925467494412, "serum": 0.00487356923778, "epidemics": 0.0048360302952541, "chain": 0.0048051621093586, "successful": 0.0048051621093586, "parameters": 0.0047325596602807, "expression": 0.0047147256466629, "ventilation": 0.0046388463965571, "follow": 0.0045819678955991, "quarantine": 0.0045595649995492, "liver": 0.0045263232994457, "illness": 0.004520824657913, "dynamic": 0.0044880780605095, "cost": 0.0044238129382494, "media": 0.0044132568933408, "personal": 0.0044079951165363, "risk factors": 0.0043870552835763, "simulation": 0.0043818469258625, "special": 0.0043611186086805, "distribution": 0.0043405564521403, "intervention": 0.0043405564521403, "major": 0.0043100190046626, "course": 0.00426985982366, "mass": 0.00426985982366, "period": 0.0042107758612413, "scale": 0.0041913798119813, "19 infection": 0.0041769284199956, "dynamics": 0.0041673391927804, "up": 0.0041673391927804, "city": 0.0041482676157608, "recovery": 0.0041387847388138, "program": 0.0041340564143547, "novel coronavirus": 0.0040918891860185, "injury": 0.0040872464421397, "specific": 0.0040733684175242, "relationship": 0.0040687590446887, "preliminary": 0.0040595650732232, "features": 0.0040504039374401, "region": 0.0039961137565831, "year": 0.0039871760635939, "protective": 0.0039827188682192, "chronic": 0.0039517334922334, "laboratory": 0.0039517334922334, "lung": 0.0039517334922334, "epidemiology": 0.0039429488422341, "multi": 0.0039385677732054, "status": 0.0039081080309848, "general": 0.0038822845045728, "investigation": 0.0038737341123466, "methods": 0.0038737341123466, "test": 0.0038609617276536, "pneumonia": 0.0038524819999552, "screening": 0.0037897621200294, "systematic": 0.0036608752155896, "diagnosis": 0.0035949502568252, "post": 0.0035949502568252, "prevention": 0.0035949502568252, "comparison": 0.0035796816683342, "china": 0.0035419031461131, "assessment": 0.003500979481569, "outbreak": 0.0034679753984818, "effects": 0.0034246203051169, "evaluation": 0.0034067697439162, "role": 0.0033819858284793, "novel": 0.0033749484707244, "risk": 0.0033021989341934, "case": 0.0032615357530593, "impact": 0.0032481233549576, "health": 0.0031177209302299}