{"br dent": 0.6847374916229807, "dent": 0.4406283804711449, "br": 0.3638092494704201, "dental": 0.3311389533637586, "british": 0.2150353487588736, "dentistry": 0.0604126716178179, "association": 0.0521224039745104, "care": 0.0512524487342606, "doctors": 0.0468142567977298, "primary care": 0.0454990790131552, "official publication": 0.0432190015499119, "covid": 0.0412078151929286, "education": 0.0393205249009392, "national": 0.0392770216631161, "publication": 0.0376078696598079, "ppe": 0.0340325227202198, "family": 0.0332336877861743, "world": 0.0330530189219973, "primary": 0.0320314079093192, "pandemic": 0.031937881331373, "course": 0.0318853534520951, "official": 0.030800812665517, "internet res": 0.030301675501528, "med internet": 0.0288371943477726, "19": 0.0258953109626709, "pandemic br": 0.024044023707756, "covid 19": 0.0238811956581867, "future": 0.0216604261348597, "prim care": 0.0200549003696629, "support": 0.0198750755860345, "res": 0.0194270147654038, "based": 0.0192256291120555, "practice": 0.0191569646712022, "career": 0.0189304179489018, "health": 0.0186253671887828, "prim": 0.0181312514739818, "workforce": 0.0171279689818233, "internet": 0.0167170418741496, "success": 0.0166929449624019, "study": 0.0162640067371059, "trust": 0.015913081736194, "cns": 0.0155745804744492, "team": 0.0146712260973518, "res public": 0.0145497605625206, "int environ": 0.0140776537609337, "strong": 0.0140013317203414, "coronavirus": 0.0138556527117039, "post": 0.0134227192830086, "web based": 0.0131709555379567, "potential": 0.0130718539727929, "disord": 0.0129455724895324, "access": 0.0125053044111126, "med": 0.0124968945805823, "new": 0.0119913655382943, "partner": 0.0113398018164847, "open": 0.0111011512945165, "hygiene": 0.0110321522884407, "general practice": 0.0110268915854826, "study med": 0.0109036970237997, "web": 0.0105755089553544, "online": 0.0105350460826545, "cystic": 0.0104256209847081, "marketing": 0.0103830536496328, "south african": 0.0103200765480359, "environ res": 0.0102581179888044, "19 pandemic": 0.0102401057198859, "approach": 0.0101654575436437, "masks": 0.0100666341023361, "time": 0.0100496031627159, "epithelial": 0.0098137237437168, "child": 0.0096782867265477, "students": 0.0095322282199314, "reopening": 0.0095155075622955, "royal": 0.0094986678835674, "off": 0.0094320397564943, "crises": 0.0093021622088301, "training": 0.0092297093675328, "providing": 0.0091304787847957, "referral": 0.0091304787847957, "oral": 0.0091047798579222, "plant": 0.0090102800394479, "wearing": 0.0089955169354666, "stress": 0.0088825664351234, "interactive": 0.0088367702015962, "screen": 0.0087528758839545, "2021": 0.0087358385207234, "south": 0.0087261885921528, "general": 0.0086973356556553, "led": 0.0086572661261038, "app": 0.0086170098459651, "contamination": 0.0084472946352451, "healthcare": 0.0084439781499482, "surge": 0.0084345458023742, "leading": 0.0083965518968299, "learning": 0.0082900035659805, "leadership": 0.0082240652395936, "republic": 0.0080821593594667, "sustainable": 0.0080705677598752, "pharmacy": 0.0079453226441446, "professional": 0.0078567401833942, "student": 0.0078023985525187, "public": 0.0077042413343969, "paediatric": 0.0076646153218756, "reporting": 0.0076542190583932, "best": 0.0076129138524186, "lab": 0.0075822246035869, "role": 0.0075765353874266, "management": 0.0074825845572238, "groups": 0.0073165532046741, "impact": 0.0072766483331567, "post covid": 0.0071673948716838, "tools": 0.0071673948716838, "right": 0.0071309953509016, "19 epidemic": 0.0071219492528561, "planning": 0.0070949384189264, "resources": 0.0070770364202654, "better": 0.0068600463361352, "environ": 0.006654690601295, "free": 0.006654690601295, "school": 0.0065598976231588, "complex": 0.0065210824913001, "intervention": 0.0064826566852788, "small": 0.0064144467989997, "african": 0.0063400557093063, "britain": 0.0063089905884687, "uk": 0.0062961047024903, "practices": 0.00628882830763, "times": 0.0062454577982921, "importance": 0.006216814519125, "face": 0.0061671983858473, "family medicine": 0.0060939414073961, "com": 0.006011005926939, "technology": 0.0059482233168321, "effectiveness": 0.0059151114361811, "virtual": 0.0058303364542062, "public health": 0.0058174590614352, "screening": 0.0056600408297675, "activity": 0.0055867176204273, "social": 0.0055806702304703, "long": 0.0055505756472582, "int": 0.0054734184774863, "classroom": 0.0053342956586509, "open access": 0.0053229276112128, "students covid": 0.0052561007047772, "epidemic": 0.0052453141632333, "global": 0.0052287415891171, "headache": 0.005212810492354, "at home": 0.0051704770484687, "development": 0.0051523369336544, "covid era": 0.0051290589944022, "long covid": 0.0051086810323082, "evaluation": 0.0050880385727304, "postgraduate": 0.0050586648651672, "phenotype": 0.0050292702673045, "model": 0.005019578648385, "knee": 0.0049812599753885, "res covid": 0.0049623877993725, "medical": 0.0049574526262583, "risk": 0.0049318612101712, "modification": 0.0049251922545258, "use": 0.0048912672330894, "case": 0.0048711304154148, "based approach": 0.0048617889600314, "pandemic case": 0.0048617889600314, "range": 0.0048529002648649, "vital": 0.0048440526261735, "face mask": 0.0048352456664243, "politics": 0.0048264790132681, "authors reply": 0.0048177522994447, "study int": 0.0047832376652821, "advice": 0.0047747053109913, "fit": 0.0047747053109913, "recruitment": 0.0047160198782471, "creating": 0.0047077811112618, "nhs": 0.0046995776281831, "parallel": 0.0046995776281831, "2013": 0.0046832753138588, "analysis": 0.0046753779642751, "suicide": 0.0046115846459329, "feature": 0.0046037821489079, "undergraduate": 0.0046037821489079, "doctor": 0.0045960113051019, "experts": 0.0045960113051019, "induction": 0.0045960113051019, "wellbeing": 0.0045882718587302, "london": 0.0045805635570961, "antibiotics": 0.004542480585608, "severity covid": 0.004542480585608, "development validation": 0.0045274568978388, "rise": 0.0045274568978388, "waste": 0.0045274568978388, "at": 0.0044830801555165, "qualitative study": 0.0044757829643253, "face masks": 0.0044685134665259, "views": 0.0044612714527157, "highlights": 0.0044540567158582, "soft": 0.0044468690512478, "week": 0.0044325741313893, "environments": 0.0044254664780724, "spreading": 0.0044113298060038, "practitioners": 0.0043833656543065, "disinfection": 0.0043695351944312, "physical activity": 0.0043626572323875, "complete": 0.0043085049229825, "inpatient": 0.0043018422714962, "preparing": 0.0042885860914546, "today": 0.0042819922454558, "effect covid": 0.0042623458130141, "balance": 0.0042364601437977, "programme": 0.0042364601437977, "trend": 0.0041857151796611, "demand": 0.0041546689510783, "green": 0.0041485196348144, "improves": 0.0041423899963962, "reduces": 0.0041241178988197, "alcohol": 0.0041180657283153, "14": 0.0041000231110463, "authors": 0.0041000231110463, "measuring": 0.0040940464747745, "antibiotic": 0.0040585730467129, "enhance": 0.0040008725885697, "restrictions": 0.0039951969981326, "behaviors": 0.0039895381746046, "nigeria": 0.0039895381746046, "engagement": 0.0039838960192112, "south korea": 0.0039838960192112, "options": 0.0039670685870886, "one": 0.0039503876946968, "aged": 0.0039393472585357, "efficient": 0.0039338508118056, "symptom": 0.0039283700916971, "artificial intelligence": 0.0039174554731571, "hospitalization": 0.0039120213975379, "accuracy": 0.0038958110578791, "2018": 0.0038904379537357, "diversity": 0.0038904379537357, "sensitivity": 0.0038744084847036, "equipment": 0.003869094998991, "problem": 0.003869094998991, "microbiology": 0.0038637962117362, "management covid": 0.0038427464353886, "collaborative": 0.0038323076609378, "academy": 0.0038167553938714, "case series": 0.0037911123017934, "pathway": 0.0037911123017934, "devices": 0.0037758896227014, "opportunity": 0.0037708421616224, "daily": 0.0037658079658966, "resilience": 0.0037507842781274, "routine": 0.0037458024538079, "editorial": 0.0037408335525232,