{"proc natl": 0.4976015023256415, "natl acad": 0.4908117713494274, "acad sci": 0.4217353667855511, "natl": 0.2969311409173841, "proc": 0.2322739785372183, "acad": 0.2187194482103087, "sci": 0.1649261881580569, "covid": 0.1227818832989376, "covid 19": 0.1208907576305416, "19": 0.1201626789957525, "proceedings national": 0.0960736772497741, "sciences united": 0.0960736772497741, "academy sciences": 0.0739492190019959, "national academy": 0.0730251934346535, "states america": 0.0727266395020808, "united states": 0.0478282525625737, "states": 0.0452392376472632, "united": 0.0447470245955404, "sciences": 0.0444106936045824, "america": 0.0428538593822029, "proceedings": 0.0410186335737412, "academy": 0.0389641745755617, "pharmacological sciences": 0.0384452573576903, "pandemic": 0.0381091304685857, "19 pandemic": 0.0380139412351525, "european review": 0.0357048923113095, "medical pharmacological": 0.0318195071639875, "national": 0.0286405705325214, "review medical": 0.0278180160943274, "social": 0.0233065151373024, "opinion": 0.0229588548688518, "transmission": 0.0218597953372374, "data": 0.021360480703011, "risk": 0.0205968984374559, "respiratory syndrome": 0.0199928664598115, "syndrome coronavirus": 0.0190404037358913, "pharmacological": 0.0186982185409457, "sci covid": 0.0184216768216615, "airborne": 0.0158229385215392, "severe acute": 0.0158229385215392, "spread covid": 0.0156556161258181, "drugs": 0.0146418498211412, "data driven": 0.0142803028019184, "19 cases": 0.013813640466911, "review": 0.0137312656249706, "news": 0.0134407002033252, "spread": 0.0134231949470494, "sars cov": 0.0131373888163678, "cov": 0.0129641657243081, "acute respiratory": 0.0128595588038815, "sars": 0.0127807111427783, "european": 0.0126043013962545, "impacts": 0.0125629041486495, "spike": 0.012441214937493, "syndrome": 0.0122603546228733, "local": 0.0119339897345068, "human": 0.011929222641407, "acute": 0.0117069962627932, "respiratory": 0.0116220534387748, "spike glycoprotein": 0.0115722160898851, "dynamics": 0.0115524720639715, "medical": 0.0115020976080276, "profiles": 0.0110762825087671, "infection": 0.0108698045220406, "coronavirus": 0.010715790408755, "identify": 0.0104152118195385, "social distancing": 0.0103876502321381, "mortality": 0.0102141193500306, "driven": 0.0101853571330651, "benefits": 0.0101589553202728, "evidence": 0.0099233996942185, "cases": 0.0098918191520537, "coronavirus sars": 0.0097968753776817, "severe": 0.0097772091824681, "distancing": 0.0097411994357915, "global": 0.0097052257535049, "consequences": 0.0094451658854065, "glycoprotein": 0.0094263854259487, "conservation": 0.0092635125129368, "protease": 0.0090908845855467, "use": 0.009078829371996, "differences": 0.0090032440197123, "contact": 0.0089504923008801, "19 infections": 0.0088467083253657, "transmission covid": 0.008831011006881, "use covid": 0.0087535474446984, "indoor": 0.0087230284859687, "guideline": 0.0087078666853314, "severity": 0.008704302963553, "correction": 0.0085951555108208, "seeking": 0.0085021228611531, "heterogeneity": 0.0084314359034297, "exposure": 0.0083270050508592, "face masks": 0.008294143291662, "variations": 0.008294143291662, "reveal": 0.008280701170314, "protective": 0.0082805081975562, "responses": 0.0081434015389138, "density": 0.008097660326838, "timing": 0.007972455950938, "forecasting": 0.0079357385485959, "lead": 0.0078634220855089, "forward": 0.0078396398104717, "measuring": 0.0075990837576917, "vaccination": 0.0075625808377527, "needed": 0.0075441300074168, "il": 0.0073633962514934, "mobility": 0.007221159810153, "climate": 0.0072112145257343, "search": 0.0071036140017992, "approach": 0.0070756552031137, "effect": 0.0070461901817985, "water": 0.0070085431808117, "disparities": 0.0069619443897723, "properties": 0.0069342754807836, "spatial": 0.0069159484460728, "way": 0.0068977153965683, "concerns": 0.0068525377002604, "utilization": 0.0068257040871434, "impact": 0.0067532037679141, "cov infection": 0.0067117099106269, "mediated": 0.0067030906655294, "structure": 0.0066688211292657, "gender": 0.0065929014434158, "device": 0.0065762483129169, "mobile": 0.0065104050078462, "identifying": 0.0064941329571943, "rural": 0.0063744099669607, "masks": 0.0062283282300307, "internet": 0.0062058016275694, "protein": 0.0061908627952494, "italian": 0.0061834168514569, "virtual screening": 0.006161756115335, "outbreaks": 0.0061025244160152, "east respiratory": 0.0061000949596199, "cov spike": 0.0060405010521352, "policy": 0.0060021626798082, "behavior": 0.0059880537848594, "impact covid": 0.0059252475751541, "initial": 0.0058297022554857, "modeling": 0.005809558083404, "19 infection": 0.0057895274002178, "face": 0.0057235619298796, "immune": 0.0056395967575939, "relationship": 0.0056395967575939, "retrospective": 0.0056395967575939, "crisis": 0.0056268532426557, "cell": 0.0055327055477482, "information": 0.0055265167962092, "cov vaccine": 0.0055193423824675, "induced": 0.0054109321088589, "regulates": 0.0053792921639191, "syndrome associated": 0.0053792921639191, "transmission sars": 0.0053262220011161, "positive": 0.0053164298848439, "sir": 0.0053002694463186, "large": 0.0052186995173581, "learning": 0.0051291089665283, "life": 0.0050851462813855, "perspective": 0.0050851462813855, "safety": 0.0050742400247924, "air quality": 0.0050484547114136, "welfare": 0.0049934125923011, "post": 0.0049828632242472, "prevention": 0.0049828632242472, "viral": 0.0049828632242472, "challenges": 0.0049722657890946, "infections": 0.0049564286276686, "housing": 0.0049191090662979, "spike protein": 0.0049087433317933, "vaccine": 0.004888604591234, "hematological": 0.0048678744415317, "bcg": 0.0048279240314925, "hospital": 0.0047766931909025, "model covid": 0.0047224758590338, "traffic": 0.0047224758590338, "virus": 0.0047220313099492, "time": 0.0046633432617083, "model": 0.0046584960396058, "vaccine development": 0.0046584893682184, "leaders": 0.0046495335889211, "of care": 0.0046229338143871, "trainees": 0.0046229338143871, "control": 0.004605608241594, "associated": 0.004591319795593, "response": 0.0045818259665569, "19 prevention": 0.0045708993162977, "point of": 0.0045370369890262, "induces": 0.004528671239796, "infrastructure": 0.0045203446745466, "peptides": 0.0045203446745466, "enhancement": 0.0045038076396609, "research covid": 0.0044955964544817, "excess": 0.0044792869966853, "lipid": 0.0044792869966853, "sense": 0.0044711880376625, "microbiome": 0.0044550999782637, "covid pandemic": 0.0044312376276232, "influences": 0.0044076913439105, "lesson": 0.0044076913439105, "priorities": 0.004392165320062, "19 severity": 0.0043691276097846, "impacts covid": 0.0043691276097846, "middle east": 0.0043017533743884, "hypothesis": 0.0042227306567879, "county": 0.0042017749905869, "rise": 0.0042017749905869, "disruption": 0.0041742129124285, "entry": 0.0041742129124285, "immune response": 0.0041742129124285, "19 transmission": 0.0041538182134377, "assay": 0.0041137176011736, "cold": 0.004094001483028, "19 mortality": 0.0040680489282305, "political": 0.0040616195598093, "enzyme": 0.004042469804467, "retrospective analysis": 0.004042469804467, "business": 0.0040298169508342, "tocilizumab": 0.0039436822558763, "predicts": 0.0039376865725176, "acceptance": 0.0039139040314545, "address": 0.0039139040314545, "big": 0.0038904354605101, "types": 0.0038788163444366, "benefit": 0.0038672726777008, "memory": 0.0038330847311536, "annual": 0.0038218333111217, "radiation": 0.0038162341933255, "inhibition": 0.0038106526552058, "fatal": 0.0038050885867177, "tumor": 0.0038050885867177, "event": 0.0037995418788458, "household": 0.0037940124235924, "large scale": 0.0037885001139642, "significance": 0.0037885001139642, "persons": 0.0037557804461961, "compliance": 0.0037342971825629, "implementing": 0.003702551366982, "emergencies": 0.0036765228137052, "retrospective study": 0.0036713625243612, "increases": 0.0036610866666701, "coronavirus infection": 0.0036457834005977, "processing": 0.0036457834005977,