{"x000e4": 0.7357455718229792, "und": 0.4805481959481348, "der": 0.2939178679782082, "die": 0.1884292293304118, "dtsch": 0.1664464278398572, "an": 0.1460008583093953, "berl": 0.1410708384878094, "f\u00fcr": 0.1332790203943943, "des": 0.0576111056336551, "von": 0.0496722504087516, "mit": 0.0458196965826473, "auf": 0.0408331158877821, "den": 0.0407213726839565, "das": 0.0364106027404437, "bei": 0.0360182850142297, "en": 0.0337022460853682, "amp": 0.0229528661495835, "global": 0.0226478789597471, "zur": 0.016451502936332, "mmw": 0.0154697475421673, "dr": 0.0135942533475303, "abstracts": 0.0131606548370892, "gastroenteritis": 0.01054219691541, "september": 0.0091753171348132, "intubation": 0.0087737698913928, "corona": 0.0087241866325446, "face masks": 0.0086022272085518, "25": 0.0080457880511014, "fortschr med": 0.0079746594012805, "mmw fortschr": 0.0079746594012805, "virology": 0.0076261727025405, "fortschr": 0.0072270825626442, "med": 0.0072172408602183, "rna": 0.0070333210189757, "general virology": 0.0070328239701352, "reconstructive surgery": 0.0067751377008284, "coronavirus": 0.0066682954880703, "masks": 0.006459677953481, "plos pathog": 0.0060186752963413, "reconstructive": 0.0060186752963413, "face": 0.0059361622329985, "identification": 0.0059226300978451, "crisis": 0.0058358613253234, "klin": 0.0053932458514365, "pathog": 0.004946799804748, "pandemie": 0.0049270803510482, "psoriasis": 0.0049075695727316, "virus": 0.0048974300040021, "2020": 0.0047471033721557, "polymerase": 0.0046372692199323, "suppression": 0.0046040475761674, "plastic": 0.0045473122890967, "sars cov": 0.0045417912998558, "2013": 0.0045078300235421, "rethinking": 0.0045000340231509, "cov": 0.0044819054927561, "n95": 0.0044691755397257, "compounds": 0.0044388250380082, "man": 0.0044388250380082, "sars": 0.0044184825071112, "pandemic": 0.0043916316407222, "postoperative": 0.0043868849456964, "set": 0.0043795829506254, "di": 0.0043723097603435, "pro": 0.0043578488913466, "rise": 0.0043578488913466, "notes": 0.0043363680501711, "silico": 0.0042733874976512, "24": 0.0042124874214919, "genome": 0.0041406862608756, "diverse": 0.004059285036091, "facial": 0.0040531697689741, "trend": 0.0040289095328298, "financial": 0.003987207401563, "14": 0.0039464276683667, "18": 0.0039065304101537, "emotional": 0.0039009006306787, "april": 0.0038785518558877, "gut": 0.0038785518558877, "17": 0.0038509915318775, "stem": 0.0038238371184389, "30": 0.0038023979077396, "remdesivir": 0.0037654688923317, "amid": 0.0037498658259073, "20": 0.0036987891151826, "month": 0.0036887413990598, "causes": 0.0036737717524519, "targeting": 0.0036737717524519, "transplantation": 0.0036589226680648, "situation": 0.0036441922194407, "synthesis": 0.00362957852593, "pediatrics": 0.0036199000189518, "15": 0.0035959237207992, "hygiene": 0.0035396215950944, "groups": 0.0035212299079741, "brief": 0.0034715787685888, "antiviral": 0.003410260721227, "19 vaccine": 0.0033718922566231, "hospitals": 0.0031421155426596, "update": 0.0030870741016846, "food": 0.0030371435478229, "plos": 0.0030057449420702, "therapeutic": 0.0029680811164992, "year": 0.0028658989530999, "effective": 0.0028467594939068, "general": 0.0027905050892742, "surgery": 0.0027751787221725, "network": 0.0027660436844323, "de": 0.0027269733268011, "activity": 0.0026887137456866, "open": 0.0026713197360626, "critical": 0.0026201011273622, "future": 0.0026061226574833, "vaccine": 0.0025350953044686, "data": 0.0024615456128999, "2019": 0.0024564026490477, "research": 0.0024082469556135, "covid 19": 0.0020896869191969, "covid": 0.0020875833806396, "19": 0.0020771015369139}