{"nan nan": 0.8149981230559218, "nan": 0.5794315832406294, "neuroradiology": 0.002166584688298, "predict": 0.0012950584998635, "graft": 0.0010641104538718, "das": 0.0010617800245633, "human": 0.0010102206297697, "federal": 0.001001777302353, "innate": 0.001001777302353, "clinical": 0.0009261639253525, "inter": 0.0009217770125557, "structures": 0.000912288363838, "molecules": 0.0008969869422681, "acs": 0.0008925152485063, "reveal": 0.0008765591232002, "intra": 0.0008626181542209, "proteins": 0.0008612520433533, "complete": 0.0008465432640945, "genome": 0.000845234173624, "physiological": 0.000845234173624, "sensitive": 0.0008261253422872, "materials": 0.0008199654154067, "success": 0.0008199654154067, "21": 0.0008175293995831, "mathematical": 0.00080206839248, "first": 0.0007997451559003, "ebola": 0.0007883393396835, "membrane": 0.0007718536474816, "dependent": 0.0007686414248743, "oxygen": 0.0007602071642221, "policies": 0.0007519577790456, "pathway": 0.0007448849751545, "situation": 0.0007438853380972, "des": 0.0007350061106104, "organization": 0.0007292009086673, "innovation": 0.0007253799303579, "temporal": 0.0006831687131122, "characterization": 0.0006649272820559, "media": 0.0006475292499317, "biological": 0.000643684853576, "complex": 0.0006406373621819, "brain": 0.0006391228203762, "evaluating": 0.0006376143488946, "modeling": 0.0006149746301709, "developing": 0.00061004557578, "immune": 0.000596983261123, "corona": 0.0005936198506171, "insights": 0.0005916161380007, "multi": 0.0005778811199133, "performance": 0.0005746834530074, "responses": 0.0005746834530074, "state": 0.0005494395069423, "res": 0.0005452938443877, "virus": 0.0004998537611297, "treatment": 0.000481515800228, "analysis": 0.0004593135894589, "pandemic": 0.0004482297023781}