{"signal": 0.4898702317862959, "target": 0.438908518676036, "ther": 0.3863226037096327, "ablation": 0.2115694599797183, "official european": 0.1844848012659638, "european society": 0.1627849223391, "radiofrequency ablation": 0.1281377329988358, "radiofrequency": 0.116655701508753, "contrast": 0.1075886485187098, "oncology": 0.1048373799512168, "north": 0.0986665429247841, "sars cov": 0.0949661071671599, "cov": 0.0937139311865059, "official": 0.0929849664503723, "replication": 0.0928131449521138, "sars": 0.092387794943346, "group": 0.0900878088462206, "interferon": 0.0855229658601953, "society": 0.0833327943759563, "american": 0.0830640367098858, "european": 0.0820013252637632, "international": 0.0787594022336838, "ultrasound": 0.0748908903789287, "enhanced": 0.0709478643442969, "main protease": 0.0675047548727545, "cov spike": 0.0654973615699474, "method": 0.0599913173747113, "drug": 0.0578998635734906, "pigs": 0.0542616407797, "degradation": 0.0541437452295893, "viral": 0.0540293580673663, "molecule": 0.0539100955524311, "spike protein": 0.0532256735131084, "inhibits": 0.0525647220525065, "cystic": 0.0524567337456814, "viral infection": 0.0524567337456814, "treatment": 0.0493227498980164, "protease": 0.0492863877972293, "let": 0.0491952487983485, "matrix": 0.0491952487983485, "lung cancer": 0.0490142534558302, "thyroid": 0.0474575086616726, "base": 0.0467238777867134, "injection": 0.0466440604372488, "thermal": 0.0461719749066729, "signaling": 0.046017147870637, "percutaneous": 0.0457872143805645, "copd": 0.0457111753772119, "expanding": 0.0453354156741943, "entry": 0.0452611348024897, "spike": 0.0449668411112113, "domain": 0.0444623972343535, "fusion": 0.0444623972343535, "block": 0.0439708185484322, "binding": 0.0438326397319602, "genome": 0.0432896217851738, "pathogen": 0.0432228076373306, "main": 0.0431562242814768, "dna": 0.0422474294701337, "vivo": 0.0417467295696602, "inhibition": 0.0413190383746847, "tumor": 0.0412587069878636, "ace2": 0.0411386077684839, "targeted": 0.0404333146161897, "symptomatic": 0.0402609510621632, "options": 0.0399207799571842, "retrospective study": 0.0398087106743312, "discovery": 0.0396972891944189, "dependent": 0.0393668377469411, "prognosis": 0.0390419559718276, "progression": 0.0387224592261581, "compared": 0.037744301755034, "pathogenesis": 0.037744301755034, "wide": 0.037744301755034, "routine": 0.0376941694449723, "identify": 0.0376441671799595, "building": 0.0374949339518303, "host": 0.0374454451894643, "reveals": 0.0373468472130875, "interactions": 0.0366704317626041, "inflammation": 0.0362943054415016, "mechanism": 0.0360628997529785, "modified": 0.0357888307423033, "antiviral": 0.0356532438126651, "progress": 0.035032817674156, "modelling": 0.0346442652994362, "combined": 0.0346015723421089, "ct": 0.0340135919558438, "liver": 0.0340135919558438, "platform": 0.0339722717634865, "protein": 0.0335638695722977, "local": 0.0323501657340468, "imaging": 0.0322744255094738, "reduce": 0.0320116540858147, "molecular": 0.0312441724096518, "therapeutic": 0.0310303898595298, "identification": 0.0309596526705917, "retrospective": 0.0305751712277463, "tool": 0.0300629392525325, "effectiveness": 0.0297620090101974, "lung": 0.0296957688681954, "multi": 0.0295968335148861, "type": 0.0295968335148861, "induced": 0.0293354618851605, "cancer": 0.0273630474737341, "therapy": 0.026899941418998, "infections": 0.0268713634117568, "cases": 0.0268143341915972, "assessment": 0.0263085245250712, "potential": 0.0263085245250712, "virus": 0.0256005743052579, "novel": 0.0253614495829929, "associated": 0.0248919195725419, "infection": 0.0235723331832906, "analysis": 0.0235242636762008, "study": 0.0233807702416879, "covid 19": 0.0218470443501634, "covid": 0.0218250524911282, "19": 0.0217154679870368}