{"royal society": 0.5128969711555538, "transactions": 0.4289675405989305, "royal": 0.3884152186393593, "london": 0.3746126546015775, "biological": 0.2679256268689506, "sciences": 0.2445978506721668, "series": 0.2363157051831192, "society": 0.2257505994514962, "sars": 0.0429052833898075, "species": 0.0402077675231762, "sars coronavirus": 0.0372343931952446, "revue medicale": 0.0349247151713997, "disease": 0.0326741586827827, "medicale": 0.0281675376804263, "pathogens": 0.0253478690735362, "role": 0.0236050475015684, "revue": 0.0220781367937567, "endemic": 0.0216987667985689, "evolutionary": 0.0216616992833164, "zoonotic": 0.0216616992833164, "emergence": 0.0178853059368619, "animal": 0.0168336326006692, "health": 0.0163204300048329, "coronavirus": 0.0161879733133583, "evolution": 0.0145599827888599, "family": 0.0141192403806986, "epidemiology": 0.0137601840216817, "emerging": 0.0134444709735478, "de": 0.0132400165887883, "cross": 0.0130260193350435, "air quality": 0.0127108760412876, "viral": 0.0125457313959666, "earth": 0.0124911560478641, "international": 0.0121920666920712, "human": 0.0120140422312623, "novel": 0.0117779646348513, "anticoagulation": 0.0116174066781842, "conflict": 0.0115517444335258, "risk": 0.0115240818049663, "climate change": 0.0114444036520019, "considering": 0.0113812134814551, "politics": 0.0112778394623403, "material": 0.0112371492178178, "based": 0.0112309386455532, "learnt": 0.0112169419777555, "medicinal": 0.011156861933785, "trade": 0.0110975776754102, "thrombotic": 0.0110390683968783, "tube": 0.0110197340425319, "war": 0.0110004828469558, "concepts": 0.010962227092091, "genomics": 0.010962227092091, "promotion": 0.0109242955424358, "basis": 0.0107757044339884, "provision": 0.0107757044339884, "indirect": 0.0107393148345927, "theoretical": 0.010685279215675, "economy": 0.0106496145164462, "threats": 0.010509731379756, "biochemical": 0.0104754331577387, "mitigate": 0.0104754331577387, "dialysis": 0.01042447363872, "empirical": 0.0103574177617489, "covid 19": 0.0101458599552923, "covid": 0.0101356468427837, "19": 0.0100847553348085, "nuclear": 0.0100831329204086, "preparing": 0.0100209666978539, "forecasting": 0.0099902044044508, "sharing": 0.0099902044044508, "underlying": 0.0098543320332933, "global health": 0.0097952434382296, "controlling": 0.0097805923741778, "construction": 0.0096936790399765, "genomic": 0.0096793561603259, "leadership": 0.0096084212989405, "contribution": 0.0094972131914779, "male": 0.0094290856041847, "ebola": 0.0093753204403304, "present": 0.0092436669470919, "bangladesh": 0.0091792644536581, "past": 0.0091792644536581, "vitro": 0.0091537607033366, "transfer": 0.0091284014509592, "space": 0.0091031850683673, "climate": 0.0090781099547662, "units": 0.009053174536116, "policies": 0.0089426529684309, "concept": 0.0088704595312174, "traditional": 0.0087759780057141, "spatial": 0.008706403090754, "barriers": 0.0086949116952984, "selection": 0.0086720170363194, "networks": 0.0086378931398682, "benefits": 0.0085259899095479, "epidemics": 0.0084384390287219, "sex": 0.0084384390287219, "regulation": 0.0083952975277736, "structure": 0.0083952975277736, "adverse": 0.008352567885149, "interaction": 0.0083313550678539, "resources": 0.008268313235951, "genetic": 0.0082267732990755, "identifying": 0.0081753847199932, "direct": 0.0081651774269233, "consequences": 0.0079269360376337, "impacts": 0.0079076433522837, "history": 0.0078407663930697, "functional": 0.0077842280067191, "predicting": 0.0077655394782264, "field": 0.0077191567204456, "small": 0.0074941899716102, "molecular": 0.0072549630194018, "models": 0.007230073820487, "air": 0.0071888969332816, "design": 0.0070437200099644, "environmental": 0.0070437200099644, "change": 0.0070278761135216, "context": 0.0070199751475311, "perspectives": 0.006996355588385, "possible": 0.0069885100192047, "chinese": 0.0069806781780615, "need": 0.0069572645445243, "laboratory": 0.0068954204370255, "women": 0.0068877496621037, "influence": 0.0068344192056464, "responses": 0.0068344192056464, "age": 0.0068268521775189, "multiple": 0.006811756392311, "test": 0.0067370318508978, "surveillance": 0.0067148556069958, "era": 0.0066200082943941, "studies": 0.0066127949228548, "national": 0.0065555026709026, "influenza": 0.0065412934650917, "quality": 0.0064989345110443, "critical": 0.0063605650355357, "vaccination": 0.0063469604777323, "population": 0.0063333971459249, "future": 0.0063266308618375, "diagnosis": 0.0062728656979833, "prevention": 0.0062728656979833, "strategies": 0.0062462233807998, "testing": 0.0062329614568119, "children": 0.0062131419584288, "china": 0.0061803032486055, "transmission": 0.0061153399010803, "diseases": 0.006108895125206, "global": 0.006108895125206, "hospital": 0.0060133207592768, "data": 0.0059756552124191, "time": 0.0058706259168313, "model": 0.005864523808086, "system": 0.0058584300071837, "management": 0.0058280848328408, "control": 0.0057979440046559, "impact": 0.0056676838677946}