{"en": 0.7051201006432559, "covid": 0.2456804547529816, "long covid": 0.2314799597431255, "de": 0.192556825248095, "covid 19": 0.1475568077503187, "19": 0.1466681297302089, "dan": 0.1442422029773672, "pollut": 0.1442422029773672, "long": 0.1257513455286103, "online": 0.1193386329897257, "orthopaedic": 0.1162016538159063, "stop": 0.1107563072425815, "22": 0.1097446777170966, "mini": 0.1087560941606725, "die": 0.1081735761328365, "symposium": 0.1081735761328365, "waste": 0.1025720272828369, "outbreak covid": 0.1024028382128678, "bio": 0.100100945703421, "19 associated": 0.091160148592003, "11": 0.0882617432113602, "units": 0.0877768561391672, "situation": 0.0857744710925181, "intensive care": 0.0830961750430232, "disorder": 0.0826654326334743, "mitigation": 0.0825584117617767, "spectrum": 0.0819217703957941, "re": 0.0768571865508597, "impacts": 0.0766701304790082, "intensive": 0.0762059876430992, "environ": 0.0753828386793372, "update": 0.072661410910988, "environmental": 0.0682937897124065, "india": 0.0660447402751006, "2021": 0.0659717428794536, "measures": 0.0656809750145978, "post": 0.0608198182588473, "outbreak": 0.0586716417178169, "medical": 0.0561569085590493, "associated": 0.0560407185526142, "2020": 0.0558670147524018, "care": 0.0552929727649744, "impact": 0.0549521573367483, "health": 0.0527459927987559, "pandemic": 0.0516835911133584}