{"reactions weekly": 0.4414955619426637, "report reactions": 0.4129019150857902, "label use": 0.3132989613535625, "weekly": 0.307707295241041, "reactions": 0.2762357286770583, "off label": 0.267580792232131, "label": 0.2087298104549473, "case report": 0.2000170429631498, "off": 0.1887692751312917, "case": 0.1832120132358812, "lack": 0.1713963454693795, "report": 0.1589721922451995, "drugs": 0.1175896029132814, "reports reactions": 0.1174230062764921, "efficacy": 0.1152792717581561, "multiple": 0.1066269972390278, "use": 0.0995797644392989, "following": 0.0768741780840325, "case reports": 0.0664463520614507, "ritonavir": 0.0517602679829708, "lopinavir ritonavir": 0.0496906846588517, "reports": 0.0471941624347459, "lopinavir": 0.0471557566065372, "sodium": 0.0271412598254835, "tocilizumab": 0.0234607085119384, "dexamethasone": 0.0205480038470145, "hydroxychloroquine": 0.0190072690212589, "treatment": 0.0118389641412129, "fistula": 0.0114934321629129, "vessel": 0.0109506727147762, "bleeding": 0.010065724636306, "azithromycin": 0.009679365670525, "pulmonary": 0.0083969001438342, "remdesivir": 0.0080993499476578, "stent": 0.0074588121396808, "esophageal": 0.0073158647461321, "encephalopathy": 0.0072547317856211, "non": 0.0071564506519017, "liver": 0.0069979708809257, "placement": 0.0068885039653889, "thrombocytopenia": 0.0067228089068921, "healing": 0.0066982144714171, "digestive": 0.0066738467159909, "increased": 0.0065555260619993, "toxicity": 0.0065436964565652, "levels": 0.006171319580737, "elevated": 0.0060984750164206, "enhancing": 0.0057601083586683, "therapy": 0.0055344053927951, "syndrome": 0.0054702037473663, "prolonged": 0.0054525217045775, "damage": 0.0052397228504556, "reaction": 0.0051428157762691, "associated": 0.0051212741237423, "gastrointestinal": 0.004927535057843, "acid": 0.0048412468434847, "inflammatory": 0.0044319585304267, "blood": 0.0040370470498616, "liver injury": 0.0039318249084647, "rectal": 0.0038943205101204, "critical illness": 0.0037792965708692, "venous thromboembolism": 0.0037708496323909, "viral": 0.0037053410389722, "igm": 0.0036656857171336, "sinus": 0.0036656857171336, "intracranial": 0.0036349415088092, "coagulopathy": 0.0036273658928105, "posterior": 0.0036048960933512, "neurologic": 0.0034911105067657, "broad": 0.0034641311749597, "hypoxia": 0.0034574715065979, "clearance": 0.0034508452201724, "zinc": 0.0033926574781854, "thromboembolism": 0.0033800674651746, "vein": 0.0033800674651746, "ventricular": 0.0033675962276417, "corticosteroids": 0.003295142952183, "lymphocyte": 0.0032546426746774, "infection": 0.0032331879057112, "hepatology": 0.0031988562800791, "decreased": 0.0031771846246592, "hepatol": 0.0031296846150123, "decrease": 0.0031142231361374, "interval": 0.0031142231361374, "shedding": 0.003098940406688, "igg": 0.0030738553774404, "form": 0.0030492375082103, "block": 0.0030155249722116, "covid 19": 0.0029965467999814, "covid": 0.0029935303903581, "19": 0.0029784997486933, "intestinal": 0.0029642262778417, "13": 0.0028886662057145, "gastroenterol": 0.0028800541793341, "impairment": 0.0028800541793341, "inhibition": 0.0028336655118074, "14": 0.0028295279767427, "fatal": 0.0028295279767427, "venous": 0.0028171925089401, "prophylaxis": 0.0028009222558742, "19 associated": 0.0027768862960028, "thrombosis": 0.0027262608522887, "shock": 0.0026997833158859, "gastroenterology": 0.0026592184731223, "hypertension": 0.0025988777882341, "clinics": 0.0025885095674448, "eye": 0.0025816423240846, "inflammation": 0.0024890686146171, "stroke": 0.0024763575419323, "lower": 0.0024637675289215, "right": 0.0024606386721378, "device": 0.0024451045171929, "deep": 0.0023876854661166, "illness": 0.0023298232156564, "of": 0.0023045892100888, "loss": 0.0023018149354631, "central": 0.0022342853730138, "wave": 0.0022264088370561, "like": 0.0021402749157191, "factor": 0.0021232173710011, "digital": 0.0021063771257614, "injury": 0.0021063771257614, "symptoms": 0.0021063771257614, "immune": 0.0020968495791217, "clin": 0.0020571065269123, "lung": 0.0020365400405824, "drug": 0.0019853904277583, "level": 0.0019361464318769, "res": 0.0019152951892673, "critical": 0.0018785722341225, "severe": 0.0018176243657525, "effects": 0.0017648903674475, "research": 0.0017266760494394}