{"east respiratory": 0.4526607068596465, "syndrome coronavirus": 0.3279953448132812, "middle east": 0.319213837829807, "mers cov": 0.3096198385005002, "respiratory syndrome": 0.2755221882582546, "mers": 0.2368418875704266, "east": 0.2367997253826081, "middle": 0.2229593161681877, "respiratory": 0.1724840993322556, "coronavirus": 0.1703937383561554, "syndrome": 0.168960250962838, "cov": 0.1374303763057799, "plos": 0.0921663027334125, "principles": 0.0917644008552759, "infectious diseases": 0.0802899053616606, "negl": 0.0768906210145486, "gene": 0.0721693914537711, "communicable": 0.0697179849151791, "infectious": 0.0683335330669563, "practice": 0.0673108842558354, "spike": 0.0659433428621958, "diseases": 0.0643019022492819, "antiviral": 0.0522850621210715, "spike protein": 0.0520365488703943, "structural": 0.050931042000408, "potent": 0.0501608920742443, "characterization": 0.0499412577337622, "protein": 0.0492210194065916, "antibody": 0.0481168941055909, "nucleic acid": 0.0472275717167547, "visualization": 0.0463972516596167, "monoclonal": 0.0456800109680876, "nucleic": 0.044838908352087, "sciences": 0.0441364088509745, "cell": 0.0439882801708419, "dis": 0.0437919750409134, "assay": 0.0436086494084965, "domain": 0.043469054572142, "medical pharmacological": 0.0421639823996911, "bulletin": 0.0410572256031585, "pharmacological sciences": 0.040755003431753, "trop": 0.0405739884405637, "computational": 0.0397000196201565, "european review": 0.0378500004601143, "targeting": 0.0375500878080418, "transport": 0.0371480412691834, "control": 0.0366173084650838, "control hospital": 0.0353335724247921, "binding domain": 0.0346247715862979, "acid": 0.0345077126117613, "disease": 0.0343926440810679, "american public": 0.0339655792038106, "receptor binding": 0.0338390993400924, "maladies": 0.0329983093126568, "dis sars": 0.0328840944794617, "specific": 0.0299259494878928, "review medical": 0.0294892899491045, "sin": 0.0269382834956413, "european": 0.0267231061496041, "sur": 0.0266997237062451, "les": 0.0265246857000808, "terminal": 0.0263528400550048, "clin infect": 0.0262399930970199, "sars coronavirus": 0.0261284816373533, "human": 0.025291832756658, "adjuvant": 0.0245501337617727, "euro": 0.0245033713413842, "authors reply": 0.0236990589142849, "gaps": 0.0225702191263205, "molecules": 0.0224569198650417, "pro": 0.0222710635758783, "waste": 0.0222710635758783, "biochemical": 0.0220527694492082, "interdisciplinary": 0.0219099999244164, "edition": 0.0215964646201949, "proteins": 0.0215622627373841, "disinfection": 0.0214942291684033, "binding": 0.0214266832994494, "occurrence": 0.0211940144814042, "humans": 0.0211285794380946, "preparing": 0.0210960315357183, "allocation": 0.0209669526902241, "interferon": 0.0209030703548969, "seasonal": 0.0208080516501862, "antigen": 0.0206208413522803, "authors": 0.0201684692817883, "pharmacological": 0.0198215856305479, "virology": 0.0194870200107402, "including": 0.0185989152550671, "therapies": 0.0182322305282318, "virol": 0.0182082848778124, "rna": 0.0179721169169273, "communities": 0.0179488224467964, "mapping": 0.0179488224467964, "inhibitors": 0.0179024055629366, "cov infection": 0.017787353970321, "curr": 0.017696313567704, "infect dis": 0.0175613813091623, "receptor": 0.0173844257166502, "agents": 0.0169560515702023, "activities": 0.0168312469857789, "common": 0.0162502858769651, "reply": 0.0160199866322679, "immunity": 0.0159821447807275, "distribution": 0.0159444542969977, "viruses": 0.0159444542969977, "communication": 0.0156482378926441, "evolution": 0.0153257597462671, "molecular": 0.0152730702797914, "identification": 0.0151339886643887, "delivery": 0.015065210195738, "infect": 0.0150310083129272, "design": 0.0148283637636279, "clin": 0.0146627600569473, "method": 0.0146627600569473, "knowledge": 0.0145647771112614, "vaccines": 0.0145000166613658, "public health": 0.0143083637824513, "efficacy": 0.0141671396978678, "surveillance": 0.0141360419522517, "state": 0.0137557397958249, "res": 0.0136519491971109, "american": 0.0135347146102393, "life": 0.0134766397985483, "strategies": 0.0131494824195667, "vaccine": 0.0129557655862833, "global": 0.0128603804498563, "potential": 0.0128603804498563, "hospital": 0.0126591783205168, "public": 0.0126326730755601, "data": 0.0125798852155422, "evaluation": 0.0125143135635252, "research": 0.0123074990418751, "medical": 0.0121931301727585, "review": 0.0121301866630208, "based": 0.0118216257465983, "infection": 0.0115228496580642, "health": 0.0114525313588149, "sars": 0.0112904677603877}