{"br dent": 0.7614617293330938, "dent": 0.4900004055445207, "br": 0.4045737580287967, "21st": 0.0443330696015278, "congress": 0.0440930275903673, "association": 0.0298685206840496, "2021": 0.0266988528184639, "way": 0.0255544965842, "ear": 0.0249932677892017, "international": 0.0239199961937273, "confidence": 0.0233737225865192, "racism": 0.0213957420330687, "technique": 0.0159796009290613, "making": 0.0153644593392085, "remote": 0.0153459136085383, "loss": 0.0152905102688697, "work": 0.0147375897850689, "design": 0.0138192941429363, "change": 0.0137882095079702, "fractures": 0.0117802839688392, "orthopaedic": 0.0117567412845296, "smell": 0.0117100312684221, "taste": 0.0116180760728375, "trainees": 0.0114179589015335, "dexamethasone": 0.0113747004225145, "discrimination": 0.0113532299635738, "tackling": 0.0111645789853432, "updates": 0.0111237349689115, "vertical": 0.010809980088309, "clinical": 0.0108047460298738, "creating": 0.0107910953275652, "nhs": 0.0107722914439888, "consultation": 0.0107535677477927, "ward": 0.0106246909874508, "protective equipment": 0.0105705954353644, "committee": 0.0104643636380361, "pandemic": 0.0104582093183942, "care unit": 0.0104121962904457, "district": 0.0102426501254357, "well being": 0.0098302236743019, "being": 0.0098151093733039, "members": 0.0097551671439699, "facial": 0.0096521979334197, "success": 0.0095658207194555, "paradigm": 0.0095374018493412, "finding": 0.0095091657384979, "alcohol": 0.0094393598149934, "nurse": 0.0093843032929228, "enhance": 0.0091707317048831, "perceived": 0.0090932467509708, "weight": 0.0090677193528769, "manage": 0.0089670685247708, "equipment": 0.0088686733683605, "well": 0.0088444152950303, "progression": 0.0088202905084898, "room": 0.00877243499274, "educational": 0.0085181655280666, "occupational": 0.008440254990243, "intensive care": 0.0084072833701879, "improvement": 0.0083963476233038, "solutions": 0.0082778184595764, "trauma": 0.0082460400330071, "regulation": 0.0082354981309341, "reduced": 0.0082144899563853, "device": 0.008121177587432, "techniques": 0.0080905090103266, "british": 0.0080803335710002, "cause": 0.0080298071203983, "hydroxychloroquine": 0.0078913501492642, "teaching": 0.0078622404286877, "working": 0.0078141490376737, "complications": 0.0077855450270351, "consequences": 0.0077760516177059, "intensive": 0.0077101663498814, "pandemics": 0.0075093092872492, "unit": 0.0074914970920122, "contact": 0.0073687948925344, "improve": 0.0073087061722469, "uk": 0.0072159117460215, "initial": 0.0071992487275245, "times": 0.0071578657623265, "findings": 0.0071414211734249, "10": 0.0070200115919307, "pediatric": 0.0069174389104326, "possible": 0.0068554879693987, "tool": 0.0068478052026017, "anti": 0.006824837233379, "protective": 0.0068172078655094, "home": 0.0067943989825058, "protection": 0.0067266747590398, "investigation": 0.0066306589878359, "surgery": 0.0066087965355084, "united": 0.0065010879430484, "society": 0.0063272449629926, "safety": 0.0062663090567388, "challenges": 0.0061403784595292, "diseases": 0.0059926160114361, "human": 0.0058926811118487, "19 pandemic": 0.0058680487885946, "factors": 0.0058374514515023, "time": 0.0057588821129367, "medical": 0.0056816940515639, "care": 0.0055942850579409, "infection": 0.0053693600766731, "covid 19": 0.0049763698321652, "covid": 0.0049713604761122, "19": 0.0049463990666194}