{"br dent": 0.7658009386185536, "dent": 0.4927926854815309, "br": 0.4068792320137196, "view": 0.0213856039536907, "expert": 0.0205753233826422, "anosmia": 0.0149754254040514, "aerosols": 0.0141593203006928, "uk": 0.0136767137864238, "year": 0.0129354887871677, "hygiene": 0.0106509304069344, "tools": 0.010379582602931, "right": 0.0103268700289164, "needs": 0.0098737238512417, "loss": 0.0096603145916155, "scientific": 0.0094998253152407, "resource": 0.0093879675608673, "times": 0.0090444640306617, "features": 0.0087604115261181, "support": 0.0082235493400717, "ear": 0.0078951854866393, "online": 0.0076282514775768, "fractures": 0.0074426063693402, "smell": 0.0073982217690224, "confidence": 0.0073835833269289, "taste": 0.0073401258584176, "behaviours": 0.0073115278902912, "speed": 0.0071324994305995, "statistics": 0.0071324994305995, "fitness": 0.0070927759116095, "ppe": 0.00704068089063, "vertical": 0.0068295829600122, "ireland": 0.0066783433339183, "wellbeing": 0.0066445825317289, "road": 0.0066001979314111, "greater": 0.0065349248412802, "radiological": 0.0065028553703541, "bio": 0.0063985581855517, "repurposing": 0.0063478441891729, "led": 0.0062685822729298, "protecting": 0.0062588318996596, "app": 0.0062394333706811, "workforce": 0.0062010385938702, "united kingdom": 0.0060889434098163, "success": 0.0060435417688493, "paradigm": 0.0060255871538094, "extended": 0.0059812025534916, "coping": 0.0059724102217587, "insight": 0.0059288617867341, "enhance": 0.0057939304671107, "kingdom": 0.0057208199247818, "collaboration": 0.0057048315327429, "fear": 0.0056889347652301, "professional": 0.0056889347652301, "urgent": 0.0056889347652301, "examination": 0.0056495868950103, "student": 0.0056495868950103, "aids": 0.0056107893627229, "distance": 0.0056107893627229, "sensitivity": 0.0056107893627229, "erratum": 0.0056030945496352, "room": 0.0055422925902544, "protect": 0.0055347852018037, "adaptation": 0.0054101734140109, "educational": 0.0053816489638093, "way": 0.0053816489638093, "treatments": 0.0053745634469572, "improvement": 0.005304686242343, "reported": 0.0052365260973052, "aerosol": 0.0051700006467289, "lower": 0.0051700006467289, "staff": 0.005073111461229, "teaching": 0.0049672453437131, "working": 0.0049368619256208, "re": 0.0049127925482393, "exploring": 0.0048711672261967, "masks": 0.0048593881072688, "making": 0.0048535172514491, "free": 0.0048185506749444, "media": 0.0047726038135073, "alternative": 0.0047612350339082, "failure": 0.0046121495763996, "students": 0.0046014185056113, "family": 0.0043752654619503, "change": 0.0043555917742417, "possible": 0.0043311942700995, "need": 0.0043118295957225, "recommendations": 0.0042830337142399, "virtual": 0.0042216495611533, "surgery": 0.0041753383296154, "positive": 0.0041479182216143, "united": 0.0041072896596176, "society": 0.0039974582774497, "american": 0.0039845660233868, "life": 0.0039674690303477, "community": 0.0039293817728918, "hospital": 0.0037268116301297, "data": 0.0037034680561373, "2019": 0.0036957303151665, "time": 0.0036383751705304, "system": 0.0036308166417683, "new": 0.0034730992600502}