{"neuroradiology": 0.4762318455424579, "reports reactions": 0.3340166801498667, "reactions weekly": 0.2582142498002084, "thrombectomy": 0.2535239864474394, "fistula": 0.2397541443794391, "retrieval": 0.2354556457105443, "sinus": 0.2293997119967066, "sodium": 0.2123135228864579, "clinical": 0.2035778974289659, "case reports": 0.1890105749070596, "weekly": 0.1799664939984951, "treat": 0.1630739605666513, "reactions": 0.1615599512133346, "direct": 0.150916063569214, "functional": 0.1438750179298847, "alternative": 0.1419928222314297, "outcome": 0.1388393365896615, "reports": 0.1342465838575899, "pulmonary": 0.1313701325823768, "conditions": 0.130924961170161, "associated": 0.1068302904011927, "case": 0.1051877317205651}