{"canada": 0.3596158153996677, "maladies": 0.3119273762414707, "za zhi": 0.2577558721960563, "ke za": 0.2552064297206825, "zhi": 0.2484904590570899, "au": 0.2409127400577661, "za": 0.2321849358110323, "communicable": 0.2196773972608045, "ke": 0.2140472087661933, "des": 0.1739469511647591, "zhonghua": 0.1714439288777899, "severe acute": 0.1698831592112282, "acute": 0.1452444336908335, "acute respiratory": 0.1380667992037075, "disease": 0.1290110255631381, "respiratory syndrome": 0.1240221018964831, "report": 0.123118313935871, "syndrome": 0.1170074992945448, "respiratory": 0.1109158300365629, "severe": 0.1049731174728185, "sars": 0.0914801669296216, "syndrome children": 0.0843275648300355, "cov": 0.0824829111664442, "multisystem inflammatory": 0.080737303713421, "zhongguo": 0.0801976393939622, "sars cov": 0.0783609579385412, "inflammatory syndrome": 0.0735841593534896, "multisystem": 0.0707181599456734, "xue za": 0.0703664691006774, "coronavirus": 0.0664734520508819, "hosp epidemiol": 0.0649995619381822, "children": 0.0647645894988081, "heart failure": 0.0643560298812607, "control hosp": 0.0641581115151697, "yi xue": 0.0638866533630133, "xue": 0.0635389366996276, "cov pandemic": 0.0584206200212559, "yi": 0.0557118979703354, "circulation": 0.0514737488330638, "failure": 0.0493641890858155, "infection": 0.0466815118999307, "global": 0.0463112295866238, "article": 0.0456594018845917, "heart": 0.0433181689026971, "inflammatory": 0.042659758915271, "infect control": 0.0416970561981868, "context": 0.0399135613830098, "letter": 0.0380216250189455, "analysis": 0.0362338023959035, "hosp": 0.0355876384164779, "cases": 0.0354012095711443, "coronavirus infection": 0.0347937732467916, "syndrome coronavirus": 0.0340712518401399, "2019 covid": 0.034035400177906, "2019": 0.0339048717924603, "infect": 0.0338298932724323, "epidemiol": 0.0330450739965093, "pandemic": 0.0303080823895297, "disease 2019": 0.0292243262958324, "diseases": 0.0289445184916398, "public": 0.0284320235206164, "control": 0.0274712028962185, "analysis sars": 0.0269124345711403, "features": 0.0267895295663498, "clinical": 0.02609362677855, "coronavirus disease": 0.0260209136601939, "health": 0.0257759097395138, "public health": 0.0257627650566681, "patients": 0.0256188185345547, "pediatrics": 0.0249821107487535, "covid 19": 0.0240360183855376, "covid": 0.0240118230426972, "emergency": 0.0240065841102734, "19": 0.0238912586719341, "virus": 0.022532507915265, "climate change": 0.0216898634755979, "swab": 0.0207760243561806, "beijing": 0.0205974306801554, "chinese": 0.0198450650536195, "region": 0.0198228391450522, "real world": 0.0195045560792244, "nasopharyngeal": 0.0192897879932425, "patients severe": 0.0189338104644667, "screening": 0.0187992258177331, "contemporary": 0.0187328528300433, "healthcare": 0.0186971857406664, "national": 0.0186363521773705, "infectious": 0.0184555772902755, "transmission": 0.017385032666788, "climate": 0.0172051748193015, "outbreak": 0.0172029933757153, "high": 0.0170057129988495, "management": 0.0165684077815283, "cov infection": 0.016013411047013, "neurointerventional surgery": 0.0159048675801269, "burden": 0.0156309623182452, "expression": 0.015591689626434, "centre": 0.015302800655305, "neurointerventional": 0.0151205299961165, "infectious diseases": 0.0144565094912635, "practices": 0.0139251178616137, "change": 0.0133194946683862, "epidemiological": 0.0132004346609055, "real": 0.0131856689717471, "chest ray": 0.0130317189868612, "thrombectomy": 0.0129981896174715, "fake": 0.0128344069856809, "epitopes": 0.0127390896453943, "transfus": 0.0126458673622706, "coli": 0.0125246750277354, "mesenchymal": 0.0124360005128315, "angiotensin converting": 0.0122082172913501, "world": 0.0121980110776367, "prostate cancer": 0.0121805856422244, "converting enzyme": 0.012153132839977, "cov transmission": 0.012153132839977, "changes": 0.0120936050054653, "cancer": 0.0120418799288626, "stent": 0.0119657831290839, "characteristics": 0.0119648789195507, "young people": 0.0119396818581599, "post": 0.0118885705823753, "emerging infectious": 0.0118879563007575, "health emergency": 0.0118879563007575, "testing": 0.0118129425663228, "clin infect": 0.0118115318342029, "sars coronavirus": 0.0117613366550021, "china": 0.0117131427531045, "big data": 0.0117117285673851, "vaccine": 0.011663679719202, "hematological": 0.0116142198330226, "mers cov": 0.0116142198330226, "assessment": 0.0115778073966559, "increased risk": 0.011518902492736, "organs": 0.011518902492736, "hospital": 0.0113966712700558, "human": 0.0113847319489016, "respiratory infection": 0.0113344628630136, "related": 0.0112662539576325, "prostate": 0.011245166025001, "tissues": 0.0111577104907464, "phenotype": 0.0111361254917957, "patients acute": 0.0111146497844471, "converting": 0.0109672895441117, "associated": 0.0109543904778582, "risk": 0.0109204362512858, "union": 0.0108449317377989, "19 positive": 0.0108248775957591, "care": 0.010808227124719, "considering": 0.0107850515459673, "range": 0.0107455959764256, "operational": 0.0107260049802101, "precautions": 0.010516272931678, "presentations": 0.0103700017767613, "respiratory failure": 0.0102987153400777, "study": 0.0102893666418183, "endemic": 0.0102810793764572, "clinically": 0.0101767763383211, "absence": 0.0101425709663257, "challenges opportunities": 0.010108639240237, "committee": 0.010108639240237, "infection prevention": 0.010108639240237, "2019 novel": 0.0100917746329691, "ieee": 0.0100749768164, "mutation": 0.010008443010697, "retrospective cohort": 0.0099919713661514, "ray": 0.0099105592095136, "immunological": 0.0098624515882216, "stages": 0.0097991452915023, "flu": 0.0097678429860334, "clinical features": 0.0096752987371433, "departments": 0.0096600691224328, "enzyme": 0.0096448939966212, "tertiary care": 0.0095401616843448, "underlying": 0.0093381500226949, "diagnosed": 0.0093100608926179, "big": 0.0092821565607869, "language": 0.0092131884860849, "serological": 0.0092131884860849, "2017": 0.0091995284319593, "mice": 0.0091995284319593, "angiotensin": 0.0091723396007808, "regulatory": 0.0091588102650993, "duration": 0.0090652943447336, "clinical characteristics": 0.0089867468566247, "mrna": 0.008973795875143, "mers": 0.0088842296450797, "reflections": 0.0088715874803108, "immunization": 0.0088464156370534, "pharmacy": 0.0087965157304443, "perceived": 0.0087841319460562, "fear": 0.0086984433116979, "processing": 0.0086984433116979, "personnel": 0.0086742754791305, "11": 0.0086263490580153, "2018": 0.0086144515940015, "microbiology": 0.0085554597787962, "automated": 0.0085320908869539, "20": 0.0085088500444765, "prevention control": 0.0085088500444765, "reporting": 0.0084742258265675, "room": 0.0084742258265675, "highly": 0.0084512990510689, "pathway": 0.0083945185091215, "cytokine": 0.0083496350940964, "ethics": 0.0083273702495845, "routine": 0.008294190603409, "barriers": 0.008239461545487, "physician": 0.0082285999694109, "reveals": 0.0082177661368543, "dysfunction": 0.0081961811379036, "gene": 0.0081214871271067, "news": 0.0080170128023089, "pathogens": 0.0080067055235065, "intelligence": 0.007965725077752, "simple": 0.007965725077752, "stroke": 0.0079453823858075, "programs": 0.0079150501244272, "infect dis": 0.0079049873839068, "genetic": 0.007795844813217, "preventing": 0.007786060626318, "19 vaccine": 0.0077568427623972, "cells": 0.0077568427623972, "invasive": 0.0077471480309996, "dose": 0.0076990040051264, "settings": 0.0076894404314244, "mechanical": 0.0076514003276525, "managing": 0.0076136983626091, "pain": 0.0076136983626091, "cohort study": 0.0076043250037891, "activities": 0.007576328577786, "canadian": 0.0075577664337622, "pressure": 0.0075577664337622, "asymptomatic": 0.0075117133956559, "tertiary": 0.0075117133956559, "plasma": 0.0074843196956546, "college": 0.0074480678241982, "dynamic": 0.0074210808202808, "internet": 0.007403184409173, "opportunities": 0.0073942644413432, "protein": 0.0073853631932916, "advances": 0.0073411350225651,