{"porcine": 0.3724757907031331, "pharmacological sciences": 0.3179940334777268, "european review": 0.2953275254558812, "respiratory syndrome": 0.286637728145676, "reproductive": 0.2560002455951209, "medical pharmacological": 0.241257646455369, "review medical": 0.2300924418032019, "natl acad": 0.1933178134024573, "virus": 0.1822685934863772, "syndrome": 0.1757767052776019, "respiratory": 0.166625381146544, "acad sci": 0.1661104392775913, "pharmacological": 0.154659438935814, "proc natl": 0.1524383072956542, "virology": 0.1520489650811427, "review": 0.1325053937580815, "natl": 0.116953345954653, "sciences": 0.1147925693528336, "european": 0.11120484319816, "medical": 0.0951378313793383, "general virology": 0.0934792717978253, "acad": 0.0861478227393745, "covid": 0.083243562643449, "sci": 0.0793956486908861, "covid 19": 0.0777722795992302, "19": 0.0773038870085568, "proc": 0.071156240388256, "protein": 0.059741231055571, "arch virol": 0.0526116730337914, "virol": 0.0473571787793126, "epidemic diarrhea": 0.0435538020844726, "porcine epidemic": 0.0429595140894349, "diarrhea virus": 0.0413663816974614, "digital health": 0.0402638747797635, "sequences": 0.0397709529393544, "scoping review": 0.0394923759639761, "scoping": 0.0390122172845132, "general": 0.0370909871768715, "19 era": 0.0365397391286682, "era": 0.0362465322442245, "pandemic": 0.0350237568455253, "19 pandemic": 0.0327527571359564, "nucleocapsid protein": 0.0326827969624574, "amp": 0.0305086153506377, "cancer research": 0.0298880190375949, "proteome": 0.029370017417661, "highly": 0.0292987434034143, "nucleocapsid": 0.0287418684227087, "reveals": 0.0284891375796848, "response covid": 0.027757438143222, "pigs": 0.0275947853670601, "isolates": 0.0274160068606621, "mobile": 0.0269249068715688, "structural": 0.0264928902158056, "strains": 0.0261960137356606, "characterization": 0.0259780323828681, "remote": 0.0256961555479942, "research": 0.025608054195704, "response": 0.0252652458748936, "arch": 0.0250587252642527, "matrix": 0.0250182691153973, "diarrhea": 0.0247446862502662, "service": 0.0247355446814549, "non invasive": 0.0242194132960354, "identification": 0.0236168209680269, "digital": 0.0234295047458096, "lett": 0.0233629114662499, "cell": 0.0228814615129783, "technology": 0.0228303166802234, "home": 0.0227539314456278, "promising": 0.0226839883077515, "proteins": 0.0224321607047152, "length": 0.0220832715772807, "genome": 0.0220149594560359, "interferon": 0.0217463741692584, "activity": 0.0214427948790041, "strain": 0.0212933612335768, "cancer": 0.0208732378299788, "bronchitis virus": 0.0208072829163999, "membrane": 0.0201036911255552, "short term": 0.0200200256128843, "non": 0.0199005311609701, "infectious bronchitis": 0.0196885016970587, "pathogenesis": 0.0191948840984803, "deaths": 0.0190177973521219, "use": 0.0187735352139578, "care": 0.01873484012691, "structure": 0.0183867094425236, "genetic": 0.0180176211503164, "invasive": 0.0179050739929198, "health": 0.0178718504902998, "temporal": 0.0177938043563869, "plasma": 0.0172976297085254, "viruses": 0.0165877099957196, "short": 0.0161290181472239, "bronchitis": 0.0155498878554314, "vaccines": 0.0150849986353642, "term": 0.0149847992989669, "epitopes": 0.0147211813812337, "cd8": 0.014578065378371, "biol sci": 0.0142705612525727, "infectious": 0.0142180699117563, "leader": 0.0139500958397739, "phylogenetic": 0.0139191722364764, "macrophages": 0.0138884425128437, "detection": 0.013811758117288, "spike protein": 0.0135339718400196, "epidemic": 0.0134216193144605, "head neck": 0.0133659082371569, "au": 0.0132569843131181, "covid era": 0.0131241475957356, "related": 0.0130191852490269, "glycoprotein": 0.0129948162171836, "role": 0.0129244719544623, "novel": 0.012897578248353, "infectivity": 0.0128439927828666, "pandemic lockdown": 0.0127459620178046, "differentiation": 0.0126498535490174, "resection": 0.0126498535490174, "geographical": 0.012555593435061, "lungs": 0.0125323089501105, "19 virus": 0.012440261646514, "lipid": 0.0123499111644034, "based": 0.0122985519547965, "mutations": 0.0122174335089503, "prophylactic": 0.0122174335089503, "medium": 0.0121740582270744, "plants": 0.0121740582270744, "deep learning": 0.0121097066480177, "persistence": 0.0121097066480177, "lymphocyte": 0.0120672702369164, "infection": 0.0119877221817642, "2013": 0.0119834840109325, "implication": 0.0119421219522699, "vaccinated": 0.0119421219522699, "em": 0.0118000431676661, "replication": 0.0118000431676661, "signaling": 0.0117010221258325, "mechanical ventilation": 0.0115847785384058, "abdominal": 0.0115276744960122, "immune response": 0.0115087867082295, "sequence": 0.0115087867082295, "circulating": 0.0114339551040888, "spike": 0.0114339551040888, "neck": 0.0113785717479913, "week": 0.0113419941538757, "form": 0.0113056875073888, "sectional study": 0.0111983538416644, "determination": 0.0111806912104275, "option": 0.0111630919999061, "binding": 0.0111455557562832, "genes": 0.0110416357886403, "nuclear": 0.0110416357886403, "exposed": 0.010906416872006, "worldwide": 0.0107910850834591, "survivors": 0.010694344281194, "institute": 0.0106784048366939, "mice": 0.0106308951768505, "origin": 0.0105838416167812, "dietary": 0.0105682569458953, "reduces": 0.0105527216718304, "14": 0.0104910683449002, "tumor": 0.0104910683449002, "19 vaccines": 0.010415076514724, "unique": 0.0103551201112697, "anesthesia": 0.0103402449105832, "combat": 0.0102958882742413, "targeted": 0.0102811914870254, "fast": 0.0102083613971836, "veterinary": 0.0101795296971991, "live": 0.0101081838251737, "biomarkers": 0.0100940384333524, "19 disease": 0.0100799337477508, "vitro": 0.010023917425311, "presence": 0.0100100128064421, "activation": 0.0099823213493711, "microbiology": 0.0098866150336765, "head": 0.0097794768911236, "analyses": 0.0097662478011381, "pathway": 0.0097006326998868, "susceptibility": 0.0096876144323023, "mol": 0.0096746306502352, "synthesis": 0.0096487658152045, "taiwan": 0.0096487658152045, "cluster": 0.0096102226949802, "properties": 0.0095592988616883, "cross sectional": 0.0094838916072017, "sectional": 0.0094714357558625, "immunol": 0.0094590114783248, "occupational": 0.009421926497894, "archives": 0.0093973581513946, "ethical": 0.0093851200055505, "variation": 0.0093851200055505, "rna": 0.0093485878498611, "culture": 0.0093243834803559, "interactions": 0.0093243834803559, "serum": 0.0093123259715344, "inflammation": 0.0092287438631919, "microbiol": 0.0092051227337916, "production": 0.0091933547212618, "antiviral": 0.0090657377524236, "essential": 0.0090542992994746, "opinion": 0.0090428874785706, "receptor": 0.0090428874785706, "europe": 0.0090201432388523, "expression": 0.0090088105751582, "cells": 0.0089637401438841, "technique": 0.0089190803828404, "ventilation": 0.008863821907308, "deep": 0.0088528445793956, "site": 0.0088528445793956, "mechanical": 0.0088418917818453, "follow": 0.0087551395195444, "platform": 0.0086383081517096, "dynamic": 0.0085757365589813, "biol": 0.0085550556216989, "functional": 0.0085241969162143, "italian": 0.0085241969162143, "free": 0.0085139537048286, "common": 0.0084529399518361, "field": 0.0084529399518361, "applications": 0.00843276965644, "old": 0.0083628202040959, "special": 0.0083331447863161, "cardiac": 0.0083036479578891, "major": 0.0082355046079553, "imaging": 0.0082065878582157, "impact covid": 0.0081682956723247, "increased": 0.0081019958709839, "co": 0.0080551820015982, "modeling": 0.0080088110326011, "evolution": 0.0079720275589181, "dynamics": 0.0079628746620208, "molecular": 0.0079446199859322, "like": 0.0079355180801334, "indian": 0.0077921404019579, "specific": 0.007783317042484, "immune": 0.007774509538112, "corona": 0.007730707862652, "19 patients": 0.0076357002650456, "region": 0.0076357002650456, "anti": 0.0076186222865686, "lockdown": 0.0076186222865686, "effective": 0.007567742505827, "recommendations": 0.007567742505827, "lung": 0.0075508992766603, "type": 0.0075257424642182, "protection": 0.0075090427040626,