{"nan nan": 0.810301546806632, "nan": 0.5858966634420907, "on": 0.0095986682644876, "infections": 0.0066609742345523}