{"bing": 0.4161846797920673, "zhong": 0.4122704598745996, "yi xue": 0.3979200590078384, "zhonghua": 0.3883069023847837, "yi": 0.3470033341992062, "xue": 0.3166034357398196, "disease 2019": 0.1739941496285157, "coronavirus disease": 0.1549218517146147, "2019": 0.1366443137644159, "disease": 0.1285678862858483, "coronavirus": 0.1236475707404812, "patients": 0.0525634541613725, "clinical": 0.0516255841066376, "patients coronavirus": 0.0501777552978814, "treatment": 0.0318107474726516, "2019 patients": 0.0306179412528711, "analysis": 0.030343985800913, "clinical characteristics": 0.0263408186124092, "characteristics": 0.0219187147451329, "ill patients": 0.0188988770367725, "cases": 0.0172939265426174, "critically ill": 0.017158554645854, "combined": 0.0167372340685699, "critically": 0.0165106804288498, "ill": 0.0156301177461237, "severe coronavirus": 0.0152634874009321, "severity": 0.015217784892996, "study": 0.0150794466937119, "syndrome": 0.0150043958833671, "severe": 0.01495685909184, "critical care": 0.0140249278173971, "correlation": 0.0139305238028764, "inflammatory": 0.0130248857656232, "care medicine": 0.0127923651071056, "pneumothorax": 0.0127131225142542, "value": 0.01268148741083, "prognosis": 0.0125900705539143, "hospital": 0.0125266818807951, "symptoms": 0.0123806760618418, "voice": 0.0123118432359732, "care": 0.0118798919156745, "dilemma": 0.0116415049948975, "different": 0.0113431385575544, "immunoglobulin": 0.0113393262220635, "injection": 0.011281171701216, "combating": 0.0111669947218072, "convalescent plasma": 0.0110189824923251, "complicated": 0.0108755252154628, "epidemic": 0.0106384272369702, "patients severe": 0.0104055743497146, "medicine": 0.0102871814727893, "markers": 0.0100079175722334, "convalescent": 0.0098070621678658, "traditional chinese": 0.0094520998784631, "classification": 0.0090803954916473, "cd4": 0.0090490617538319, "critical": 0.0088333637903644, "gastrointestinal": 0.008688788145542, "non": 0.0084127097840299, "study clinical": 0.0083221129119085, "plasma": 0.0082264101245043, "dimer": 0.0081444648042121, "efficacy safety": 0.0080977271451675, "clinical laboratory": 0.0080516819214064, "differentiation": 0.0080213597710708, "case": 0.0079036129960596, "outcome": 0.0078240995914056, "based": 0.0077985969964285, "non invasive": 0.0076788488791178, "bayesian": 0.0075465737780809, "observation": 0.0074572207235694, "interleukin": 0.0073826252446788, "heat": 0.0072739852062655, "concentration": 0.0072385996730967, "empirical": 0.0071920370680248, "aid": 0.00708975375411, "efficacy": 0.0070094301408312, "pathogen": 0.0069691461934557, "allocation": 0.0069158344959995, "safety": 0.0066534931213953, "infection control": 0.0066427617749881, "contribution": 0.0065947237899681, "usage": 0.0063828376063093, "human": 0.0062567793719173, "factors": 0.0061981371693249, "evaluation": 0.0061916666705268, "comparative study": 0.0061595153566691, "effect": 0.0061594482034194, "traditional": 0.0060939087885751, "pathogenesis": 0.0060858044925696, "control": 0.0060390093108655, "multicenter": 0.0059823277268989, "follow up": 0.0059667096249022, "nationwide": 0.0059589299068048, "western": 0.0059511696137417, "province": 0.0058973834251891, "suspected": 0.0058295699184629, "theory": 0.0057778303875854, "antiviral": 0.0057486471144179, "mobile": 0.0056910899925321, "invasive": 0.0056768657308293, "organ": 0.0056627062723658, "treated": 0.0056556506603524, "ventilation": 0.0056206108781978, "managing": 0.0055790780228566, "follow": 0.0055516946231872, "asymptomatic": 0.0055043466556955, "wuhan": 0.0054976411606304, "common": 0.0053600677837256, "integrated": 0.005334539954321, "hospitals": 0.0052966370972889, "covid 19": 0.005283850851918, "covid": 0.0052785319766855, "resource": 0.0052591909123006, "19": 0.0052520282462028, "assessing": 0.0051315719855535, "up": 0.00504931398838, "function": 0.0050204558817291, "pre": 0.0049691770616598, "relationship": 0.0049298703583538, "chinese": 0.0048472792515895, "effectiveness": 0.0047987579507415, "laboratory": 0.0047880775424404, "lung": 0.0047880775424404, "type": 0.0047721254333896, "network": 0.0046626960061707, "single": 0.004657579962617, "acquired pneumonia": 0.0046559328785267, "comparative": 0.0046321253096278, "open": 0.0045030206625607, "survey": 0.004430906156885, "emergency": 0.004397816916127, "results": 0.004397816916127, "community acquired": 0.0043745111430926, "strategies": 0.0043372847483068, "china": 0.0042915107875401, "association": 0.004228539110092, "elderly patients": 0.0042117347907751, "syndrome coronavirus": 0.0041610564559542, "effects": 0.0041494062305928, "respiratory": 0.0040637810973892, "management": 0.0040469355506914, "adult patients": 0.0039514728053176, "veterans": 0.0039442280468414, "review current": 0.0039085023842915, "nucleic acid": 0.0038944389590924, "air pollution": 0.0038598273306062, "coagulation": 0.0038394244395589, "components": 0.0038394244395589, "foundation": 0.0038259698284238, "swab": 0.00380600384227, "infection": 0.0038007488419913, "stimulation": 0.0037732868890404, "magnetic": 0.003760390567072, "2019 novel": 0.0036974670774274, "nucleic": 0.0036974670774274, "diagnosis treatment": 0.0036548891296648, "thinking": 0.0036548891296648, "lives": 0.0036489006911229, "study covid": 0.0035845073859812, "real world": 0.0035730808795098, "retrospective analysis": 0.0035337370596128, "respiratory syndrome": 0.0034953647920317, "workforce": 0.0034738558275008, "severe acute": 0.0034579172479997, "anal": 0.0033655733786523, "pollution": 0.0033556436459625, "exploration": 0.0033021360857699, "indicators": 0.0032784104664679, "presenting": 0.0032229046418787, "acquired": 0.0032093325217353, "30": 0.0032048346955026, "on": 0.0031217601778852, "prevention control": 0.0031175084710509, "damage": 0.0030797576783345, "daily": 0.0030550905274203, "dysfunction": 0.0030029515144963, "physicians": 0.0029950831539974, "inflammation": 0.0029260052092648, "psychiatry": 0.0028889151937927, "applied": 0.00286346904594, "acid": 0.002845544996266, "progress": 0.002824305514677, "acute respiratory": 0.0028103054390989, "site": 0.0028068250392599, "case study": 0.0028033524168572, "impacts": 0.0027454750507592, "liver": 0.0027421367081681, "elderly": 0.002725551728139, "mechanisms": 0.0027156850417959, "area": 0.0027091418831669, "school": 0.0026609271198707, "biological": 0.0026577653733507, "immunity": 0.0026358114559525, "work": 0.0026080331971352, "importance": 0.0025217604455815, "reports": 0.0025217604455815, "adult": 0.0025044936248429, "therapeutic": 0.0025016343823094, "air": 0.0024959316314012, "training": 0.0024959316314012, "novel coronavirus": 0.0024789478789797, "retrospective": 0.0024649351791769, "pediatric": 0.0024482850426249, "insights": 0.0024427744060753, "rate": 0.0024236396257947, "real": 0.0024155105860973, "knowledge": 0.0024020559749622, "blood": 0.0023728595966727, "test": 0.0023390474302901, "application": 0.0023364767136104, "pneumonia": 0.0023339102425422, "positive": 0.0023236865354129, "science": 0.0022515103312803, "world": 0.0022345794476182, "life": 0.002222597908861, "current": 0.0022059774522632, "community": 0.0022012612183593, "diagnosis": 0.002177892388837, "prevention": 0.002177892388837, "testing": 0.0021640379326261, "early": 0.0020660457231083, "role": 0.0020488743011161, "acute": 0.0020467411533843, "novel": 0.0020446109297765, "research": 0.0020297805716175, "review": 0.0020005378131593, "new": 0.0019456492523592}