{"inf": 0.4140431006102822, "technol": 0.3231037028377925, "educ": 0.316194126610091, "covid": 0.2619363097732496, "covid 19": 0.2464050523695354, "19": 0.2449210493104875, "life sci": 0.1995226105899811, "paper": 0.1461770470900308, "economic": 0.1417679753675308, "mathematics": 0.1403152654455848, "working": 0.1339330662101873, "research": 0.131062154320177, "computer": 0.1292574854187159, "life": 0.1275664852955952, "aids": 0.1240279918677039, "education": 0.118831435295663, "learning": 0.1166065871880881, "sci": 0.1149265210233642, "national": 0.1143036682573792, "turkish": 0.1126947424030862, "series": 0.1093185913465761, "pandemic": 0.0929453618926761, "revue": 0.0893659166868628, "canadienne": 0.0856375411032681, "abstract": 0.0814470930731903, "july": 0.0736883910382401, "abstracts": 0.072949565777766, "2020": 0.0609988147293765, "conference": 0.0601953636373613, "19 pandemic": 0.0596013443771625, "veterinary": 0.0578876509313645, "online": 0.0536532591489198, "satisfaction": 0.0526944096396162, "soc": 0.0524990416130803, "students": 0.0508577902412017, "sci covid": 0.0505452518210696, "canadian": 0.0496656300118781, "international": 0.0493499622011773, "10": 0.0490199508650039, "oral": 0.0485772028871819, "int": 0.0477860935014775, "study": 0.0473313798220017, "coronavirus": 0.0436828248677162, "de": 0.0412244311562533, "developing": 0.0406606063332252, "des": 0.0381029015823596, "teachers": 0.0370214059423592, "moral": 0.0359677867426373, "impact": 0.0352940710997539, "new": 0.0348971742358282, "development": 0.0337371501204578, "online learning": 0.0330803514902879, "developing countries": 0.0326165583061898, "jurnal": 0.0320903700007556, "based": 0.0314720263768549, "app": 0.0313464397597359, "countries": 0.0308778312488692, "services covid": 0.0306564141694241, "res clin": 0.0285047604015026, "student": 0.0283830958278993, "lab": 0.0275821602887475, "entrepreneurship": 0.0272958077331381, "evidence": 0.0272277459495764, "pour": 0.0263827101167313, "anti": 0.02599476561029, "empirical": 0.0257992822055732, "university": 0.0255640935356912, "higher education": 0.0253658611934854, "business": 0.0252730971911424, "teaching": 0.0249550636553294, "gynaecol": 0.024870204763289, "sars cov": 0.0240308426651584, "cov": 0.0237139838944053, "sars": 0.0233784097368183, "rat": 0.0231377361012594, "learning covid": 0.0229923106270681, "value": 0.0227455218461686, "universities": 0.0224797307097124, "digital": 0.0222059864676811, "rev": 0.0221556750171294, "effect": 0.0220951784491109, "crisis": 0.0220555937491923, "model": 0.0219119052943221, "context": 0.0218575619031373, "infecci\u00f3n por": 0.0215493745337961, "por sars": 0.0213571312533197, "performance": 0.0212798105007459, "inequalities": 0.0212620905039428, "research covid": 0.0211456836958968, "mini": 0.0209552027028686, "post covid": 0.020858494126909, "mobile": 0.0204150834298984, "science": 0.0201915500003876, "undergraduate": 0.02009683391952, "infecci\u00f3n": 0.0200195256055642, "technologies": 0.0199150442285062, "thinking": 0.0196662326391901, "trials": 0.0196016461464474, "post": 0.0195313441176437, "environment": 0.0191132904728035, "services": 0.0187992132152498, "effects": 0.0186059424673594, "obstet": 0.0183266826610429, "importance": 0.0180921229340319, "financial": 0.0180827243980695, "clinical trials": 0.0180560521138905, "online teaching": 0.0180386778091429, "medical": 0.0180339227746754, "models": 0.0180093841102702, "use": 0.0177931575351051, "computational": 0.0176151753775878, "uncertainty": 0.0175899513644926, "schools": 0.0175648032132054, "design": 0.0175451955781137, "information": 0.0173298437401933, "technology": 0.0173104710066767, "influence": 0.0170238484005967, "diversity": 0.0169828812271167, "distance": 0.0169129079819596, "spread": 0.0168367801640323, "application": 0.016762822975199, "distance learning": 0.0166203858004425, "best": 0.0166162798745767, "pharm": 0.0165492961732485, "19 lockdown": 0.0162866016687231, "social": 0.0162408210110426, "stock": 0.0162304014616879, "educational": 0.0162221975968, "society": 0.0160663416232563, "intellectual": 0.0160088688936518, "mis": 0.0157958046408574, "pathogens": 0.0157847458358108, "west": 0.0157039553135951, "les": 0.0156922505299416, "challenges": 0.0155918442551054, "infections": 0.0155421826793025, "pract": 0.0154661642941713, "resources": 0.0154466502736457, "12": 0.0154077583244614, "conf": 0.0153603368720262, "infective": 0.015328207084712, "por": 0.015328207084712, "epidemic": 0.015264870517995, "bovine": 0.015108339044209, "au": 0.0150776254531976, "education covid": 0.0150470801566801, "pandemic experience": 0.0149864871398082, "determinants": 0.0149730381931976, "human": 0.0149628832728318, "delta": 0.0149564358397168, "price": 0.0149265456733759, "coronavirus outbreak": 0.0148378249253299, "model covid": 0.0148085623769436, "wildlife": 0.0147794526362948, "impacts": 0.0147728560669842, "personality": 0.0147504941157599, "higher": 0.0147012346098355, "enabled": 0.0146361413332548, "remote": 0.0146125619442871, "bnt162b2": 0.0145798327467405, "risk": 0.014352662289265, "ghana": 0.0143065180738378, "case": 0.0141759240254428, "behavior": 0.0140828355670608, "politics": 0.0140459798789142, "local": 0.0140333087450715, "rates": 0.0140004530878674, "impact covid": 0.0139351265524715, "course": 0.0139188743529914, "covid pandemic": 0.0138953084726077, "september": 0.0138705877994267, "software": 0.0138705877994267, "medium": 0.0138459762686461, "obstetric": 0.0138459762686461, "micro": 0.0137727869984906, "co": 0.0137421544344654, "clinical": 0.0137178773608262, "long term": 0.0136945993072338, "modeling": 0.0136630454811101, "infection": 0.0136340498581398, "analysis": 0.0136062468379118, "york city": 0.0135588139334778, "bayesian": 0.0135355383144152, "city": 0.0135225084922963, "new normal": 0.0134892766159935, "air": 0.0134301124803616, "ireland": 0.0134205960429161, "play": 0.01339788927968, "un": 0.01339788927968, "challenge": 0.013278352343746, "violence": 0.0132635574141392, "physical": 0.0132483280601405, "conditions": 0.0132333562495154, "designing": 0.0131757681562227, "poland": 0.0131540351748287, "exposure": 0.0130557547978658, "clin": 0.01301193764607, "district": 0.0130042314629231, "lockdown": 0.012997382805145, "need": 0.012997382805145, "understand": 0.0129831558133696, "sector": 0.0129204027754515, "according": 0.0128789564680452, "systems": 0.0128675168884915, "form": 0.012858348301629, "term": 0.0127820467678456, "users": 0.0127766691456059, "product": 0.0127564349939281, "political": 0.0127362740219822, "2021": 0.0127114830241889, "states": 0.0125170148639548, "pandemic covid": 0.0124998639242441, "era": 0.012367329346876, "quality": 0.0121411424166832, "long": 0.0121149300002326, "res": 0.0121149300002326, "language": 0.012108837037765, "quality life": 0.0120908837125309, "mortality": 0.0120108943938112, "systematic": 0.0119337084242018, "survey": 0.0119209130827605, "critical": 0.0118826441189365, "class": 0.0118798363247059, "demographic": 0.0118282997234272, "mrna": 0.0117942047996078, "testing": 0.0116442583928561, "government": 0.0116433067921076, "conf ser": 0.011625862676805, "nigeria": 0.0116103214729846, "children": 0.0116072321153814, "selected": 0.0115125206720485, "usage": 0.0114482605637308, "coronavirus infection": 0.0114323106167499, "estimating": 0.0114323106167499, "professional": 0.0114323106167499, "shock": 0.0113847327802824, "en": 0.0113219208180778, "therapeutics": 0.011275271987973, "problem": 0.0112598087251678, "turkey": 0.0112443882376946, "public": 0.0112104101631598, "collaborative": 0.0111527505138559, "adaptive": 0.0110924850332025, "reality": 0.0110625948668616, "role": 0.0110245857602534, "situation": 0.0110180579908139, "coronavirus covid": 0.0110032910876971, "cluster": 0.0109300376989471, "editorial": 0.0108865433092456, "proc int": 0.010774687266898, "review": 0.0107644967169487, "innovation": 0.0107439651364809, "view": 0.0107439651364809,