{"oto": 0.4252046419455342, "official": 0.4126681973065341, "rhino": 0.4105235399390965, "otolaryngology": 0.3644087757461799, "netherlands": 0.2904269896976272, "facial": 0.2820887601899793, "uk": 0.2184191649233605, "surgery": 0.2069403444881911, "society": 0.1849158812677308, "clinical": 0.1578861847197364, "neck": 0.053195530416357, "19": 0.0413029118114533, "patients": 0.0387533088996767, "head neck": 0.037491871242844, "study clinical": 0.0368137236243712, "covid 19": 0.0363590242835233, "covid": 0.0363224242508651, "endoscopic": 0.030876391289579, "prospective": 0.0297815473271464, "head": 0.0274317975193855, "nasal": 0.0274317975193855, "acute": 0.024143920804375, "study": 0.0222351618660202, "injection": 0.022179299980063, "prospective study": 0.0216280902524394, "peak": 0.0211419168239037, "systematic review": 0.0209467298377123, "national": 0.0201364341305443, "systematic": 0.0196216080780165, "cancer": 0.0195167369414093, "symptomatic": 0.019144124733559, "19 pandemic": 0.0183745411325765, "review": 0.0176991701346341, "care": 0.0175173084968694, "video": 0.0170608612808755, "analysis": 0.0167787183189106, "pandemic": 0.0163738240952792, "cell carcinoma": 0.0147448817742753, "19 patients": 0.0142789494040366, "mechanically": 0.0140084990918795, "primary": 0.0139336256104692, "cancer care": 0.0131610284095153, "practice": 0.0130951190936855, "experience": 0.0126559599896352, "review clinical": 0.0126544319729228, "ablation": 0.0125751876967888, "mers cov": 0.0125490745409555, "pandemic clinical": 0.0125490745409555, "posterior": 0.0124972904142813, "fractures": 0.0122958141702106, "laryngoscope": 0.0122224870626834, "mucosal": 0.0122224870626834, "approach": 0.0121603964435908, "dissection": 0.0121265077127896, "ventilated": 0.0121028236990988, "tracheal": 0.0120792614546539, "tracheostomy": 0.0120092929742095, "location": 0.0118277703763306, "resection": 0.0118277703763306, "speed": 0.0117834913222153, "treatment": 0.0117265098232757, "use": 0.0117023259229694, "19 positive": 0.0116961963695282, "telephone": 0.0116317993410975, "measurements": 0.0115056579893835, "surgery covid": 0.0113028440785054, "thyroid": 0.0112830477347671, "tube": 0.0112830477347671, "nhs": 0.0112437097554692, "robotic": 0.0112241666706323, "early stage": 0.0111276821290443, "base": 0.0111086266069983, "lateral": 0.010995927982447, "referral": 0.010922306375903, "expansion": 0.0108319119966057, "white": 0.0107082824374586, "cancers": 0.0106908902099456, "mode": 0.0105540786637739, "carcinoma": 0.0104048950825267, "protecting": 0.0103401187892761, "randomised": 0.0103080707814064, "far": 0.0102921304298596, "cancer patients": 0.010276245330942, "recurrent": 0.0102446393680889, "workforce": 0.0102446393680889, "conventional": 0.0101820739397183, "discharge": 0.0101357041028153, "critically ill": 0.0101203511690282, "contamination": 0.010105049497219, "united kingdom": 0.0100594486587992, "primary care": 0.0098960235276766, "endoscopy": 0.0098669259921537, "bone": 0.0097807257119785, "critically": 0.0097382260585647, "cycle": 0.0097382260585647, "agent": 0.0096961169128466, "review meta": 0.0096961169128466, "triage": 0.0096130418927314, "mers": 0.0095993412952351, "technical": 0.0095045670900914, "investigating": 0.0094911865070113, "admission": 0.0094512775774531, "kingdom": 0.0094512775774531, "guided": 0.0094380514601943, "lesions": 0.0093724874456817, "ill": 0.0092188580955013, "samples": 0.0091937465452778, "paediatric": 0.0091687718434186, "bacterial": 0.0089618086824162, "routine": 0.0089618086824162, "cross sectional": 0.0088675565902265, "know": 0.0088559102143289, "limited": 0.0088559102143289, "sectional": 0.0088559102143289, "standard": 0.0087297162312883, "mitigation": 0.0087184145080531, "observational study": 0.0087184145080531, "simple": 0.0086069042269414, "19 era": 0.008541277619346, "device": 0.0084765775360322, "day": 0.0084339460988497, "identifying": 0.0083707334214914, "light": 0.0083602822277959, "feasibility": 0.0083498548138564, "technique": 0.0083394510717055, "assisted": 0.0082980706871822, "agents": 0.0082468651662091, "meta analysis": 0.0082366923619226, "flow": 0.0081361873152845, "stage": 0.0081163481221836, "tertiary": 0.0081163481221836, "area": 0.0079894454370599, "functional": 0.0079702301198135, "observational": 0.0079702301198135, "free": 0.0079606525897878, "pilot": 0.0079510950337704, "service": 0.0077093472924946, "small": 0.0076732617009386, "update": 0.0076732617009386, "meta": 0.0076553249013318, "assessing": 0.0075666790727472, "initial": 0.0075143031146717, "findings": 0.0074539449042069, "trial": 0.0074283184826367, "incidence": 0.0074113134670244, "pre": 0.0073272221820311, "infect": 0.0073105875124087, "pediatric": 0.0072201607025306, "rate": 0.0071474796760174, "versus": 0.0071474796760174, "cell": 0.0071314836861326, "method": 0.0071314836861326, "year": 0.0071235065797681, "effective": 0.0070759333520562, "type": 0.007036662790858, "following": 0.0070132609709046, "virtual": 0.0069745215479257, "investigation": 0.0069208306825307, "single": 0.0068677615615636, "positive": 0.0068527111491886, "united": 0.006785589334125, "era": 0.0067781916788475, "studies": 0.0067708059456627, "cross": 0.0066686363474851, "open": 0.0066398585672128, "low": 0.0066183932050223, "implications": 0.0065405360260055, "outcomes": 0.0065405360260055, "current": 0.0065055789804697, "future": 0.0064778040684875, "diagnosis": 0.0064227541999613, "post": 0.0064227541999613, "hospital": 0.0061570075021335, "high": 0.0061248470441921, "early": 0.0060929107027605, "related": 0.0060865500543428, "novel": 0.0060296980254022, "control": 0.0059364843757162, "risk": 0.0058997233782113, "cov": 0.0055701341516267, "coronavirus": 0.0055249269150174}