{"za zhi": 0.4562807713486337, "zhi": 0.443289004752273, "za": 0.4110149681742605, "zhonghua": 0.3772783593626956, "xue za": 0.1955350763913698, "ke za": 0.1936147436398024, "yi": 0.1823350775297484, "yi xue": 0.1735838104069188, "ke": 0.1623889158962015, "xue": 0.156944585178138, "coronavirus pneumonia": 0.1170736734970431, "coronavirus": 0.1098830047849133, "novel coronavirus": 0.0952602841648562, "zhongguo": 0.0871606891194801, "novel": 0.0799481268763853, "chinese": 0.0735275643043237, "pneumonia": 0.0629381194987856, "2019": 0.0544354549351616, "2019 novel": 0.0448690053430716, "pediatrics": 0.0431950084215414, "zazhi": 0.0416646652224222, "disease": 0.0395143558394786, "disease 2019": 0.0360928275310346, "treatment": 0.0348495248187836, "coronavirus infection": 0.0322284330245483, "bao": 0.0303259240250337, "covid 19": 0.0296851279766098, "covid": 0.0296552460786542, "19": 0.0295063458440931, "contemporary": 0.0277626913762768, "coronavirus disease": 0.0273160478881789, "diagnosis treatment": 0.0271041950398441, "clinical": 0.0270701168476149, "children": 0.0261772385563334, "bing": 0.0247570018088393, "clinical features": 0.0238985073664985, "infection": 0.0230611681629411, "zhi zhonghua": 0.0215238070789628, "features": 0.0215057623336524, "diagnosis": 0.0190875149784314, "prevention control": 0.0189155848200251, "cellular": 0.0180715529456337, "analysis": 0.0178998874763512, "immunology": 0.0171884976130924, "medical": 0.0162684193401661, "prevention": 0.0161509742125188, "china": 0.0159126503259691, "preventive": 0.015404924210268, "patients": 0.0139215686070855, "respiratory": 0.0136984027739318, "expert": 0.0135988347342316, "molecular": 0.0135851750618608, "ct": 0.0129406700472432, "epidemic": 0.0129098011839394, "sars": 0.0125533846703135, "medicine": 0.0124835621467894, "control": 0.0122139623045504, "risk": 0.0121383287461369, "sars coronavirus": 0.0116204532108298, "outbreak": 0.0113312846134537, "interpretation": 0.0106952115481687, "new": 0.0104935916485224, "version": 0.0102993967606201, "19 children": 0.0102635791330476, "cases": 0.010201670313457, "syndrome": 0.010115518196683, "2019 ncov": 0.0099048944301811, "consensus": 0.0096766932578001, "research": 0.0095789245544781, "ncov": 0.0094258846361251, "respiratory diseases": 0.0093031978867434, "endoscopy": 0.0090224939358182, "cancer": 0.0089232269929284, "nervous system": 0.0087153399081223, "severe": 0.0086429745456767, "trial": 0.008490734413663, "infected": 0.008384711921256, "effect": 0.0083050341869858, "acute": 0.0082791126848009, "pediatric": 0.0082528054084447, "obstet gynecol": 0.0082361345204753, "coronavirus infections": 0.0082203008462523, "nervous": 0.0081888708074731, "recommendations": 0.0080879503162826, "case": 0.007992571813885, "measures": 0.0079281254941596, "reprod": 0.0077652778729067, "support": 0.0077645499572962, "reconstructive surgery": 0.0076995583543407, "injection": 0.0076054310023942, "new coronavirus": 0.0075795627272631, "acute respiratory": 0.0075784979357831, "breast cancer": 0.0075158084584022, "pandemic": 0.007486259080249, "thinking": 0.0073920531926847, "strategies": 0.0073101714885317, "disinfection": 0.0071695522099495, "gynecol": 0.0071695522099495, "diseases": 0.0071494514762284, "military": 0.0070694134770938, "respiratory syndrome": 0.0070694134770938, "ocular": 0.0070475871554476, "imaging": 0.0070165679989613, "severe acute": 0.0069936754101924, "nucleocapsid protein": 0.0069858835135041, "guidelines": 0.0068950917568732, "obstet": 0.0068885492997738, "ophthalmology": 0.0068782275246971, "reconstructive": 0.0068398818896836, "management": 0.0068208094684442, "facing": 0.006816998750296, "epidemiological": 0.0065211564739297, "sars cov": 0.0064518591153876, "cov": 0.0063667881015717, "biomedical": 0.0063310632151394, "surgery": 0.0063076653076672, "epitopes": 0.0062932470821635, "breast": 0.0062288435493298, "situation": 0.0062121255434972, "hypertension": 0.0061789539671287, "nucleocapsid": 0.0061435177959876, "team": 0.006018152778755, "province": 0.0059637612017869, "pandemic eur": 0.0059503913303455, "mechanism": 0.0058801462232586, "human coronavirus": 0.0058727780701094, "kawasaki disease": 0.0058727780701094, "therapy": 0.0058481371908253, "engineering": 0.0058428625394799, "infections": 0.005841924236515, "tuberculosis": 0.0058207027930222, "antiviral": 0.0058133507950826, "transmission": 0.0057255952164597, "development": 0.0056359844553054, "hospital": 0.0056300779893315, "pressure": 0.0056004266648061, "issues": 0.0054991404235408, "biol": 0.0054858788946419, "system": 0.0054850587813066, "protein": 0.005472673086617, "noninvasive": 0.0054488485808734, "laser": 0.0054385013082043, "international society": 0.005428204882289, "chest ct": 0.0054179588058458, "kawasaki": 0.0053674667612449, "use": 0.0053504082608363, "antibody": 0.005349910151353, "nucleic acid": 0.0052510302264472, "robotic": 0.0051317895665238, "cervical": 0.0051228922348645, "evolution": 0.0051120155925167, "relative": 0.0050964247024238, "health": 0.0050934304812574, "beijing": 0.0050876759696411, "evolutionary": 0.0050702873349294, "manifestation": 0.0050616468342011, "aortic": 0.0050444719965875, "pathogenic": 0.0050189708486664, "virus disease": 0.0049937763352081, "pulmonary": 0.0049910060883029, "nucleic": 0.004985445038119, "eur": 0.0049461056434503, "perspectives": 0.0049128463099531, "coronavirus 2019": 0.0048800489723737, "protective": 0.0048799352481263, "lung": 0.0048419695685358, "cov pandemic": 0.0048100689390034, "edition": 0.0048024357121376, "blood": 0.0047991344566412, "influence": 0.0047991344566412, "positive": 0.0046996814030506, "discharge": 0.0046341347282639, "transfusion": 0.0046341347282639, "strategy": 0.0046082798111348, "national": 0.0046032790500383, "preparation": 0.0045786263574525, "construction": 0.0045379392837494, "financial": 0.0045312342589642, "ace2": 0.0044718354274878, "critical": 0.0044663936915849, "clinical characteristics": 0.0044395494503834, "characteristics": 0.0044330840023638, "convalescent": 0.0044077534160069, "infants": 0.0043333555963233, "professional": 0.0042971244032731, "examination": 0.0042674030757634, "therapeutics": 0.0042380974448046, "equipment": 0.0042322851846078, "early": 0.0041786000455603, "analyses": 0.0041750324845904, "related": 0.0041742378273916, "taiwan": 0.0041248093981386, "zhong": 0.0040873603380218, "differential": 0.0040225784666165, "childhood": 0.004001677361064, "corona virus": 0.0039913044762293, "nutrition": 0.0039151026801472, "expression": 0.003851231052567, "acid": 0.0038367638941222, "cells": 0.0038319636206427, "study": 0.0038122932092332, "growth": 0.0037519978808635, "asymptomatic": 0.0037108670811773, "liver": 0.0036973342992123, "elderly": 0.0036749720970177, "chest": 0.0036222569026513, "field": 0.0036135985495981, "department": 0.0035921079154898, "obstructive pulmonary": 0.003514768780167, "patients covid": 0.003504179554569, "mesenchymal stem": 0.0035037984262247, "chronic obstructive": 0.0034610308869323, "young": 0.0034316420566776, "findings": 0.0034080103950111, "respiratory care": 0.0033901476794585, "infected sars": 0.0033707460281588, "preliminary": 0.0033160621087209, "education": 0.0033085788205619, "corona": 0.0033048471749498, "bone marrow": 0.0032965444605541, "context": 0.003286287988446, "fractional": 0.0032613257080135, "technology": 0.0032532901654175, "diabetes covid": 0.0032441505819088, "literature": 0.0032243887629652, "term": 0.0032029713520562, "marrow": 0.0032024056480941, "tract infections": 0.0031942526168411, "general": 0.0031712501976638, "pulmonary disease": 0.0031622605362753, "stem cells": 0.0031235971366215, "online learning": 0.0031085226430407, "screening": 0.0030956731424722, "mesenchymal": 0.0030717588979938, "level": 0.0030688527000255, "tmprss2": 0.0030362416245141, "society": 0.0030194713463901, "injury covid": 0.0030018890640267, "practice": 0.0029936028887201, "changes": 0.0029871853692857,