{"inc": 0.5269214115482048, "north america": 0.4470904164192819, "radiological": 0.3599757584030696, "publication": 0.301485515076203, "america": 0.2847448242821534, "north": 0.2620034840476086, "society": 0.2212855727454412, "review": 0.2070961165146105, "imaging": 0.0979462069593728, "aneurysms": 0.0716098476395927, "bulletin": 0.0637237587777557, "maladies": 0.0512157427059988, "sur": 0.0414398861076138, "les": 0.0411682145682466, "mers cov": 0.0400460162849218, "endovascular": 0.0381765089642304, "euro": 0.0380309897140254, "communicable": 0.0360691042639464, "abdominal": 0.0343959027629352, "procedure": 0.0329456761692222, "surveillance": 0.0329102264292387, "mers": 0.030632966325837, "technical": 0.0303305273411781, "radiology": 0.029867552841228, "vascular": 0.029219266582843, "disease": 0.0266899251344272, "ct": 0.0258060543646301, "east respiratory": 0.0250914957880097, "features": 0.0230926819171512, "bowel disease": 0.0226429961449848, "hepatocellular carcinoma": 0.0221822275551288, "radiofrequency": 0.0221266205799952, "inflammatory bowel": 0.0219083272951766, "hepatocellular": 0.0213395948125376, "european": 0.0207380886683528, "review clinical": 0.020191113982558, "intracranial": 0.020106577989113, "ablation": 0.020064673679642, "syndrome coronavirus": 0.0195797038121389, "anatomy": 0.019310980796467, "lung cancer": 0.018593515365342, "foot": 0.0185594254108664, "greece": 0.018325144621475, "software": 0.0181945646873581, "mri": 0.0180345521319732, "clinical": 0.0179942487386953, "cov": 0.0177751500492928, "middle east": 0.0176943846594232, "aortic": 0.0176042938033117, "bowel": 0.0176042938033117, "percutaneous": 0.0173693408365065, "repair": 0.01711373990958, "arterial": 0.0168667725787539, "web based": 0.0167596309990775, "carcinoma": 0.0166018058366733, "respiratory syndrome": 0.0164473152594285, "bias": 0.0163210205484446, "children adolescents": 0.016172291041694, "relationships": 0.016172291041694, "authors": 0.015651455408258, "tumor": 0.015651455408258, "3d": 0.0155380844242654, "sustainable": 0.0154043194381868, "letter editor": 0.0152081510779361, "plan": 0.0150591328961893, "lesions": 0.0149545204969121, "supply": 0.0148718949625219, "2018": 0.01485138363914, "step": 0.0148105327955134, "hypertension": 0.014375620297236, "algorithm": 0.0142048977879425, "selection": 0.0141674947294545, "differential": 0.0140380704305815, "solutions": 0.0137858977863565, "adolescents": 0.0137682139035151, "trauma": 0.0137329739220999, "tools": 0.0136804303523679, "editor": 0.013645609896136, "video": 0.0136109544663822, "device": 0.0135250277197932, "normal": 0.013473952201371, "web": 0.0134570060014549, "east": 0.0131260770418093, "correlation": 0.0131099172960257, "letter": 0.0131099172960257, "complications": 0.0129660644864243, "academic": 0.0125358061577628, "increase": 0.0125358061577628, "action": 0.0123880782648747, "cardiac": 0.0123880782648747, "middle": 0.0123588874796376, "inflammatory": 0.0122576277528233, "update": 0.0122432758699216, "considerations": 0.0118253174297633, "pulmonary": 0.0116118049767534, "specific": 0.0116118049767534, "oral": 0.0115855489988453, "pediatric": 0.0115203185752722, "need": 0.011366099530612, "lung": 0.0112650646660162, "blood": 0.0111654068101294, "pneumonia": 0.0109821320034493, "cancer": 0.0103801487888405, "population": 0.0103468858869442, "future": 0.010335831792638, "viral": 0.0102479955173697, "children": 0.0101504247028962, "syndrome": 0.0100860933613564, "potential": 0.0099801164050618, "human": 0.0098136845948294, "data": 0.0097624420446154, "model": 0.0095808864066858, "system": 0.0095709309497483, "respiratory": 0.0095609890284465, "management": 0.0095213559667002, "control": 0.0094721148244535, "medical": 0.0094623062622973, "response": 0.0094232030568602, "treatment": 0.0093552716141655, "use": 0.0093359779829432, "based": 0.0091740055053693, "new": 0.0091551836623106, "coronavirus": 0.0088154434213339}