{"doi": 0.697596787219231, "10": 0.3830763948394429, "sci": 0.3528315674464817, "de": 0.2696311658013657, "acta": 0.2078466262448091, "anim": 0.1976059855776701, "biol sci": 0.1516514754824415, "da": 0.1031322391058164, "em": 0.1003180702124362, "biol": 0.0909135096302615, "sobre": 0.0684160206298571, "brasil": 0.0676145941375102, "na": 0.0417572658614429, "brazil": 0.034399608901951, "com": 0.0326900925020341, "dairy": 0.0296491858978817, "das": 0.0293887408340569, "por": 0.028644334231462, "para": 0.0281760639395945, "growth": 0.0279806182220858, "situ": 0.0272983020377898, "supplementation": 0.0259666285782125, "st": 0.0257376685938029, "diet": 0.0231802265039594, "state": 0.0228116957843917, "ieee int": 0.0214833336223097, "renal": 0.0197666216066413, "animal": 0.0195894099952966, "artificial": 0.0187691094503936, "liver": 0.0183819754613637, "bdj": 0.0183047175941002, "int conf": 0.018053650682039, "durante": 0.0170531888522683, "times": 0.0169825646177401, "liver transplantation": 0.0166168625288969, "education": 0.0164492063118319, "levels": 0.0162105626084481, "calves": 0.0161288895089418, "performance": 0.0159065179899216, "equine": 0.0158006782763208, "different": 0.0152077971895944, "pneumoniae": 0.0148909458203714, "elevation": 0.0146943704170284, "conf": 0.0143521881208468, "education covid": 0.0140594914602056, "development": 0.0140101651046433, "organic": 0.0138639703286946, "liquid": 0.013836628376312, "effect": 0.0137633334610362, "wall": 0.0136491510188949, "computing": 0.0136229110139366, "teach": 0.0135968025383774, "pandemic case": 0.0132201109731502, "marine": 0.0131959409531281, "plants": 0.012937219917767, "rats": 0.0127568164318842, "presentations": 0.0127346990739452, "bayesian": 0.0126471570138026, "replacement": 0.012625499477534, "microbial": 0.0124137373881623, "ieee": 0.0123723988380934, "eng": 0.012190331099249, "week": 0.0120529957995758, "covid 19": 0.0118068045759287, "covid": 0.0117949195091101, "19": 0.0117356967234728, "gastroenterol": 0.0113478077044204, "ecological": 0.011330923962025, "dietary": 0.0112307549139572, "learn": 0.0111977887914541, "3d": 0.0110679719792777, "clinical characteristics": 0.0110360170939701, "republic": 0.0109884493663979, "male": 0.0109726895057565, "proc": 0.0108024070909483, "protocols": 0.0107871994014055, "weight": 0.01075691658373, "diversity": 0.0105788264166467, "translational": 0.01052079094194, "reproductive": 0.0104633949896109, "tract": 0.0103504663391803, "efficiency": 0.0103365208690874, "transplantation": 0.0103365208690874, "pediatrics": 0.0102262811992402, "icu": 0.0101720241464618, "assess": 0.0100916837880794, "utilization": 0.0099994932403741, "team": 0.0099734500362761, "culture": 0.009908906088085, "sample": 0.0098198675101995, "west": 0.0097821691793993, "gastrointestinal": 0.0097075813181612, "interaction": 0.0096952531941379, "biology": 0.0095855937760563, "genetic": 0.00957355069562, "body": 0.0094900199024976, "case study": 0.0093961681747533, "structural": 0.0093845547251968, "administration": 0.0092698225540495, "aspects": 0.0091575632525491, "environment": 0.0089294115994827, "complex": 0.0088660197829214, "period": 0.0085502485609145, "second": 0.0085403743779228, "young": 0.0085305188783537, "pre": 0.0083277477139009, "relationship": 0.008261874370179, "oral": 0.0082525315336502, "conditions": 0.0082432054255754, "features": 0.0082246031559159, "type": 0.0079975127018484, "blood": 0.0079532589949608, "influence": 0.0079532589949608, "responses": 0.0079532589949608, "pneumonia": 0.0078227100566583, "united": 0.0077121553927093, "quality": 0.0075628532289797, "int": 0.0074416228542335, "european": 0.0073860000376448, "characteristics": 0.0073466300091732, "china": 0.0071920599138765, "online": 0.0071616888076032, "19 pandemic": 0.0069611893433979, "approach": 0.0069104437648682, "2020": 0.0067053252453617, "case": 0.0066227560663241, "clinical": 0.0064087642784657, "analysis": 0.0063566123537311, "study": 0.0063178382543136, "pandemic": 0.0062032182997294}