{"res public": 0.4930874851483073, "int environ": 0.4770879121989381, "environ res": 0.3476448687742479, "health online": 0.2774152522863173, "environ": 0.2255256805727254, "public health": 0.1971521281213014, "res": 0.1881075207575688, "int": 0.1854926849573157, "public": 0.1740631157115202, "health": 0.1578021752938329, "sars cov": 0.1370662955756962, "cov": 0.1352590073947139, "sars": 0.1333449710326816, "online": 0.1147596067412519, "pandemic": 0.0552227671845686, "cov infection": 0.0525189533830052, "spain": 0.0497570296523434, "italy": 0.0435856198224108, "cov pandemic": 0.0425780589711802, "hospital": 0.0373774984852553, "southern": 0.0351935879173113, "sample": 0.0349676720113304, "infection": 0.0340223737066796, "wave": 0.0312375754981129, "cov antibodies": 0.0294214412431207, "anti sars": 0.0275826872808154, "intellectual": 0.0266323274345314, "evidence": 0.0258834471335146, "relations": 0.0256612659743405, "coronavirus sars": 0.0255534306513514, "ace": 0.0252892038525602, "disabilities": 0.0242549852979227, "athletes": 0.0240248560380957, "current status": 0.0236681300092507, "pandemic int": 0.0232825613157594, "based": 0.0232696934587296, "air pollution": 0.0230341428921039, "clustering": 0.0228721521657512, "sport": 0.022634351103476, "variables": 0.0224791385551322, "healthcare professionals": 0.0223264810622099, "poland": 0.02188303084925, "seroprevalence": 0.0215638268733328, "university hospital": 0.0214598212977797, "procedure": 0.0208915229231026, "forecasting": 0.0206989817519541, "trend": 0.0202646807693156, "serological": 0.0201442409818859, "pollution": 0.0200253453368706, "prior": 0.0200253453368706, "emotional": 0.0196208193183238, "descriptive": 0.0194249866025428, "evidence based": 0.0193973450521693, "female": 0.0193697856461974, "perceived": 0.0192061272821339, "admission": 0.0191253685719112, "regions": 0.0190719175116373, "circulation": 0.0187575235634651, "case series": 0.0183542542334879, "involvement": 0.0178736423766588, "residents": 0.0178502533774148, "mediated": 0.0174838360056652, "professionals": 0.0174614085865494, "regulation": 0.0173944499325951, "nurses": 0.0173500779183523, "receptor": 0.0171097557160829, "real time": 0.0169388064831739, "pcr": 0.0167294582415093, "activities": 0.0165653170842404, "profile": 0.0165045055005355, "exploring": 0.016284880454436, "antibodies": 0.0161672416683079, "italian": 0.0161283580336298, "living": 0.0160318562962017, "work": 0.0155638592570738, "update": 0.0155274201796038, "period": 0.0152233361082962, "up": 0.0150662983021545, "considerations": 0.014997348294685, "air": 0.0148948750610528, "training": 0.0148948750610528, "pre": 0.0148271832766752, "novel coronavirus": 0.0147935217758894, "retrospective": 0.0147098987270026, "conditions": 0.0146766595040183, "people": 0.0146105363484138, "region": 0.0144472621787849, "levels": 0.014431091759196, "anti": 0.0144149494865658, "implementation": 0.0144149494865658, "real": 0.0144149494865658, "university": 0.014176127706301, "status": 0.0141290926099486, "prevalence": 0.0141134671078787, "spread": 0.0140048196175041, "series": 0.0139894019360069, "diagnostic": 0.0139740098440344, "test": 0.0139586432567827, "surveillance": 0.013912695681611, "support": 0.0137461425255549, "healthcare": 0.0136268645689065, "level": 0.0135825279109851, "different": 0.0135384022133758, "cancer": 0.0131645266743601, "current": 0.0131645266743601, "rapid": 0.0131645266743601, "emergency": 0.0131223413099508, "results": 0.0131223413099508, "viral": 0.0129969245231027, "cases": 0.0129005374148961, "children": 0.0128731812496771, "transmission": 0.0126705424528714, "global": 0.0126571893428832, "approach": 0.0123037368259638, "novel": 0.0122015458934621, "time": 0.0121635127576471, "control": 0.0120129210867553, "risk": 0.0119385324529871, "case": 0.0117915217133904, "analysis": 0.0113176647066557, "coronavirus": 0.0111801037178992}