{"13": 0.4349800612833198, "12": 0.3667974062151624, "23": 0.3618849407603274, "24": 0.3410999965049047, "22": 0.2516972868138588, "28": 0.2433432872986233, "25": 0.2171652993832867, "21": 0.2161974145202042, "17": 0.2078855976893896, "11": 0.202426593780047, "20": 0.1996693525736891, "10": 0.1591322647458864, "coronavirus": 0.1199901013918099, "16": 0.1168519100056508, "19": 0.112126835618458, "14": 0.1065187326153861, "18": 0.1054418586075982}