{"pain med": 0.5411006865097603, "crit care": 0.3713140743391269, "anaesth": 0.3651296740412252, "crit": 0.3415682531665908, "pain": 0.2763888857884512, "care": 0.2379174916813412, "med": 0.2265500504491928, "covid": 0.1557870918792736, "covid 19": 0.1522311155963149, "19": 0.1513142860140691, "care med": 0.0540476955267627, "mmwr": 0.0537534220721179, "2020 mmwr": 0.0473481285524546, "intensive care": 0.0439097182464768, "patients": 0.0435320208394511, "weekly": 0.0427596133593343, "morbidity mortality": 0.040975628343491, "intensive": 0.0402688023169597, "2020": 0.0379559225577499, "report": 0.0362260015791295, "pandemic": 0.0351137140672208, "morbidity": 0.0338278969717768, "december": 0.0332592373269188, "icu": 0.0319885519370292, "box": 0.031441066654732, "intubation": 0.031178454586343, "france": 0.0306058060465286, "states": 0.0294235676980875, "survivors": 0.0285914994885721, "med covid": 0.027885254535572, "united states": 0.0259228842840821, "coronavirus disease": 0.0251223119927996, "american society": 0.0244976270684321, "united": 0.0242528605687523, "19 vaccine": 0.0239647018088087, "ill patients": 0.0239043823954966, "mortality": 0.0235281979604004, "letter": 0.0234934994501235, "severity covid": 0.0233061494068867, "vaccine": 0.0225217764999647, "members": 0.0218354875959397, "anesthesia": 0.020733606892982, "19 patients": 0.0204141660753198, "french": 0.0200714463068535, "disease": 0.0199289250302768, "study": 0.0198680709186242, "ill": 0.0197698683769936, "coronavirus": 0.0197470367752137, "disease covid": 0.0193989591611577, "quality": 0.0190266731438302, "pfizer": 0.0189015571438634, "society": 0.0188834596567348, "results": 0.0185420359569397, "march": 0.0183869113570747, "total": 0.0182471754334656, "smell": 0.0174741063709162, "allergic": 0.0173709238948407, "tracheal": 0.0172693412116723, "associated": 0.0169217495661853, "evaluating": 0.0166499511399749, "societies": 0.0162737691260478, "plastic": 0.0161593216428672, "mmwr morb": 0.0160949433704292, "morb": 0.0160949433704292, "morb mortal": 0.0160949433704292, "mortal wkly": 0.0160949433704292, "wkly rep": 0.0160949433704292, "severity": 0.0160402718014576, "infection": 0.016024682935997, "19 infection": 0.0160033939805974, "vaccinated": 0.0159637264666716, "23": 0.0158816550158706, "pulmonary": 0.0156066164078128, "ards": 0.0150888352159411, "blood": 0.0150066437966985, "surveillance": 0.0147441125878259, "randomised": 0.0147371254630466, "patients severe": 0.0146239628604131, "sepsis": 0.0144033375774614, "level": 0.014394214128578, "quality life": 0.0142109336495967, "low": 0.0141931637492424, "american": 0.0141169187762402, "14": 0.0140240190202806, "survey": 0.0140111598861998, "mortal": 0.0139922455020761, "critical": 0.0139661807334206, "current": 0.0139512333119419, "vaccination": 0.0139363085896694, "concern": 0.0137434644618706, "evidence": 0.0137151155833155, "allergy": 0.0136268094191257, "three": 0.0134744315787764, "global": 0.0134135777125897, "2018": 0.0133071386142719, "oxygen": 0.013234135610342, "forum": 0.0131440110556482, "19 pandemic": 0.0131347525516188, "month": 0.0131083055077813, "supporting": 0.013055109395652, "including": 0.0129326394407717, "severe covid": 0.0128636708900596, "reactions": 0.0127954207748117, "case": 0.0124961781456785, "successful": 0.012273596711015, "confirmed": 0.0121647836223104, "light": 0.0119524332642095, "pregnant": 0.0119078113994436, "dose": 0.0118930047223658, "centre": 0.011819469137682, "mask": 0.0116320517969742, "loss": 0.0114085093702665, "predicting": 0.0113674311678809, "disease 2019": 0.0112860394153863, "academic": 0.0112323345915972, "simulation": 0.0111923428998768, "immunity": 0.0111130844516886, "outcome": 0.01099596600778, "key": 0.0107678285841259, "prospective": 0.0106444360140476, "wkly": 0.0105401474850775, "official european": 0.0104512014989854, "preliminary": 0.0103691537136328, "exposure": 0.0102299919834416, "possible": 0.0102299919834416, "sciences": 0.0102299919834416, "recommendations": 0.0101162399627198, "associated sars": 0.0099882617690097, "emerging": 0.0098402112827377, "blockers": 0.0096507306790917, "healthcare": 0.0096274668844884, "life": 0.0093708972269389, "int": 0.0093608405069008, "future": 0.0092611132875156, "characteristics": 0.0092413487119893, "racial ethnic": 0.0092218871835948, "experience": 0.0090469145089196, "severe": 0.0090087105999858, "coagulopathy": 0.0089891757021701, "health professionals": 0.0089891757021701, "association": 0.0089141642000981, "2019": 0.0087290685061436, "post pandemic": 0.0086346706058361, "surveill": 0.0085846547349407, "oxford": 0.0085029553409533, "papers": 0.0085029553409533, "april 2020": 0.0084708376728226, "response": 0.0084433795742502, "19 covid": 0.0084390318316354, "risk": 0.0084346494572777, "things": 0.0084075318205797, "vein": 0.0083763318141864, "august": 0.008360842537533, "considering": 0.0083300819743529, "agenda": 0.0082996075600928, "march 2020": 0.0082996075600928, "22": 0.0082844760047415, "diarrhea": 0.0082694140200053, "interim": 0.0082098491807147, "october": 0.0082098491807147, "september": 0.0081513480563158, "confirmed covid": 0.0081368845630239, "hospitalizations": 0.0081081477479731, "requiring": 0.0081081477479731, "coagulation": 0.0080938733205552, "clinical": 0.0080616044957064, "2013": 0.0080095087637209, "presentations": 0.0080095087637209, "operations": 0.0079956568364899, "prone": 0.0079956568364899, "health": 0.0079634460782509, "health covid": 0.0079544490490127, "base": 0.0079408275079353, "le": 0.0079137531727653, "description": 0.0079002994540239, "healthcare system": 0.0079002994540239, "net": 0.0079002994540239, "published": 0.007860266663683, "sars": 0.0078507561683185, "result": 0.0078338473599392, "committee": 0.007807639412889, "abstracts": 0.0077946136465857, "virus infection": 0.0077946136465857, "care unit": 0.0077687164689622, "updated": 0.0075204176771188, "quantification": 0.0075084833254528, "case reports": 0.0074847442657103, "option": 0.0074611759920488, "risk covid": 0.0074611759920488, "february": 0.0074261384825599, "record": 0.0074145420955511, "decisions": 0.0074029866129905, "procedure": 0.0073799972140195, "complete": 0.0073685627315233, "return": 0.0073571680212205, "well being": 0.0073344968171804, "being": 0.0073232197805394, "allocation": 0.0072896197330786, "waves": 0.0072784958653132, "anaesthesia": 0.0072674096418423, "elective": 0.0072125343904304, "worldwide": 0.0072125343904304, "leading": 0.0071800451068595, "13": 0.007158563220643, "preparation": 0.007158563220643, "ethnic": 0.007147874872143, "impairment": 0.0071372212825612, "birth": 0.0070844669073164, "january": 0.007063600748178, "surgeons": 0.007063600748178, "cerebral": 0.0070532172976175, "global pandemic": 0.0070532172976175, "fighting": 0.0070428666542225, "coverage": 0.0070325486113331, "venous": 0.006981440306282, "19 vaccines": 0.0069612181685561, "persons": 0.0069211445690528, "april": 0.0068914078210669, "continuous": 0.0068914078210669, "19 associated": 0.0068815552545148, "ebola": 0.0068619385736883, "immunization": 0.0068327320571227, "implementing": 0.006823054130116, "decision making": 0.0068134047095628, "variant": 0.006794190719532, "racial": 0.0067846258195715, "thrombosis": 0.0067560975471882, "pregnant women": 0.0067184422370979, "persistent": 0.0067090956518441, "preprint": 0.0066627585863989, "transplant": 0.006635267718144, "well": 0.0065989684447163, "19 vaccination": 0.0065899561256645, "automated": 0.0065899561256645, "2019 covid": 0.0065720055278241, "19 case": 0.0065630669795522, "vascular": 0.0065452627188305, "concept": 0.0064924232521973, "changing": 0.0064663197203858, "opportunity": 0.0064490322084518, "disparities": 0.0064147284823481, "des": 0.0063977103874058, "adaptation": 0.0063892343777376, "neurological": 0.0063723478665886, "deaths": 0.0063555479533132, "position": 0.0063555479533132, "mental health": 0.0063471801942062, "treatments": 0.0063471801942062,