{"coloproctology": 0.4575198445071593, "britain": 0.3729356231876525, "colorectal": 0.2919716381711634, "hernia": 0.2758704062011995, "ireland": 0.2725989474381287, "great": 0.2611785796702433, "hernias": 0.2309445865733557, "abdominal wall": 0.1999685180348103, "laparoscopic": 0.1915753397160126, "official": 0.1800683074663811, "association": 0.1540523871108722, "disease": 0.1468459622319013, "wall": 0.133685127867745, "abdominal": 0.122910838520672, "surgery": 0.1104988412652514, "laparoendoscopic": 0.1078118606527883, "hernia repair": 0.1062903453672084, "repair": 0.0990120422998072, "mesh": 0.0890879719194954, "single incision": 0.0726597999906064, "incision": 0.0707156705231867, "rectal": 0.0696450417437035, "incision laparoscopic": 0.0641723994873829, "surgeons": 0.0617064249902414, "video": 0.0486375902984723, "single": 0.0466162159107523, "total": 0.0462041297210258, "single port": 0.0452145209466819, "resection": 0.0449585938433433, "society": 0.0430337528385477, "cancer": 0.0406252071984086, "port": 0.0344246671869643, "laparoscopy": 0.0274812931246873, "sleeve gastrectomy": 0.0245026956029064, "sleeve": 0.023329397241416, "gastrectomy": 0.0214192761513584, "approach": 0.0198098315822966, "surgical": 0.0197365930703558, "porcine": 0.0195636772489383, "anal": 0.018863565642138, "techniques": 0.0183421045086142, "robotic": 0.0182846712628388, "peritoneal": 0.0168960257408212, "endoscopy": 0.0160736652827275, "recurrence": 0.0155354759259518, "patients": 0.0150311617858464, "postoperative": 0.0148027022606311, "percutaneous": 0.0147780630780944, "outcome": 0.0146176594226373, "fistula": 0.0144242547384614, "experience": 0.0137447512269276, "technique": 0.0135853400820957, "model": 0.0130424701772885, "colorectal cancer": 0.0129183276508088, "laparoscopic surgery": 0.0122945809842083, "study": 0.0120740255416896, "tissue": 0.011912667516708, "early": 0.0115798958253935, "following": 0.011424916886615, "term": 0.0114122524856977, "systematic review": 0.0113743876747716, "closure": 0.0113713849984913, "centre": 0.0112231401360389, "review": 0.0112127331994827, "colon": 0.010793388096976, "low": 0.0107816595737723, "outcomes": 0.0106548267348143, "systematic": 0.0106548267348143, "analysis": 0.0106296109087663, "morbidity": 0.0102787757737469, "dissection": 0.0098773126594237, "treatment": 0.0095515054021809, "anterior": 0.0093379872893635, "mri": 0.0092064201457084, "visualization": 0.0091902955794896, "bilateral": 0.0091582539125796, "long": 0.0090138563434802, "assisted": 0.0090119530523316, "bowel": 0.0089867784869712, "extraction": 0.008852112655078, "cholecystectomy": 0.0088394588153983, "complication": 0.0086938571866316, "biological": 0.008512229302163, "endoscopic": 0.0083831711977617, "reconstruction": 0.008268305787899, "long term": 0.0081513405911258, "size": 0.0080368326413637, "guided": 0.0076875047108369, "open": 0.0072110850747842, "colitis": 0.0070360147018093, "presentation": 0.0069836937827089, "right": 0.006948227185496, "comparison": 0.006945677503469, "consensus": 0.0068956512279616, "day": 0.0068696383611916, "invasive": 0.0068181502169464, "obesity": 0.006801144122497, "assessment": 0.0067929711852159, "site": 0.0067422256074973, "minimally": 0.0067172762328074, "pain": 0.0067007031407001, "randomized": 0.0066842226226483, "giant": 0.0066369933291708, "complications": 0.0066190186717606, "novel": 0.0065484324698027, "placement": 0.0064838031770195, "management": 0.0064807156651173, "matched": 0.0064226562633347, "capacity": 0.0064070028201195, "case": 0.0063283771032426, "impact": 0.0063023529479143, "gastric": 0.0062590303976298, "rates": 0.0062500438488005, "surgeon": 0.0062365093915867, "new": 0.0062314803043672, "years": 0.0061489551995646, "short": 0.0061418382645675, "clinical": 0.0061238971681517, "initial": 0.0061205685131437, "simultaneous": 0.0060948904209462, "access": 0.0060923960679072, "to": 0.0060923960679072, "28": 0.0060843232960088, "trial": 0.0060505321007956, "training": 0.0059954339598712, "radiological": 0.0058337542535315, "versus": 0.005821782590584, "dis": 0.0057828309542728, "primary": 0.0056746253700398, "covid 19": 0.0056409983239982, "covid": 0.0056353199339162, "curve": 0.0056323642974881, "19": 0.0056070247561335, "complete": 0.0055974366478728, "clinical outcomes": 0.0055629924414777, "conventional": 0.0055290184778643, "self": 0.0054969838012542, "quality life": 0.0053975791283178, "vivo": 0.005389590183468, "learning": 0.0053850199315884, "improves": 0.0053816268032853, "formation": 0.0053265854464916, "european": 0.0052932713799231, "review meta": 0.0052651365421282, "diagnosis": 0.0052314774269872, "prevention": 0.0052314774269872, "triage": 0.0052200255633644, "symptomatic": 0.0051977730676996, "increases": 0.0051250031405579, "three": 0.005117841828613, "hybrid": 0.0050403982495931, "19 pandemic": 0.0049888253633672, "high": 0.0049888253633672, "reality": 0.0049385332435646, "pathway": 0.0049252609231256, "time": 0.0048960153851313, "outpatient": 0.0048535020954357, "classification": 0.0048470800165593, "two": 0.0048470800165593, "risk": 0.0048054570854926, "follow up": 0.0047775098035232, "nationwide": 0.0047712806283471, "use": 0.0047659035363388, "care": 0.0047560802904718, "procedures": 0.0047220007173448, "target": 0.0047220007173448, "clinic": 0.0046677028356709, "reduced": 0.0046557958551392, "vs": 0.0045003905436105, "deep": 0.0044948170716648, "meta analysis": 0.0044726471773013, "combined": 0.0044671354271334, "cohort study": 0.0044616358576388, "pandemic": 0.0044456157219088, "follow": 0.0044452096977786, "tertiary": 0.0044072984547168, "advanced": 0.0043805682924212, "end": 0.0043488665365291, "functional": 0.0043279541934361, "observational": 0.0043279541934361, "chest": 0.0043020584947974, "arch": 0.0042409866155364, "prevent": 0.0042060414489716, "inflammatory": 0.004171580207311, "meta": 0.0041569559486709, "validation": 0.0041569559486709, "course": 0.004142417129225, "guidelines": 0.004094558843045, "uk": 0.0040898232484979, "safe": 0.0040569240360417, "experimental": 0.0040522594532636, "prospective": 0.0040429564361359, "up": 0.0040429564361359, "10": 0.0039787912635202, "pediatric": 0.0039206552784615, "cohort": 0.003907429981523, "rate": 0.0038811883937226, "method": 0.0038725023319076, "magnetic resonance": 0.003863149061927, "chronic": 0.0038337859284401, "multi": 0.0038210131672085, "test": 0.0037457234327203, "comparative": 0.0037089158797899, "lessons": 0.0036887000563228, "observational cohort": 0.0036655285128265, "bypass": 0.0036482466087402, "quality": 0.0036133436540736, "prostate cancer": 0.0035733176607594, "life": 0.0035592425193803, "pulmonology": 0.0035493115703213, "retrieval": 0.0035414113717705, "bariatric": 0.0035335610170753, "results": 0.0035213065075614, "european society": 0.0035026457102124, "minimally invasive": 0.0034799530978154, "distal": 0.0034724799396648, "esophageal": 0.0034430282193311, "rat": 0.0034430282193311, "severe": 0.0034216772455988, "lockdown covid": 0.0034142575250284, "posterior": 0.0033931078301377, "prevention treatment": 0.0033931078301377, "propensity": 0.0033861370718963, "resonance": 0.0033723116286387, "hospital": 0.0033433471853758, "atrial": 0.0033250976195453, "mucosal": 0.0033184966645854, "prostate": 0.0032989013447772, "randomized trial": 0.0032989013447772, "role": 0.003281043548329, "catheter": 0.0032796098406443, "virtual reality": 0.0032543444631186, "laser": 0.0032295819127022, "control": 0.0032235998286019, "single centre": 0.0032173830199744, "associated": 0.0032135989275995, "radiotherapy": 0.0031933382699818, "current status": 0.0031756048046161, "assistance": 0.0031408785389035, "prospective observational": 0.0031408785389035, "learnt": 0.0031182546957933, "loop": 0.0031182546957933, "mini": 0.0031182546957933, "pediatric patients": 0.0031182546957933, "morbidity mortality": 0.0031126624297878, "fit": 0.0031015527390919, "limitations": 0.0031015527390919, "prophylactic": 0.0031015527390919,