{"bras": 0.4613878744140944, "assoc": 0.4207362717052085, "rev": 0.313410130719489, "med": 0.2572300930295332, "covid 19": 0.2234359519261106, "covid": 0.2232110349131089, "19": 0.2220902829433887, "patients": 0.1465535217170246, "care unit": 0.1438465305965338, "intensive care": 0.1161482660150376, "systematic review": 0.1155208838576858, "mortality patients": 0.114216339403429, "systematic": 0.1082128583050046, "intensive": 0.1065174578748857, "unit": 0.1034964992591259, "19 infection": 0.0987736181420927, "review": 0.0976106434437021, "patients systematic": 0.0973043669804327, "admission": 0.0938225635229619, "mortality": 0.0871302141431902, "smell": 0.0808881874751589, "taste": 0.080252997958644, "adults covid": 0.0782759599341084, "alterations": 0.0774052056535343, "care": 0.0772861435095343, "patients covid": 0.0760831343578541, "infection": 0.0741787608500718, "group": 0.0708733621736667, "blood": 0.0694662256846861, "socioeconomic": 0.0694039225732438, "older adults": 0.0662744281799622, "emergency department": 0.0621997604546923, "effect": 0.060106607177241, "older": 0.0531299423709033, "department": 0.05199482977516, "protocol": 0.0489358090752665, "19 patients": 0.0472489081157778, "adults": 0.047090530780176, "19 rev": 0.0453235463019353, "retrospective observational": 0.0434515650865965, "rapid": 0.0430537982579105, "emergency": 0.0429158335430642, "characteristics": 0.0427784935762365, "diagnosis": 0.0425056654319972, "infection patients": 0.042230225821118, "patients admitted": 0.0408506756096271, "role": 0.0399876348353288, "kawasaki": 0.0388463441439654, "diabetes mellitus": 0.0384895136706145, "mellitus": 0.0383490997468304, "type diabetes": 0.0382793773461978, "patients treated": 0.0378676435816514, "clinical": 0.0373174205282749, "19 severity": 0.0372702737469299, "19 emergency": 0.0369482957190727, "disease": 0.0369006480745807, "admitted": 0.0349792011001051, "diagnosis covid": 0.0349233461735197, "comorbidities": 0.0340565619525598, "smoking": 0.0336410675939647, "markers": 0.0325538885037619, "associated covid": 0.0321306630231926, "19 disease": 0.0311867835908144, "turkey": 0.030588665681435, "2019 covid": 0.0304220200986761, "observational study": 0.0288491508969008, "serum": 0.0288118456002916, "preventing": 0.0278378031843585, "treated": 0.027595164481194, "observational": 0.0263734158541254, "predicting": 0.0263100980359405, "disease 2019": 0.026121715546016, "process": 0.0256003333078531, "inflammatory": 0.0254205138638272, "imaging": 0.0253907501733618, "diabetes": 0.0249511659043409, "severity": 0.0247503073993778, "pre": 0.02424570868812, "retrospective": 0.0240539226305852, "possible": 0.0236774771728316, "laboratory": 0.0233620842706222, "type": 0.0232842504192201, "coronavirus disease": 0.0232583943252768, "methods": 0.0229009630716464, "diagnostic": 0.0228505823096126, "children": 0.0210504852233153, "2019": 0.0202035662030662, "approach": 0.020119318234023, "associated": 0.0195828276173747, "treatment": 0.0194014548788193, "study": 0.0183939849182818, "coronavirus": 0.0182819307476676}