{"obstet gynecol": 0.4504057539242537, "obstet": 0.4056887390871208, "gynecol": 0.3920780507401479, "perinatal": 0.2328711182115223, "fetal": 0.1493876560366362, "maternal": 0.1474735266027737, "covid 19": 0.1348651772211451, "covid": 0.1347294180805188, "19": 0.1340529360206073, "yi xue": 0.0995737670957286, "european association": 0.0922833148365753, "fetal neonatal": 0.0922833148365753, "decisions": 0.0896325936219817, "yi": 0.0868325896089406, "medicine official": 0.0865746084323742, "to": 0.0863153834842994, "official european": 0.0843594930705575, "cov antibodies": 0.0838914656161094, "xue": 0.079225452596355, "anti sars": 0.0786484945620898, "survey": 0.0753963931289039, "con": 0.0752606061448249, "sectional survey": 0.0741142964687611, "19 pandemic": 0.0706802987815537, "viral load": 0.0701068835998545, "risks": 0.0700755925278373, "medicine": 0.0700187592378227, "making": 0.0693989997251947, "management": 0.0688627411512983, "international society": 0.0685037951607197, "care": 0.0673828309220893, "ensuring": 0.0667486484483082, "federation": 0.0663872369791771, "societies": 0.0656789037104467, "pandemic": 0.0629842547305376, "interval": 0.0622939645303984, "cross": 0.0577166914665307, "load": 0.0571840507557309, "safety": 0.056607990024985, "attention": 0.0562707057411694, "transfer": 0.0539291005769504, "en": 0.0537059527475664, "data": 0.0529547883101479, "ultrasound": 0.0513681141043788, "cross sectional": 0.0511654858266111, "sectional": 0.0510982866523112, "treatment": 0.0507461581485464, "province": 0.0501750007124987, "asia": 0.0488478402816602, "infection": 0.0485052171715024, "dental": 0.0481183357861336, "pregnant": 0.0480584425309562, "telemedicine": 0.0476429457085401, "neonatal": 0.047060480289449, "antibodies": 0.0460988157349809, "pandemics": 0.0452245919544394, "immunity": 0.0448510236304293, "child": 0.0445349697381548, "local": 0.0443783481893182, "course": 0.0440164656576346, "students": 0.0438628764890146, "period": 0.0434073901118023, "official": 0.0425193001217895, "delivery": 0.0422778111296569, "rev": 0.0420385075882347, "relationship": 0.0419433892811533, "den": 0.0417157890917687, "rev bras": 0.0414897762304033, "anti": 0.0411023793571958, "implementation": 0.0411023793571958, "knowledge": 0.0408734354087978, "de": 0.0391099246726393, "level": 0.0387288360148121, "society": 0.0381056447006383, "intensiva": 0.0379693326847705, "neurol sci": 0.0378837567845405, "european": 0.0374968028959316, "parkinson disease": 0.03738161679854, "cardiac surgery": 0.0372997500946951, "analgesia": 0.0371375219191478, "viral": 0.0370590630736004, "delirium": 0.0367404521246775, "distress syndrome": 0.0366624493590286, "fertility": 0.036354960373951, "epidemic": 0.0362047406932999, "global": 0.0360903517873502, "parkinson": 0.0360544603835799, "international": 0.036014366502719, "association": 0.0359764555846039, "vaccine development": 0.0346465964557118, "respiratory distress": 0.0341872449799989, "adults covid": 0.0341229069920766, "national survey": 0.0337433183245727, "case": 0.0336220115869341, "herd": 0.0334961815884023, "woman": 0.0333138141394592, "sars cov": 0.0325689132839037, "disease": 0.0321722629337592, "cov": 0.0321394757493281, "study": 0.0320740230900289, "protective equipment": 0.0318305483895532, "personal protective": 0.031723056493173, "sars": 0.0316846733193402, "centered": 0.0315634397002982, "operative": 0.0311983276906152, "retrospective cohort": 0.0311469822651992, "bras": 0.0309435716311232, "qualitative study": 0.0308932042161989, "weeks": 0.0305949638165921, "bias": 0.0295102456331664, "sepsis": 0.0290650375623489, "19 associated": 0.027773099239559, "glob": 0.0276939287609106, "high risk": 0.0274592226490708, "section": 0.0274205068661266, "multidisciplinary": 0.0272667675707604, "effects covid": 0.0271905631498406, "neurol": 0.0271147954328705, "pregnant women": 0.0271147954328705, "recognition": 0.0270394594431262, "tracking": 0.0268900631594694, "equipment": 0.0267056608616684, "telehealth": 0.0264517435568957, "resilience": 0.0258890445758168, "mexico": 0.0255827429133055, "distress": 0.0254821992316013, "new york": 0.0254155923883239, "follow up": 0.0253824143773676, "depression": 0.0253163070875041, "york": 0.0252177618082263, "curr": 0.0248307654850455, "presentation": 0.0247357607857603, "matter": 0.0246728014742752, "consensus": 0.0244239201408301, "anxiety": 0.0243931368197575, "mobile": 0.0242099270000436, "qualitative": 0.0240292212654781, "acute respiratory": 0.0239101084740145, "cohort study": 0.0237042088445312, "follow": 0.0236169383598338, "needs": 0.0235302401447245, "case report": 0.0229939720192824, "applications": 0.0227473475133362, "personal": 0.0227202266208972, "pregnancy": 0.0225586592690625, "reply": 0.0224786100007506, "cardiac": 0.0223990424761877, "policy": 0.0223199509316879, "rep": 0.0222413297063875, "impact covid": 0.0220339304665047, "19 infection": 0.0215292344416518, "up": 0.0214798084759491, "protocol": 0.0213326296229772, "10": 0.0211389055648284, "retrospective": 0.0209716946405766, "cohort": 0.0207597704704708, "levels": 0.0205742034884607, "method": 0.0205742034884607, "adults": 0.0205282158579991, "protective": 0.0205282158579991, "stress": 0.0204367177043989, "women": 0.020345848409056, "surgery": 0.0199006403382385, "efficacy": 0.0198787686534691, "single": 0.019813369853541, "sci": 0.0194699367672278, "national": 0.019364418007406, "outcomes": 0.0188693300083283, "prevention": 0.0185295315368002, "report": 0.0182754533622595, "syndrome": 0.0182367941814179, "severe": 0.018179016534796, "vaccine": 0.018179016534796, "development": 0.017781491903288, "human": 0.0177442484126667, "high": 0.0176700746953884, "effects": 0.0176515961033826, "evaluation": 0.0175595885613896, "approach": 0.017541263637558, "acute": 0.0174136954349493, "time": 0.0173413481659035, "respiratory": 0.0172873463327853, "associated": 0.0170735179994484, "response": 0.01703821375837, "risk": 0.0170205969264126, "use": 0.0168805009885698, "impact": 0.0167418739735935, "new": 0.0165536044691326, "coronavirus": 0.0159393158017706}