{"der": 0.6407718724463223, "integrative": 0.5817741503395258, "reviews": 0.5009493442239015}