{"signal": 0.5296123545179, "target": 0.4349732078721269, "ther": 0.3878309770652265, "covid 19": 0.2412557930197534, "covid": 0.2410129380455759, "19": 0.2398028019734602, "19 patients": 0.1530515483098137, "patients": 0.1384614923080931, "disease severity": 0.118261247445859, "severity covid": 0.1164891163878701, "severe": 0.1125686529406166, "severe covid": 0.1125169092208814, "predicts": 0.0906721058940801, "descriptive": 0.0857435892992903, "lymphocyte": 0.0806262830966847, "severity": 0.0801727070461903, "predictive": 0.0776737871200226, "recovered": 0.0757804220488726, "antibody responses": 0.0716770331919006, "study": 0.0695134056538199, "prognostic": 0.0676316238895781, "disease": 0.0597654162463511, "longitudinal": 0.0580685211520968, "liver injury": 0.0487009573467072, "broad": 0.0429079393214863, "associated": 0.0422892606643826, "antibody": 0.0418072858533903, "cytokines": 0.0413322988460395, "value": 0.0400863535230951, "promotion": 0.0399640019276683, "dynamics": 0.0399023748220684, "responses": 0.0375032066710336, "genes": 0.036886803538299, "genome": 0.0367726983529861, "de": 0.0363266477747669, "inhibitor": 0.0348441156493636, "vitro": 0.0334869108010227, "storm": 0.0324505191595936, "identify": 0.031977124016642, "treatment": 0.031423188673377, "spectrum": 0.030909766967949, "mechanism": 0.0306339043785419, "receptor": 0.0302095830931271, "ii": 0.0293925686990219, "liver": 0.0288931042895407, "patients covid": 0.0273836816273307, "correction": 0.0263891276024015, "injury": 0.0260903231822304, "immune": 0.0259723116600174, "features": 0.0258551445924231, "ifn": 0.0239482286683114, "injury covid": 0.0234584938156751, "critical covid": 0.0228971702706024, "ritonavir": 0.0228971702706024, "low dose": 0.0226064765181477, "transmission": 0.0223715528974628, "potential": 0.0223479761794527, "recombinant": 0.0207416063066089, "scoring": 0.0205542522745698, "cytokine storm": 0.020263127774007, "cases covid": 0.0201565707741711, "immunoglobulin": 0.0199132021227149, "involved": 0.0196105675631731, "thermal": 0.0196105675631731, "robust": 0.0194471486860698, "immunological": 0.0190369234530747, "clinical features": 0.0186756730613105, "profiling": 0.0185877972919083, "deficiency": 0.0181620333935718, "fatal": 0.0175237611687632, "ace2": 0.0174727515712597, "19 associated": 0.0171977420417606, "triage": 0.0171731932560075, "il": 0.0169555050245812, "biomarkers": 0.0168605820607744, "en": 0.0166279807934445, "analyses": 0.0163130568170681, "treating": 0.0161817115307662, "mild": 0.0161383938957714, "cytokine": 0.0161168207240936, "15": 0.0159673795542934, "gastrointestinal": 0.0152585428053891, "dose": 0.0148609449282921, "temporal": 0.0148609449282921, "combined": 0.0146962843495109, "growth": 0.0146601385340001, "plasma": 0.0144465521447703, "mechanisms": 0.0143071953517911, "active": 0.0141532030893325, "immunity": 0.0138863928734026, "inflammatory": 0.0137239467917306, "recovery": 0.0132096550753623, "cell": 0.0127400201632973, "levels": 0.0127400201632973, "type": 0.012570627625802, "diagnostic": 0.0123365002555448, "low": 0.0118234110308033, "mortality": 0.0117598962520855, "critical": 0.0116343260924141, "characteristics": 0.0115475590465163, "cases": 0.011388820023157, "human": 0.0109876468698639, "high": 0.0109417167975653, "factors": 0.0108846642049088, "clinical": 0.0100734056061598, "analysis": 0.0099914323164324}