{"public health": 0.5372473060922779, "health": 0.5062227048892362, "public": 0.4803330013540386, "revue": 0.2319530288606898, "technique": 0.1711393098659285, "health organization": 0.1296811403261886, "world health": 0.1187381638840829, "american public": 0.1130041119650352, "bulletin": 0.0878130971120916, "organization": 0.0780927939201803, "health management": 0.0686226596152418, "health public": 0.0660885244715706, "up": 0.0582063371350204, "world": 0.0579583763676316, "health oxf": 0.0493702531060722, "american": 0.0450302465343707, "zur": 0.0399605587274726, "veterinary": 0.0372047258421092, "online": 0.0369463477662837, "diseases": 0.0366743350937252, "oxf": 0.0366378629258558, "data": 0.0358744383678438, "health preparedness": 0.0352764662075519, "management": 0.0349885096623022, "animal": 0.0336865216043345, "emerging": 0.0336304017567828, "trade": 0.0333117752109808, "burden": 0.0330088493302737, "informatics": 0.0298049583242214, "medicine": 0.0296465596293018, "emergencies": 0.0277858615706815, "tracking": 0.0273251752383161, "inform": 0.0263781177661489, "practice": 0.0255936640369093, "rapid": 0.0254295667875231, "anxiety": 0.0247878457651509, "anxiety depression": 0.024226191264927, "outbreak": 0.0242190683169843, "wildlife": 0.0237470978085528, "review": 0.0230613462882445, "governance": 0.0229018988365328, "let": 0.0228595492908324, "process": 0.0226811133503869, "improve": 0.0223643512909086, "years": 0.0221315864409897, "von": 0.0219369941431812, "zoonotic": 0.021674088956445, "provision": 0.0215637354591572, "partial": 0.0215272510411782, "threats": 0.021031485097627, "vietnam": 0.0209287278073559, "lockdown": 0.0208837315105302, "der": 0.0206934482923744, "india": 0.0204469573784026, "departments": 0.0203997527273299, "animals": 0.0203357745108168, "surveillance": 0.0201560887516988, "2016": 0.0199306972774187, "state": 0.0196138291826277, "ecological": 0.0194849878038937, "perspective": 0.0192158702394732, "implications": 0.0191746574208255, "measuring": 0.019143730825236, "community": 0.0190314000416089, "viral": 0.018829360620102, "mmwr": 0.0183710402972597, "global": 0.0183371675468626, "behavioral": 0.0180918593998207, "efficiency": 0.0177749832002991, "time": 0.0176219510787982, "medical": 0.017385758669455, "distress": 0.0172630203043606, "good": 0.0172178972254043, "nationwide": 0.0171730003282444, "depression": 0.0171506359914582, "pathogens": 0.0169082447309595, "medicine public": 0.0167242010071733, "guide": 0.0166722405760172, "analysis": 0.0163965244054636, "real time": 0.0163601214620099, "disease": 0.0163464235331959, "settings": 0.016238256830722, "preparedness": 0.0160190556028801, "needs": 0.0159406576211488, "mechanisms": 0.015652629194686, "personal": 0.015391910639715, "covid 19": 0.0152274945054753, "covid": 0.015212166074441, "action": 0.0151743231245573, "19": 0.0151357851504501, "services": 0.0151029529283803, "psychological": 0.0150674799622943, "bmc": 0.0148921923283621, "access": 0.0146186775729727, "bmc public": 0.0145764540134191, "death": 0.0144024370631907, "corona": 0.014127316052457, "understanding": 0.014127316052457, "people": 0.0141113926487442, "cohort": 0.0140637915859777, "real": 0.0139224876736868, "thrombectomy": 0.0137245319230483, "studies": 0.0132331543831441, "religious": 0.0130695778678892, "health services": 0.0129791009297692, "open": 0.0129772251940636, "mortality": 0.0128657847241059, "gastroenteritis": 0.0128034526871242, "outcomes": 0.012783104947217, "population": 0.0126740392193511, "future": 0.012660498911059, "welfare": 0.0125794832133018, "spectroscopy": 0.0125522584722294, "international": 0.0121990400933313, "fail": 0.0120641502697104, "los": 0.0120398767354101, "zika": 0.0119917208293294, "inequality": 0.0119204441611961, "bibliometric": 0.0118735489042764, "health workers": 0.0118041140852806, "novel": 0.0117847011853886, "conservation": 0.0116683929075245, "postpartum": 0.0115583515946596, "response": 0.0115426077391317, "risk": 0.0115306731441222, "library": 0.0114936017036564, "2003": 0.0114722247842392, "tech": 0.0114722247842392, "climate change": 0.0114509494182664, "matrix": 0.0114297746454162, "care": 0.0114121937416096, "spatiotemporal": 0.0114086995189244, "continuing": 0.0113877231053308, "disasters": 0.0113877231053308, "ethnicity": 0.0113668444842301, "foot": 0.0113668444842301, "thorac": 0.0113668444842301, "articles": 0.011325377001717, "operational": 0.011325377001717, "egyptian": 0.0112842899601848, "measurements": 0.0112435764423806, "island": 0.0111039250703269, "component": 0.0110843256687401, "braz": 0.0110260369138333, "thyroid": 0.0110260369138333, "nhs": 0.0109875949944114, "2013": 0.0109494802442276, "factors influencing": 0.0109305438265229, "lens": 0.0109305438265229, "york city": 0.0108929095200573, "adapting": 0.0108742103024328, "study": 0.0108643391964192, "hepatology": 0.0108370444782225, "suicide": 0.0107818677295786, "predictor": 0.01065570569337, "designing": 0.0105851773678093, "lives": 0.0105157425488135, "socio": 0.0104814247095098, "significant": 0.0104135680156662, "sector": 0.0103800213710574, "century": 0.0103467241461872, "missing": 0.0103301679124895, "2015": 0.0102320956113691, "responding": 0.0102159570133109, "choice": 0.0101678872554084, "dentistry": 0.0100889000912737, "example": 0.0100889000912737, "app": 0.0100732684659284, "exchange": 0.0100576912115636, "far": 0.0100576912115636, "interest": 0.0100576912115636, "doctors": 0.0099501416423841, "look": 0.0099349861080738, "balance": 0.0099048280404745, "california": 0.0098748717005893, "address": 0.0098599683387002, "processes": 0.0098599683387002, "surge": 0.0098599683387002, "sources": 0.0098155535338598, "success": 0.0097570107902324, "2017": 0.0097136005364705, "construction": 0.0096992234579443, "link": 0.009670607027577, "article": 0.0096421722900558, "global pandemic": 0.0096421722900558, "alcohol": 0.0096280223379535, "leadership": 0.0096139169527034, "technol": 0.0096139169527034, "adolescent": 0.0095858387659657, "significance": 0.0095440488255834, "emotional": 0.0094752539841219, "values": 0.0094752539841219, "compliance": 0.0094074999518281, "corrigendum": 0.0094074999518281, "mers": 0.0093806827692139, "government": 0.009354025213632, "core": 0.0093275253959887, "implementing": 0.0093275253959887, "influencing": 0.0092749915840486, "investigating": 0.0092749915840486, "racial": 0.0092749915840486, "present": 0.009248953975154, "live": 0.0092359917197527, "aged": 0.0092101792211205, "fear": 0.0091845146459286, "visual": 0.0091336225515149, "supply": 0.0091083917461053, "2018": 0.0090958294486265, "climate": 0.0090833022904872, "threat": 0.0090833022904872, "circulation": 0.00905835260972, "diagnostics": 0.00905835260972, "hepatitis": 0.00905835260972, "database": 0.0089965798218742, "reporting": 0.0089477678278763, "addressing": 0.0089356475062302, "adaptive": 0.0089115048271978, "comparative study": 0.0088755330987457, "measurement": 0.0088755330987457, "changing": 0.0088398480006572, "commentary": 0.0088162149320162, "pediatrics": 0.0087927059220496, "15": 0.0087344677006481, "project": 0.0087113828242001, "barriers": 0.0086998848561007, "assess": 0.0086769771022422, "new york": 0.0086089486127021, "archives": 0.0085865001641222, "pakistan": 0.0085753179957291, "variation": 0.0085753179957291, "western": 0.0085753179957291, "york": 0.0085419380440693, "universal": 0.0084978149668201, "germany": 0.0084541223654797, "epidemics": 0.0084432654968542, "sample": 0.0084432654968542, "stroke": 0.0083893724744765, "tools": 0.0083786712600306, "video": 0.0083361202880086, "maternal": 0.0083255454162363, "psychiatry": 0.0083255454162363, "america": 0.0083044702897445, "tuberculosis": 0.0082939698016639, "predictors": 0.0082626152550503, "applied": 0.0082522123325684, "electronic": 0.0082005571334389, "dental": 0.0081494909459965, "mechanical": 0.0080789626204358, "modelling": 0.0080490729247386, "managing": 0.0080391538595216, "letter": 0.0080292567149086,