{"health": 0.3876836329140978, "world health": 0.375860429586037, "lancet glob": 0.3469879989691681, "bull": 0.3236819351712634, "glob health": 0.2462437696261857, "organ": 0.232461334712789, "glob": 0.1930118987083154, "world": 0.1885609297571324, "health prep": 0.1839482445097145, "lancet": 0.1679195101984365, "disaster med": 0.1499884572631582, "public": 0.1377928625552395, "prep": 0.1376209110486273, "med public": 0.136060036161883, "public health": 0.129161976589979, "medicine public": 0.119114374276884, "disaster": 0.1171086262616162, "bulletin": 0.0849348171186928, "month": 0.077996147727665, "covid 19": 0.0642692844954146, "covid": 0.0642045891974026, "19": 0.0638822152617408, "doi": 0.0619125930258131, "health emergency": 0.0596004322534362, "sars": 0.059452954015257, "health preparedness": 0.0558330502566631, "med": 0.0554923924077047, "traditional chinese": 0.0538917761986775, "chinese medicine": 0.0527055788077982, "published": 0.0510214080002827, "preparedness": 0.0507076151719764, "disaster medicine": 0.0493044857020941, "medicine": 0.0422301956092487, "survey": 0.0404209699067236, "sars cov": 0.0392863739298298, "cov": 0.0387683632914097, "h1n1": 0.0384349684953566, "emergency": 0.0351042239582535, "traditional": 0.0347448263170962, "correction": 0.0342708887946275, "10": 0.0339985122724434, "improved": 0.0337551026672671, "2021": 0.0323262028602668, "trials": 0.0311552352172169, "21": 0.0307936313756497, "supply chain": 0.030742932829942, "17": 0.0296097549443888, "time coronavirus": 0.029608638570149, "online": 0.0292380092651324, "global": 0.0290227482306505, "trial": 0.0287230015711009, "collective": 0.0285264578158122, "chinese": 0.0276370850877667, "response": 0.0274032124221356, "availability": 0.0263152086358143, "quality": 0.0257298218711799, "settings": 0.0257007435035036, "july": 0.025553836987205, "19 response": 0.0252555173492069, "testing": 0.0246768124438186, "medicines": 0.0243303891805637, "transmission": 0.024211138928869, "2020": 0.0228123988299, "analysis sars": 0.0224876434161923, "past": 0.0218048825295635, "supply": 0.02162415976386, "forum": 0.0213296183044579, "pandemic": 0.0211041649292478, "genomes": 0.0209809701178263, "cov transmission": 0.0203099661587725, "chain": 0.0199171418800887, "essential": 0.0196409635802242, "preventive": 0.0195422875426801, "time": 0.0185938367411713, "school": 0.0182057435705029, "use": 0.0180997046185708, "tackling": 0.0180236680371568, "19 outbreak": 0.0179278996848702, "22": 0.0179249911142504, "contacts": 0.0175125870686069, "revue": 0.0174818357066233, "teams": 0.0174818357066233, "disease": 0.0172479613136579, "coronavirus": 0.0170905418049804, "waste": 0.0167534564396381, "district": 0.0165353414512048, "recommendations": 0.0164162625980442, "implications covid": 0.0161946240629469, "print": 0.0161436297579699, "vol": 0.0161182695240494, "pneumonia": 0.0159683333959022, "global health": 0.015512073151203, "learning": 0.0153382148920507, "restrictions": 0.0147838754484751, "core": 0.0147629354692294, "variant": 0.0147004841593398, "outbreak": 0.0143745739428216, "distance": 0.0143369081677689, "hepatitis": 0.0143369081677689, "20": 0.0142197455363052, "policies": 0.0141618825388984, "cluster": 0.0138979305268385, "bacterial": 0.0138610128505733, "principles": 0.0138059943765189, "treatments": 0.0137332944795273, "cross sectional": 0.013715235417989, "sectional": 0.0136972222499222, "travel": 0.0136972222499222, "sample": 0.0133633925814057, "new": 0.0133118983613177, "tuberculosis": 0.0131270981066809, "health public": 0.0130750196409269, "europe": 0.0130445805528712, "iran": 0.0128984273786652, "technique": 0.0128984273786652, "activities": 0.012661342474297, "improving": 0.0122097134520091, "capacity": 0.0121660937585401, "experiences": 0.0121516133085202, "britain": 0.0116729326625341, "key": 0.0116490911181202, "importance": 0.0115023879398154, "considerations": 0.011462899381864, "information systems": 0.0112750473630409, "epidemiological": 0.0110300934242313, "information": 0.0110177554266521, "need": 0.0110177554266521, "effective": 0.0109441750653628, "prevalence": 0.0107873238793951, "international health": 0.0107783552397355, "respiratory diseases": 0.0104904850589131, "cross": 0.0103142186341976, "health information": 0.0102010108550221, "bioethics": 0.010177922246264, "implications": 0.0101160889636016, "viral": 0.0099339186604612, "therapy": 0.0098917270012467, "infections": 0.0098812182108569, "epidemic": 0.0097049120873899, "assessment": 0.0096742494102168, "international": 0.0096538810691333, "development": 0.0095328850531434, "high": 0.0094731528640995, "data": 0.0094632462547726, "approach": 0.009404095609818, "research": 0.0092583431579922, "poverty": 0.0091297005693759, "care": 0.0090311991989954, "disasters": 0.0090118340185784, "inequalities": 0.0090118340185784, "herd": 0.0089788655119094, "impact": 0.0089755325949319, "21st": 0.0089462008667667, "limitations": 0.0088341887338547, "wild": 0.0088341887338547, "19 treatment": 0.0087872464726223, "war": 0.0087103651734956, "genomics": 0.0086800736308881, "28": 0.0086650243984675, "peru": 0.0086650243984675, "analysis": 0.0086504126743556, "crises": 0.0086054584768369, "cov covid": 0.0085760467818168, "new coronavirus": 0.008546877161105, "ireland": 0.0085323818897339, "theoretical": 0.0084607816987822, "infection prevention": 0.0084466336204732, "greater": 0.0083491476221839, "expanding": 0.0083354373965375, "thinking": 0.0083354373965375, "threats": 0.0083217800042616, "radiological": 0.0083081750397242, "seroprevalence": 0.0082409227578101, "soft": 0.0082276240971414, "maintaining": 0.008214375151208, "century": 0.0081880249264058, "great": 0.0081749229192112, "2015": 0.0080973120314734, "twitter": 0.0080088631544603, "nuclear": 0.0079839922530271, "efforts": 0.007959294669388, "preparing": 0.0079347680046517, "optimizing": 0.0079104099093896, "discharge": 0.0078383242600562, "programme": 0.0078383242600562, "united kingdom": 0.0077793530341079, "25": 0.0077328725133373, "dengue": 0.0077213470107902, "language": 0.0076984078439124, "improves": 0.0076642751026237, "power": 0.0076642751026237, "14": 0.0075858876343155, "male": 0.0074661067161544, "compliance": 0.0074447567183973, "corrigendum": 0.0074447567183973, "schools": 0.0074447567183973, "ebola": 0.0074235345657044, "reflections": 0.0074129709545758, "engagement": 0.0073710285844757, "racial": 0.0073398943674728, "tropical": 0.0073398943674728, "emergencies": 0.0073295767796625, "infant": 0.0073295767796625, "kingdom": 0.0073090312791688, "bangladesh": 0.0072682941765211, "poor": 0.0072180225689567, "tracking": 0.00720805325462, "addressing": 0.0070713496833247, "analyses": 0.0070617839854534, "coronavirus covid": 0.0069955374041448, "ethics": 0.0069582308606177, "15": 0.0069121432292315, "months": 0.0068938746892464, "combination": 0.0068847756113092, "awareness": 0.0068756998344934, "comment": 0.0068396273713299, "fight": 0.0068039183648577, "pakistan": 0.006786197883391, "infectious disease": 0.0067773707582555, "animal": 0.0066645750549424, "northern": 0.0066305787375777, "electronic": 0.0064896256312928, "lessons learned": 0.0064896256312928, "progress": 0.0064411863044516, "focus": 0.0063074312265958, "resistance": 0.0063074312265958, "framework": 0.0061711033073132, "free": 0.0061562744617892, "outbreaks": 0.00608304687927, "scientific": 0.0060685811901676, "pandemics": 0.0060613704269278, "hospitals": 0.0060398257471464, "learned": 0.0060184112474935, "immunity": 0.0060113017387708, "action": 0.0060042064633083, "policy": 0.0059830054694184, "behavior": 0.0059689416060829, "regional": 0.0059689416060829, "natural": 0.0059201529843452, "mass": 0.0058994474400974, "african": 0.0058652047687878, "access": 0.0057843475223363, "to": 0.0057843475223363, "up": 0.0057577999157341, "recovery": 0.0057183476837374, "education": 0.0055962364402888, "region": 0.0055212264676653, "implementation": 0.005508877713326, "systems": 0.0054538346739158,