{"covid 19": 0.3009994296384644, "covid": 0.3006964350127299, "ecmo": 0.300064824178889, "19": 0.2991866255986946, "med": 0.2853734116392609, "cardiopulmonary": 0.2678272229239077, "patients severe": 0.2440789339254499, "guidance": 0.2048505202898757, "failure": 0.1818177316600931, "initial": 0.1793037286836391, "19 patients": 0.1703597014092924, "severe": 0.1503584562047589, "patients": 0.1321025987469084, "russia": 0.1183022947115787, "russian": 0.112830057355492, "pandemic": 0.1116304530284472, "spread covid": 0.103182567351192, "med covid": 0.0997316615238382, "erratum": 0.0946638182246116, "respiratory diseases": 0.0924823451943117, "vaccination": 0.0886101902197425, "population": 0.0884208319567304, "confidence": 0.0831633524076056, "federal": 0.0831633524076056, "federation": 0.0784411635468562, "foreign": 0.0776042182497415, "attitude": 0.0717247652002391, "spread": 0.0707753539974964, "lack": 0.0698440222099704, "seasonal": 0.0689966729355129, "social": 0.0682701707255192, "diseases": 0.0639649121389793, "threat": 0.0633699431995659, "19 pandemic": 0.0626352872390612, "medical": 0.0606461452085853, "acute respiratory": 0.0565029308215228, "maladies": 0.0547089557769791, "healthy": 0.0541424924105767, "outbreaks": 0.0536271143004821, "central": 0.0528073434340306, "patterns": 0.0512888672858919, "city": 0.0505274928474588, "med public": 0.0499784295038492, "medicale": 0.0491560267438457, "context": 0.0490030885920092, "information": 0.0485653358692122, "stress": 0.0482948225820727, "de la": 0.0455901598693806, "mortality": 0.044879275241026, "implications": 0.0445908662132493, "characteristics": 0.0440689330672197, "public": 0.0418882280354144, "researchers": 0.0416641146259491, "role": 0.0411938863610063, "acute": 0.0411509981051462, "respiratory": 0.0408524175032767, "management": 0.040683072430233, "tourism": 0.0403186011326122, "2020": 0.0402220513436526, "organizations": 0.040167662328036, "lifestyle": 0.0365024814207793, "according": 0.0360921226926541, "youth": 0.0354682921050434, "transformation": 0.0353574969970575, "pandemic covid": 0.0350297497716268, "comparative analysis": 0.0347617836004559, "modern": 0.0343423746591357, "materials": 0.0340350458347134, "image": 0.0335850998440978, "increasing": 0.0323992466247416, "la": 0.0322628086854894, "microbiology": 0.0315113915390312, "des": 0.0305085631581314, "reactions": 0.0305085631581314, "educational": 0.0303075044659551, "organization": 0.030267601392551, "problems": 0.0291526405325436, "expert": 0.0289681986646384, "canadian": 0.0278366964970219, "administration": 0.0278026244120999, "field": 0.0269418703541018, "mental": 0.0269418703541018, "infectious diseases": 0.0266230420483034, "process": 0.0263725830604984, "services": 0.0263415561491195, "communication": 0.0259437156838805, "19 infection": 0.0254382962256121, "conditions": 0.024723530905016, "countries": 0.024723530905016, "university": 0.023880361288223, "measures": 0.0236438581965286, "comparative": 0.0232829368193556, "de": 0.0231055556545754, "healthcare": 0.0229551014122518, "influenza": 0.0228308203689977, "infectious": 0.022658471397569, "learning": 0.0225365188286494, "life": 0.0223433535268506, "practice": 0.0223193749423361, "prevention": 0.021893937447354, "vaccine": 0.0214797794578227, "potential": 0.0213216373796597, "non": 0.0211428423551089, "factors": 0.0207695642158245, "control": 0.0202363368630716, "response": 0.0201318411908874, "infection": 0.0191041021645923, "analysis": 0.0190651444268366}