{"neuroradiology": 0.4160609942311445, "dissection": 0.3824889053668892, "cervical": 0.3534138643219491, "artery": 0.3187289706494087, "germany": 0.2728717699828643, "longitudinal": 0.2563147784887919, "young": 0.2367392919113829, "pneumonia": 0.2170961539444763, "syndrome": 0.1993831504108349, "vaccine": 0.198751466514411, "patient": 0.1956338021352693, "clinical": 0.1778562756787127, "analysis": 0.1764089534337766, "patients": 0.1746199441922831}