{"law": 0.3634980008870122, "surgical endoscopy": 0.3176753832400881, "sir": 0.2438967784474069, "medicine": 0.2166092814704229, "transportation": 0.2042718599881768, "ophthalmol": 0.1854357371819772, "sharing": 0.1825851578119064, "endoscopy": 0.1761236411305808, "visual": 0.1668344862644934, "telehealth": 0.1636616594715095, "networks": 0.1578697510335796, "benefits": 0.1558245607511278, "standard": 0.1558245607511278, "estimation": 0.1556228261228529, "important": 0.1538292581667048, "mobile": 0.1497911402319764, "jama": 0.1464817894016097, "field": 0.1410785396292281, "applications": 0.1407418998524655, "viruses": 0.1384234310975398, "african": 0.1353784886718843, "access": 0.133512171594427, "models": 0.132139855808879, "retrospective": 0.1297556185445393, "surgical": 0.1297556185445393, "cohort": 0.1284444058720347, "vaccines": 0.1258833961859508, "influenza": 0.1195514176952846, "life": 0.1169988439762398, "results": 0.1157518175362841, "testing": 0.1139162128374978, "online": 0.1124768205636529, "patient": 0.1107124814968768, "management": 0.1065165181676696, "control": 0.1059656517741576, "analysis": 0.0998328140625518, "health": 0.0994263369513905}