{"communicable": 0.2859833123888651, "reporting": 0.2745749161953724, "2021": 0.2742032658716505, "australia": 0.2474973554384747, "applications iccsa": 0.2205786904058916, "iccsa": 0.2205786904058916, "intelligence": 0.2177709400517464, "19": 0.2128788673471038, "epidemiology": 0.2046446728141653, "covid 19": 0.1898313684407317, "covid": 0.1896402787615836, "computational science": 0.1857523387817745, "report": 0.1840246102793076, "science applications": 0.1801670542731752, "conference": 0.1770671583282782, "period": 0.1621464961199499, "diseases": 0.1582599183312101, "2020": 0.127159460468802, "international conference": 0.1238943170542822, "computing": 0.1235559308897608, "combining": 0.1163076556425483, "21st": 0.1084073015413222, "waves": 0.1049586226475505, "american": 0.0987012020864963, "computational": 0.090471977342307, "week": 0.0894413831798176, "society": 0.0866429852308207, "making": 0.0826552977600413, "applications": 0.0738884941783712, "systems": 0.072696674235522, "human": 0.0691647654182221, "factors": 0.0685165127078718, "science": 0.0684448388329498, "publication american": 0.0641782036635454, "23": 0.062459831861688, "academy": 0.059900763478519, "international": 0.0584913759310569, "official publication": 0.0484489895298421, "june": 0.0458947240051273, "european": 0.0426293133870109, "publication": 0.0421588472210186, "computers": 0.040000932229771, "february": 0.0389409760749154, "otolaryngology head": 0.0381621339473778, "april": 0.0361369704743428, "official": 0.0345280593448903, "june 2020": 0.034158435776048, "august": 0.0328817631786175, "22": 0.0325814266712921, "pandemic": 0.0306880510107253, "active": 0.0296970765801547, "smart": 0.0284085384665243, "american academy": 0.0281213774370832, "14": 0.027577033664203, "18": 0.0272982377187791, "11": 0.026203489537182, "collaborative": 0.0257763613801424, "15": 0.0251277656238986, "mitigation": 0.0245102623185855, "otolaryngology": 0.0243921444238004, "march": 0.0241041921359583, "19 era": 0.024012273652814, "aerosol": 0.024012273652814, "web": 0.0237105302888128, "programming": 0.0234709873438148, "head neck": 0.0234225971585884, "extreme": 0.0231378450538953, "needs": 0.0229294515889799, "automatic": 0.0224216608067612, "urban": 0.022272807435116, "april 2020": 0.0222095701505263, "particle": 0.0220435894269388, "special": 0.0219046723122938, "october": 0.0215252880939184, "software": 0.0213719048186858, "foundation": 0.0211468464804633, "28": 0.0210000183724261, "city": 0.020835581634051, "people": 0.0202981898415021, "16": 0.0201681524418663, "game": 0.0200696132904426, "neck": 0.0199399619961767, "24": 0.0196241457159987, "relevant": 0.0194704880374577, "examining": 0.0194400836334644, "era": 0.0190556730172384, "processes": 0.0189104424726829, "care covid": 0.018825259277056, "25": 0.0187409125911329, "17": 0.0179400936812473, "enhance": 0.0179400936812473, "online": 0.0177148587097325, "30": 0.0177137171332522, "live": 0.0177137171332522, "mobility": 0.0174448997827371, "effects": 0.0172009047009867, "head": 0.0171376866860218, "spatial": 0.0167075692431959, "educational": 0.016663521786873, "interactions": 0.016340174879057, "guide": 0.015987852875046, "engineering": 0.0159675713186112, "nature": 0.0154946499445703, "las": 0.0147366279148299, "experiences": 0.0147249500404566, "reply": 0.0146031148748625, "cov infected": 0.0141876324702808, "key": 0.0141160091566422, "par": 0.0138175322210324, "education": 0.0135626932664253, "italy": 0.0134561823424684, "social": 0.0125119888877262, "strategies": 0.0119864895474468, "emission": 0.0116158587053841, "19 pandemic": 0.0114792743241482, "traffic": 0.0114085715111039, "post pandemic": 0.0113195607066275, "disabilities": 0.0112323573536146, "euro": 0.0111680975375755, "location": 0.0110838866516414, "tourism": 0.0110838866516414, "workshop": 0.0109808932845049, "matrix": 0.0109605877262058, "care": 0.0109437285103021, "december": 0.0109002408187906, "march 2020": 0.0108803121631711, "authors reply": 0.0108015096296757, "infected patients": 0.0108015096296757, "ahead": 0.0107241270391853, "september": 0.0106859524093429, "simulated": 0.0106106063086937, "parallel": 0.0105365593436756, "rethinking": 0.0104818500996245, "sensing": 0.0104818500996245, "determining": 0.0104457606638896, "bayesian": 0.0104278290404287, "coronavirus": 0.0103548955950655, "july": 0.0103217837123112, "vector": 0.0102353699804042, "road": 0.0102182939436738, "accurate": 0.0102012855349888, "metropolitan": 0.0101674694738177, "paulo": 0.0101674694738177, "designing": 0.0101506607729883, "outbreak covid": 0.0101339176033225, "poland": 0.0101339176033225, "disability": 0.0100185082667238, "text": 0.009986095904725, "summary": 0.0098745411241783, "users": 0.0098431934114218, "product": 0.0098276049457418, "screen": 0.0098120728579993, "determination": 0.0097965967418656, "print": 0.0097811761953888, "led": 0.0097048932381344, "vision": 0.0096747554472283, "private": 0.0096151070219777, "barrier": 0.0094552212363414, "13": 0.0093844681108658, "uptake": 0.0093564900472265, "21": 0.0093286930726463, "equity": 0.0093148617641383, "january": 0.0092599777254199, "article": 0.0092463656139302, "global pandemic": 0.0092463656139302, "authors": 0.0091923445547343, "sustainability": 0.0091125660826869, "optimization": 0.0090601920484699, "efficient": 0.008819782501131, "processing": 0.0088074946026774, "urgent": 0.0088074946026774, "prognosis": 0.0086984575519871, "erratum": 0.0086745985040677, "roles": 0.0086627185031874, "gastroenterology": 0.0086390566384839, "singapore": 0.0086272744155119, "policies": 0.0085804661311053, "areas": 0.0085688433430109, "source": 0.0085226642144185, "coronavirus covid": 0.008476976362468, "transport": 0.0084656299421833, "severe covid": 0.0084317694442037, "19 cases": 0.0083427586397273, "good": 0.0082555552867144, "benefits": 0.0081806783637113, "estimation": 0.0081700874395285, "professionals": 0.0080862873645359, "tuberculosis": 0.0079535062089869, "12": 0.0079134628645253, "generation": 0.0076996594710007, "activities": 0.0076713120573221, "exploring": 0.0075414433147805, "history": 0.0075232071193128, "area": 0.0074869654056742, "cost": 0.0074065227661517, "improving": 0.0073976770007594, "environment": 0.0073624750202283, "process": 0.0072500214080374, "covid19": 0.0072244834680886, "service": 0.0072244834680886, "increased": 0.0070990232051364, "assessing": 0.0070907880778199, "brazil": 0.0070907880778199, "co": 0.0070580045783211, "patterns": 0.0070498476573891, "modeling": 0.0070173740238013, "access": 0.0070092938378248, "molecular": 0.0069611293975239, "infected": 0.0068742068472784, "10": 0.0068663913445215, "novel coronavirus": 0.0068508028788416, "digital": 0.006843029813227, "design": 0.0067584419518286, "information": 0.0066754880235395, "need": 0.0066754880235395, "dis": 0.0066531395728661, "effectiveness": 0.0066309068178825, "lung": 0.0066161486673468, "spread": 0.0064855590174359, "network": 0.0064428969025732, "lessons": 0.0063657670035353, "support": 0.0063657670035353, "de": 0.0063518910057461, "open": 0.0062222580757227, "int": 0.0061357640157867, "practice": 0.0061357640157867, "future": 0.0060703956673304, "post": 0.0060188080490796, "viral": 0.0060188080490796, "cases": 0.0059741716813244, "experience": 0.0059299944761163, "severe": 0.0059049529032441, "transmission": 0.0058676622123941, "global": 0.0058614784567114, "non": 0.0058123263599043, "outbreak": 0.0058062217141292, "approach": 0.0056977964371675, "novel": 0.0056504723486116, "model": 0.0056270044345881, "system": 0.0056211574390224, "med": 0.0056036640642051, "risk": 0.0055286721942957, "impact": 0.0054381367186114, "new": 0.0053769825546977, "sars cov": 0.005289557294895, "analysis": 0.0052411515749068, "cov": 0.0052198118163181, "patients": 0.0051879996887861, "sars": 0.0051459467938561}