{"sars cov": 0.2881558707769615, "cov": 0.284356390406178, "sars": 0.2803324922459217, "cov variants": 0.257630230081375, "cov antibodies": 0.2474119836774204, "non pharmaceutical": 0.2336510184993317, "detection sars": 0.2244657018474956, "replication": 0.1877487551507796, "unexpected": 0.1874310966416158, "thermal": 0.186799635246784, "mitigating": 0.1864858116596132, "trans": 0.1843237112253163, "repurposing": 0.1784574084946119, "stability": 0.1778943370508198, "size": 0.1679028058785203, "concern": 0.1635825289559172, "variants": 0.1583891306103212, "pharmaceutical": 0.1451600266405739, "antibodies": 0.1359542280303345, "reply": 0.1325874437823353, "drugs": 0.1284619049940836, "interventions": 0.1281648187065188, "period": 0.1280166988971805, "death": 0.1253975515917967, "italy": 0.1221739906277136, "rate": 0.1216267248297341, "detection": 0.1098784282446563, "comparison": 0.1088300696555753, "transmission": 0.1065496423723593, "non": 0.1055448102808484, "infection": 0.095367444200832}