{"spike": 0.3584825769095526, "cov spike": 0.3550654307881065, "spike protein": 0.3224856773720757, "binding": 0.2935300611443776, "receptor binding": 0.2869726363289187, "sars cov": 0.2498378585591867, "cov": 0.246543620489649, "sars": 0.2430548069641498, "binding domain": 0.2258734872285622, "protein": 0.2140610664747548, "receptor": 0.1587693709521948, "domain": 0.1559628719873817, "isothermal": 0.1051140155674391, "antibodies": 0.0964435791183029, "amplification": 0.0829593980222616, "loop": 0.0770218533457549, "target": 0.0699809250169058, "mutations": 0.0612874478885214, "neutralizing": 0.060323119485994, "reverse transcription": 0.0600197662168665, "mediated": 0.0579430841869584, "signal": 0.0568046671975557, "affinity": 0.0555225274878801, "neutralizing antibodies": 0.0552493311295045, "based": 0.0539825736556268, "detection sars": 0.0530773628475512, "chem": 0.0521705800442235, "transcription": 0.0492785624391306, "reveals": 0.0476375700762559, "ther": 0.0447974290142053, "detection": 0.0433032541798791, "rbd": 0.0421845185667986, "reverse": 0.0419328658777682, "viruses": 0.0416052361245843, "antibodies sars": 0.0397812156666067, "ace2": 0.0393555973927834, "escherichia coli": 0.0388948058000508, "escherichia": 0.0387883669423302, "coli": 0.0363021455210495, "different": 0.0358940351054474, "virol": 0.0356343329938107, "monoclonal antibodies": 0.0355466689418962, "viral": 0.0344584285311148, "coronavirus sars": 0.0338745932647067, "potent": 0.0327222826208873, "consequences": 0.0326584896052378, "infectivity": 0.0322152577210186, "monoclonal": 0.0297991954929863, "synthetic": 0.0297991954929863, "flexible": 0.0292018175082572, "mutation": 0.029008972592812, "peptide": 0.028725261279996, "fusion": 0.0283568858158875, "stability": 0.0280433705415598, "test": 0.027756157439411, "cov main": 0.0269377257009792, "serological": 0.0267039670405872, "link": 0.0265463544808184, "rt": 0.0259726760016291, "computational": 0.0258981690385957, "profiles": 0.025532260739938, "visual": 0.0250723022096846, "diagnostics": 0.0248656820305234, "susceptibility": 0.0242984405951078, "immunol": 0.023725059466461, "biomol struct": 0.0233448358114695, "struct dyn": 0.0232448855501416, "platform": 0.0216665742565757, "main protease": 0.0215263317435026, "dynamic": 0.0215096324068071, "biomol": 0.021378208777659, "biological": 0.0210254690818264, "reduce": 0.0204161465902196, "modeling": 0.0200876717867946, "spike glycoprotein": 0.0200065887389555, "biophys": 0.0194474029000254, "exposure": 0.0191948213647525, "infection sars": 0.0191857972222789, "dyn": 0.0191347860943711, "clin": 0.0191304005469251, "diagnostic": 0.0185244754883289, "emerging": 0.0184634648853387, "epitopes": 0.0184618077949611, "struct": 0.0180651020495374, "neutralization": 0.0179383592987634, "hla": 0.0178141771835753, "tmprss2": 0.0178141771835753, "cov rna": 0.0176524098045036, "population": 0.0173954714973558, "potential therapeutic": 0.0173791734598333, "ovarian": 0.0164261874797102, "glycoprotein": 0.0162967762654102, "model": 0.016107651928123, "study clin": 0.0160766625197763, "med": 0.0160408386589364, "receptors": 0.015775288160119, "zinc": 0.015775288160119, "protease": 0.0157167467115755, "revealed": 0.0155161338505547, "surfaces": 0.0155161338505547, "directed": 0.0151867619044532, "saliva": 0.0151867619044532, "assays": 0.0151335424755928, "clinical": 0.0151262150018139, "identified": 0.0150807798714985, "quantifying": 0.0150807798714985, "infection": 0.0150337813989067, "analysis": 0.0150031239983041, "immunoglobulin": 0.0149508214232222, "biochemistry": 0.0148235538203251, "coronavirus": 0.0148207679535602, "induction": 0.0147484391711082, "ability": 0.0146988678892574, "theoretical": 0.0146742313607445, "clin med": 0.0146009087541286, "faseb": 0.0146009087541286, "extraction": 0.0145766609686993, "convalescent plasma": 0.014528450481283, "designing": 0.014528450481283, "circulating": 0.0143393030763821, "concentration": 0.0143160637079241, "igg": 0.0142929118702516, "assay": 0.0142239750097338, "determination": 0.0140216852707799, "profiling": 0.0139557081904658, "sites": 0.0139557081904658, "covid 19": 0.0139334399534704, "covid": 0.0139194141547207, "led": 0.0138904317649525, "shift": 0.0138688260989986, "19": 0.0138495241923479, "based study": 0.0138258412690348, "far": 0.0138044610539652, "main": 0.0137619224368893, "red": 0.0137196761837524, "containing": 0.0136777183031912, "exposed": 0.0136777183031912, "predicts": 0.0136153136490643, "gen": 0.013594652098063, "comput": 0.0135740597651178, "antigen": 0.0134519337816215, "med virol": 0.0134519337816215, "pan": 0.0134117584383707, "ecological": 0.0133718439758115, "anal": 0.0133124540873712, "population based": 0.0132536325319382, "fatality": 0.0132147285689361, "3d": 0.0130615292214091, "convalescent": 0.0129305421051302, "corrigendum": 0.0129120554577059, "targeted": 0.012893624242591, "correlates": 0.0128204471207773, "chemical": 0.0128022881544382, "fast": 0.0128022881544382, "phys": 0.0126944466930082, "recognition": 0.0125709772922548, "vitro": 0.0125709772922548, "variants": 0.0124842790194942, "samples": 0.0123312386088801, "highly": 0.0122478342677321, "targeting": 0.0122478342677321, "host": 0.0119408340486677, "number": 0.0117240476541143, "rna": 0.0117240476541143, "improved": 0.0117088515879439, "interactions": 0.0116936929966972, "serum": 0.0116785716959956, "brief": 0.0115737515202667, "simple": 0.011544128303244, "structure": 0.0115293700593349, "presentation": 0.0114999594499471, "pattern": 0.0114706888916107, "interaction": 0.0114415570568202, "theory": 0.0114270427510555, "basel": 0.0113837043414294, "populations": 0.0112414108198765, "correlation": 0.0110203782639309, "quantitative": 0.0108861632017459, "characterization": 0.0108596683088486, "plasma": 0.0108464635655635, "exploring": 0.0107939264454344, "loss": 0.0107030533237377, "functional": 0.0106901804276499, "systemic": 0.0106901804276499, "free": 0.010677334434186, "common": 0.0106008171933867, "cost": 0.0106008171933867, "integrated": 0.0105503297996108, "simulation": 0.0105002537130002, "comprehensive": 0.0104135903651723, "natural": 0.0102678094857108, "communication": 0.0102080732951098, "drugs": 0.0101254060751653, "plos": 0.0100207275743192, "molecular": 0.0099633340141616, "models": 0.0099291533572141, "therapeutic": 0.0098951617186904, "prediction": 0.0098054257361395, "specific": 0.0097610442752077, "physical": 0.0097389731361071, "change": 0.0096514726459538, "versus": 0.0095866551142158, "effective": 0.0094906926262346, "methods": 0.0092826590441281, "states": 0.0092013777852522, "comparative": 0.0091611366881061, "sci": 0.009051813091799, "activity": 0.0089637905045583, "cancer": 0.0087256970052423, "rapid": 0.0087256970052423, "diseases": 0.0083894242365041, "global": 0.0083894242365041, "potential": 0.0083894242365041, "human": 0.008249519349044, "effects": 0.0082064441507941, "approach": 0.0081551492302947, "novel": 0.0080874151494766, "respiratory": 0.0080370999520123, "impact": 0.0077835031426761, "health": 0.0074710188027166, "study": 0.0074558039295144, "patients": 0.0074254867009265}