{"spreading": 0.5903974621461437, "physical": 0.4061843146255423, "different": 0.3742590169593333, "epidemic": 0.3510075539939701, "role": 0.3380059574861966, "review": 0.3300318124230061}