{"entrepreneurship": 0.3730770190884606, "business": 0.2590730742075848, "developing countries": 0.2553221803010336, "proc int": 0.2409833521822935, "diversity": 0.221569783768287, "int conf": 0.2160727648823925, "conf": 0.2147153658836433, "developing": 0.2020894790669481, "economic": 0.2004490219716441, "technologies": 0.1948685260366953, "life sci": 0.1928224122305461, "context": 0.179248493814617, "importance": 0.1770312578057446, "countries": 0.1726510268500325, "development": 0.1537055985853797, "new": 0.1430915750777448, "sci": 0.1300505735390233, "proc": 0.1292872011669358, "life": 0.1188797042362477, "adoption": 0.0963245891426567, "information technology": 0.0929316133624242, "int": 0.089064093110316, "learning": 0.082436376398505, "continuing": 0.0792568996377401, "diffusion": 0.0760749982267398, "maladies": 0.0727709078454299, "conf ser": 0.0650051201131998, "technology": 0.0645267812684632, "iop": 0.0622878744958301, "covid 19": 0.0588784173091794, "covid": 0.0588191486120996, "19": 0.0585238151995291, "bats": 0.0571376634068148, "mediating": 0.0562035914153369, "re": 0.0552018793947794, "infectious diseases": 0.0531188060148643, "online teaching": 0.0504309422132661, "education": 0.0492175453944947, "medicale": 0.0490385254309099, "environ sci": 0.0489058888668624, "information": 0.0484492465286815, "systems": 0.0479651563156021, "teaching": 0.0465114419303473, "ser": 0.0456946747235951, "de la": 0.0454811823136981, "infectious": 0.0452086183305832, "earth": 0.0434931785990161, "online": 0.0428568694814069, "diseases": 0.0425413413626637, "des": 0.0405808483555643, "engineering": 0.0386297249754984, "study": 0.037807111806129, "undergraduate": 0.0374566355246291, "canadian": 0.03702687515667, "intention": 0.0368966458611548, "skills": 0.034678689919302, "students": 0.0344687801486336, "computer": 0.0344158725239111, "program": 0.0334893527295125, "la": 0.0321856884902528, "higher education": 0.031518059720172, "microbiology": 0.0314360675121816, "online learning": 0.0308277083285944, "sentiment": 0.0293756094941025, "viral": 0.0291221369833826, "mathematics": 0.0290578537969603, "case study": 0.0281142035006626, "education covid": 0.0280448651462063, "data": 0.0277423203429147, "factors": 0.027626556238814, "teachers": 0.0276003138513353, "personality": 0.0274920857740462, "electrical": 0.0274383915900914, "making": 0.0272679205690251, "environ": 0.0270714721417703, "medical": 0.026889412537533, "risk": 0.0267506037184751, "pandemic case": 0.0263705291552883, "impact": 0.0263125458001575, "pandemic": 0.0247474698755353, "microbes": 0.0245165931705862, "sector": 0.0240811472856641, "century": 0.024003899335237, "market": 0.023965489674224, "university": 0.0238232782815071, "24": 0.0237379666813997, "virtual": 0.0237179758389481, "twitter": 0.023478671190824, "respiratory syndrome": 0.0233694953897138, "severe acute": 0.023119126612868, "de": 0.0230503247234899, "critical": 0.0221469646221027, "class": 0.0221417314333554, "turkish": 0.0221096145562476, "satisfaction": 0.0218249446539216, "government": 0.0217008858489799, "perceived": 0.0215175316528291, "severe": 0.0214284347407034, "usage": 0.0213373571699841, "assessment": 0.0212706706813318, "student": 0.0211602539931152, "public": 0.0208940497415975, "19 pandemic": 0.0208285218151783, "approach": 0.0206766863547002, "time": 0.0204410368832448, "research": 0.0203562219680256, "educational": 0.0201567054533786, "case": 0.0198158981747655, "theory": 0.0193148624877492, "mobile": 0.019024895719914, "analysis": 0.0190195715917265, "identifying": 0.0189773450580999, "acute respiratory": 0.0187892892188043, "coronavirus": 0.0187883974810158, "higher": 0.0182668503489271, "index": 0.018004357192419, "department": 0.0178117497955933, "service": 0.0174779121942617, "course": 0.0172947375903728, "city": 0.0168022377389729, "vectors": 0.0163907668400527, "knowledge": 0.0160597932898686, "influence": 0.0158645905947487, "cancer research": 0.0158389529862815, "multiple": 0.015811983892632, "microbes infect": 0.0155644415409217, "emerging infectious": 0.0145603161222918, "human coronavirus": 0.0145603161222918, "classroom": 0.0144667117748025, "investment": 0.0144052329420673, "sars coronavirus": 0.0144052329420673, "experience": 0.0143462052648918, "syndrome": 0.0143310265894806, "coronavirus sars": 0.0143143577255762, "learning covid": 0.0142844158517037, "activated": 0.0142250449113632, "non": 0.0140615353625658, "technological": 0.0139941224172877, "human": 0.0139439691692843, "analytics": 0.013937960781266, "syndrome coronavirus": 0.0139101060188968, "ecology": 0.0138823998159665, "early": 0.013813278119407, "wildlife": 0.013773029445039, "effect": 0.0137270552057146, "voice": 0.0137191957950457, "role": 0.0136984725151403, "acute": 0.0136842106028513, "respiratory": 0.0135849216420473, "management": 0.0135286082170809, "discrimination": 0.013432687564371, "toxicology": 0.013432687564371, "moral": 0.0134074081921728, "tourism": 0.0134074081921728, "organizations": 0.0133572155240707, "consumer": 0.0133322998852512, "radiotherapy": 0.0133322998852512, "tech": 0.0133075031759481, "union": 0.0132828242661832, "infrastructure": 0.0132094832729566, "leukemia": 0.0131852645776441, "operational": 0.0131371633012465, "21st": 0.013113278658089, "scoring": 0.0130422766316043, "dilemma": 0.0129722319650195, "foreign": 0.0129031191842015, "influences": 0.012880284418927, "factors affecting": 0.0127899360419207, "clinical": 0.0127837433133422, "infection": 0.0127056241372661, "note": 0.0126572930725532, "disease": 0.0126409705280673, "job": 0.0126355114861961, "inclusion": 0.0126138208461846, "box": 0.0124644704979587, "sars": 0.0124493891662478, "platforms": 0.012443480971483, "strategic": 0.012443480971483, "actions": 0.0123192941636173, "physics": 0.0122381221881494, "thinking": 0.0122180258352904, "clinicians": 0.0121384089399801, "complication": 0.0120990534431522, "discussion": 0.0119255526917267, "malaysia": 0.0119255526917267, "stability": 0.0118502629574303, "carcinoma": 0.0117945032013249, "confinement": 0.0117576597792633, "transformation": 0.0117576597792633, "malaria": 0.011739335595412, "example": 0.0117028800020458, "english": 0.0116486718503233, "humans": 0.0116486718503233, "informatics": 0.0115243435055269, "smart": 0.0114546122473302, "modern": 0.0114200945074736, "sepsis": 0.0114200945074736, "enhancing": 0.0113178964429947, "income": 0.0113178964429947, "materials": 0.0113178964429947, "success": 0.0113178964429947, "language": 0.0112842723726286, "paradigm": 0.0112842723726286, "serological": 0.0112842723726286, "quality life": 0.0112675415989545, "financial": 0.0112342408391823, "industry": 0.0112176701688783, "formation": 0.0111193410364016, "tumor": 0.0111193410364016, "affecting": 0.0110548072781238, "needed": 0.011022838557325, "social media": 0.010975251347598, "computational": 0.0109437670043449, "enhance": 0.0108504429244899, "implementing": 0.0108197037771944, "increasing": 0.0107739334305779, "tropical": 0.0107587658264145, "indonesia": 0.0107285628300842, "artificial intelligence": 0.0106242141132312, "therapeutics": 0.0105074698578355, "problem": 0.0104930595830321, "turkey": 0.0104786891707272, "joint": 0.0103791941865272, "efficiency": 0.0103092752207648, "introduction": 0.0102129431752682, "algorithm": 0.0100916559368672, "time covid": 0.0100518480736049, "travel": 0.0100386462857234, "immunol": 0.0100254779624859, "networks": 0.0100254779624859, "innovation": 0.0100123429346651, "good": 0.0099861720947533, "machine learning": 0.0099731359505585, "pakistan": 0.009947161392767, "tissue": 0.009947161392767, "groups": 0.0099213160621657, "corona virus": 0.0098955986792694, "culture": 0.0098827875735522, "interactions": 0.0098827875735522, "inhibitors": 0.009870007983502, "procedures": 0.0098572597544406, "perceptions": 0.0098445427328254, "cov infection": 0.0098065773940408, "professionals": 0.0097814204405895, "animal": 0.0097688875014937,