{"rio": 0.833421450036012, "12": 0.5526379344741646}