{"pain med": 0.4191383282221495, "cov outbreak": 0.3618012593457148, "crit care": 0.2876210735708414, "anaesth": 0.2828306172536652, "example": 0.2686787676845528, "crit": 0.2645798650329792, "french": 0.2435760386254006, "icu": 0.2329172888609609, "fight": 0.2289667053475846, "pain": 0.2140917178941048, "regional": 0.2008679147321761, "outbreak": 0.1612452638792509, "med": 0.1556200116376266, "care": 0.1519597836896573, "sars cov": 0.1468969157247679, "cov": 0.1449600058630323, "sars": 0.1429086916651351}