{"error": 0.7633175102005626, "department": 0.4597749329879678, "lancet": 0.4538208783398177}