{"al": 0.5394179451435641, "la": 0.3186979573757358, "notes": 0.2520439505052491, "revue": 0.2431603445656268, "de": 0.2345809536784489, "communications": 0.224790535089038, "engineering": 0.1992218018894961, "health": 0.1927722677839151, "technologies": 0.1914245542319903, "covid": 0.1795790576683688, "covid 19": 0.1749016306017592, "19": 0.1738482652086819, "de la": 0.1626256606327639, "data": 0.1487960386166166, "mediterranean": 0.1469803645490744, "eastern": 0.1237643973537232, "reference": 0.0890271105435927, "protect": 0.0855283688090351, "increases": 0.0706235436935436, "temperature": 0.0668822062939054, "action": 0.0653590908408001, "emergency": 0.0606553638053114, "health emergency": 0.0480580368126938, "global": 0.0468042344707569, "care": 0.0436931432029745, "pandemic": 0.040840968297339, "detection": 0.0362380469418196, "republic": 0.0361730710194049, "res public": 0.0325599569827166, "int environ": 0.0315034600675361, "iran": 0.0312014397053646, "lancet": 0.0290142263028184, "19 pandemic": 0.0286445780589699, "health care": 0.0284420662875509, "nursing": 0.0277288814684092, "security": 0.0272866318656338, "family": 0.027044179994206, "detection covid": 0.0239772164928172, "neurosurgical": 0.0236231110900334, "scan": 0.0236231110900334, "online": 0.0235756901832303, "environ res": 0.0229559709250117, "midst": 0.0228647659094619, "approach": 0.022748612178765, "issues": 0.0225002451784946, "conceptual": 0.0222100058052276, "speed": 0.0220435308539796, "based": 0.0215118886034006, "sars cov": 0.0211187059463892, "factors affecting": 0.021107344509972, "analysis": 0.0209254447508746, "operations": 0.0209245403430774, "cov": 0.0208402451658286, "experts": 0.0205702258457336, "sars": 0.0205453369906957, "platforms": 0.0205355866446483, "isolation": 0.0203519654146135, "neurosurgery": 0.0201304786561622, "game": 0.0200321235742949, "information": 0.0199890549565225, "taking": 0.0197121912790612, "malaysia": 0.0196808450262037, "acceptance": 0.018875118069055, "industry": 0.018512620241234, "image": 0.0184310995895477, "affecting": 0.0182438461729527, "community": 0.018216078919587, "implementing": 0.0178558527871099, "personnel": 0.0175332344665893, "hospitalization": 0.0175089133421773, "model": 0.0168494798413162, "system": 0.0168319716209013, "mental health": 0.0166104962674655, "fight": 0.0164587544193546, "hygiene": 0.0164587544193546, "national academy": 0.0160077222247255, "aerosol": 0.0159782794068425, "patients": 0.0155349257654096, "telemedicine": 0.0154465909265647, "generation": 0.015370553260887, "letter": 0.015370553260887, "impacts": 0.015146404791117, "ct": 0.0151279876183939, "hospitality": 0.0151176562989952, "health health": 0.0150644059831207, "environ": 0.0148920965936444, "mental": 0.0147853750005273, "bmj": 0.0146799655914114, "unit": 0.0146277429490891, "health online": 0.0142477310303772, "value": 0.013992401178424, "times": 0.0139763012852313, "preliminary": 0.0135679769430757, "cell": 0.0133409595145662, "19 detection": 0.0133087370430361, "learning approach": 0.0132390347706464, "public health": 0.0130185109215454, "cov outbreak": 0.0130036331420863, "spread": 0.0129468881941565, "impact sars": 0.012688300187165, "healthcare": 0.012597484068273, "social": 0.0124886166929033, "res": 0.0124212699946131, "practices covid": 0.0123945829066226, "perspective": 0.0122617641730855, "int": 0.0122486050137781, "19 india": 0.0121732901443673, "air quality": 0.0121732901443673, "results": 0.0121310727610622, "civil": 0.0120145092031734, "knowledge attitudes": 0.011886541631562, "face covid": 0.0118614002380671, "community health": 0.0117868488754513, "pac": 0.011762283792162, "non": 0.0116029380547339, "outbreak": 0.0115907515699448, "combat covid": 0.0115473119649805, "public": 0.0114938783289949, "high": 0.0114578312235879, "glob health": 0.0114551235666997, "early": 0.011398087493274, "factors": 0.011398087493274, "related": 0.0113861885453464, "role": 0.0113033551414862, "eating": 0.0112329704742252, "research": 0.0111980176859965, "management": 0.0111631908651625, "fam": 0.0111050029026138, "medical": 0.0110939588016742, "respiratory distress": 0.0110840415146211, "tourism": 0.0110631821289199, "pandemic international": 0.0110424237575889, "topics": 0.010940113523902, "literacy": 0.0108798793435432, "impact": 0.0108559567326604, "vital": 0.0108401883627218, "respond": 0.010800861524471, "study int": 0.0107040945416572, "transportation": 0.0107040945416572, "caregivers": 0.0106850005443727, "coagulation": 0.0105907858660718, "polish": 0.0105907858660718, "impacts covid": 0.0105352352575192, "system covid": 0.0104083500228161, "ability": 0.0102505434185517, "required": 0.0101316995012595, "waste": 0.0101316995012595, "thinking": 0.0100817580202099, "ai": 0.0100652393280811, "immune response": 0.0100652393280811, "threats": 0.0100652393280811, "standards": 0.0099034618154245, "summary": 0.0098560956395306, "users": 0.0098248064837994, "block": 0.0097782968560755, "departments": 0.0097629051149325, "analysis covid": 0.0097475684427485, "based study": 0.0096417212056053, "military": 0.0096417212056053, "burnout": 0.0095676849040057, "innovations": 0.0095676849040057, "patients severe": 0.0095676849040057, "spread covid": 0.0094375590345275, "care covid": 0.0093950469971365, "controlling": 0.0093669380747569, "trend": 0.0093669380747569, "construction": 0.0092837005991329, "criteria": 0.0092837005991329, "regulatory": 0.009256310120617, "medication": 0.0091751734023508, "integration": 0.0091087132291723, "unique": 0.0090562771587752, "optimization": 0.0090432677548512, "combat": 0.0090044747724206, "glob": 0.0089788064603766, "government": 0.0089532909368092, "symptomatic": 0.0089532909368092, "correlates": 0.0089405899043979, "plan": 0.0088279429616929, "nutr": 0.0086583944930134, "database": 0.008611158805097, "month": 0.0085760705166583, "academy": 0.0085412671159775, "reality": 0.0085067440141836, "inform": 0.0084160190339436, "severe covid": 0.0084160190339436, "social distancing": 0.0083492135991723, "project": 0.0083381798857373, "algorithm": 0.0083271745002241, "combination": 0.0083271745002241, "attitudes": 0.0083161972975472, "educational": 0.0083161972975472, "assess": 0.0083052481337327, "limited": 0.0082834333522865, "networks": 0.0082725674521646, "distress": 0.008261729025903, "physicians": 0.008261729025903, "residents": 0.0082509179349195, "machine learning": 0.0082293772096773, "intensive care": 0.0082079441885112, "estimation": 0.0081548258470614, "mitigation": 0.0081548258470614, "healthcare workers": 0.0081337614542916, "province": 0.0081337614542916, "19 related": 0.0081128000662988, "solutions": 0.0080815489293198, "west": 0.0080505239786676, "post covid": 0.0080197219637179, "19 era": 0.0079891397034212, "video": 0.0079789939109859, "theory": 0.0079688720755798, "essential": 0.007918618331168, "machine": 0.007918618331168, "resources": 0.007918618331168, "anxiety": 0.007908637895221, "parameters": 0.007908637895221, "burden": 0.0078986806426537, "lessons learned": 0.0078492383955309, "staff": 0.0078394180125352, "distancing": 0.0078296200761488, "identifying": 0.0078296200761488, "light": 0.0078198444839925, "dental": 0.0078003599263411, "better": 0.0076758243767727, "preparedness": 0.0076663929201565, "resistance": 0.0076288732469, "quarantine": 0.0076195444177495, "risks": 0.0075732023955585, "intensive": 0.0075273560194688, "index": 0.0074281874572203, "predict": 0.0073750471654805, "personal": 0.0073662541463916, "complex": 0.0072965518740019, "learned": 0.0072793019702294, "distribution": 0.0072535565757046, "intervention": 0.0072535565757046, "19 outbreak": 0.0072279648859434, "service": 0.0072109882486934, "patients covid": 0.0071688384960812, "impact covid": 0.0071437461592443, "improve": 0.007135414581689, "reduce": 0.0071187998504126, "practices": 0.0070366786548909, "access": 0.006996200589212, "developing": 0.006948126119314, "face": 0.0069005848338263, "therapeutic": 0.0069005848338263,