{"software": 0.6129532323575158, "structures": 0.5971228139143283, "science": 0.3569128004671145, "construction": 0.1185590552324718, "type": 0.0840538326132217, "urological": 0.0804427725201746, "quantum": 0.0796928258257286, "retrieval": 0.0779032119574764, "programming": 0.0747950674342804, "data": 0.0730855677661394, "congress": 0.0687182745207756, "october": 0.068594701660525, "urol": 0.0634404152240381, "functions": 0.06224147865637, "complete": 0.061565608710939, "leading": 0.0599905115396122, "urology": 0.0599006219939476, "controlling": 0.0598110266862747, "insight": 0.0585011431612531, "17": 0.05716975161762, "efficient": 0.0562120559535488, "dependent": 0.0559001284517307, "well": 0.0551355161061718, "conference": 0.0537390911538039, "15": 0.0533831519109503, "structure": 0.0513395656686997, "theory": 0.0508839085481393, "asia": 0.0505630216132506, "asian": 0.0494993156125539, "korea": 0.0488923873744086, "consequences": 0.0484754056552902, "covid19": 0.0460445672998866, "co": 0.0449835297215224, "information": 0.0425455963623063, "systems": 0.0421204936355502, "2021": 0.0416097328224701, "general": 0.0414263395598104, "int": 0.0391057160569375, "european": 0.0388134182457729, "population": 0.0387304747215309, "association": 0.0372396873803128, "research": 0.0357515406478169, "2020": 0.0352364733137953, "new": 0.0342696936332804}