{"cell therapy": 0.5235704887535629, "hematology": 0.400971643193868, "transfusion": 0.3557707281480873, "por sars": 0.3081473156724958, "cell": 0.2503203643333337, "por": 0.2412655934426563, "de": 0.2379195529633778, "therapy": 0.2244859233375461, "paciente": 0.1558327520694053, "com": 0.1376711098164701, "em": 0.1232232421534817, "sars cov": 0.1170757894694997, "cov": 0.1155320861856348, "sars": 0.1138972034654368, "pacientes": 0.047185353149144, "na": 0.0390792486112049, "covid": 0.0331154290638993, "la sociedad": 0.0312302622873359, "espanola de": 0.0303264121678336, "canadian medical": 0.0286608839390235, "sociedad": 0.0275337530314079, "covid 19": 0.0248615981929867, "espanola": 0.0247650824109345, "19": 0.0247118663290642, "medicale": 0.0230074140908179, "canadienne": 0.0224655456669564, "de la": 0.0213384147593408, "association": 0.0198961407588323, "da": 0.0180971367888092, "medical association": 0.0179392067263663, "new coronavirus": 0.0176332257793115, "postoperative": 0.0173973383025048, "cmaj": 0.0170295454580336, "medicines": 0.0167321637924, "malaria": 0.0165232387895872, "bone": 0.0156050328847844, "la": 0.015100565451068, "disease covid": 0.0144326270484219, "epidemics": 0.0137851354432615, "canadian": 0.0130289294243576, "arch": 0.0124608800453804, "hospitals": 0.0124608800453804, "surg": 0.0123873932194702, "patients covid": 0.0122282758544982, "period": 0.0120028436598901, "coronavirus disease": 0.0112144457826015, "mortality": 0.0105028430689361, "european": 0.0103684709388508, "hospital": 0.0098234330838036, "19 pandemic": 0.0097721214512577, "high": 0.0097721214512577, "time": 0.0095903250737237, "medical": 0.0094617830084655, "review": 0.009412939288888, "new": 0.0091546773919786, "disease": 0.0088961497381939, "patients": 0.0088329212485594, "coronavirus": 0.0088149559382171, "pandemic": 0.0087080812808392}