{"environ sci": 0.2463815599087647, "sci technol": 0.2381758791960725, "epidemic": 0.2149970739435069, "inactivation": 0.2132273967706832, "optical": 0.2049551507979632, "september": 0.1953593898643137, "coagulation": 0.1939819208575633, "removal": 0.1868097099651122, "variations": 0.1831572505064247, "spreading": 0.1808133833314508, "february": 0.1779786451244382, "conventional": 0.1744401664060687, "law": 0.1744401664060687, "materials": 0.1710543072697535, "technol": 0.1685456683249658, "bacterial": 0.1535344770736652, "properties": 0.1531276693267678, "deaths": 0.1523203231949627, "adverse": 0.1465161749919643, "aerosol": 0.1463299027349603, "wuhan": 0.1388805808413304, "advanced": 0.1382066391968857, "issues": 0.1373722666314091, "environ": 0.1363825847941069, "environment": 0.1345999469907329, "events": 0.1330137572952673, "long term": 0.1285871276105557, "term": 0.1200186030994609, "induced": 0.1194881029764488, "network": 0.1177883224283217, "sci": 0.115619649655266, "different": 0.1146194613586753, "social": 0.1143713925282944, "long": 0.1137546280094497, "severe": 0.1079536902435283, "2019": 0.1046026672927253, "virus": 0.1042752989817515, "medicine": 0.103949289989478, "role": 0.1035167064185947, "control": 0.1017043608696889, "use": 0.1002426270633289, "case": 0.0998299390198814}