{"maladies": 0.3726788582397827, "medicale": 0.3348521583409432, "de la": 0.310561378585832, "conf ser": 0.2219388183254486, "la": 0.2197751087323107, "microbiology": 0.2146564351947379, "iop": 0.2126616678430118, "des": 0.2078251416579415, "infectious diseases": 0.2040264773671161, "canadian": 0.1896243150749884, "infectious": 0.1736438718528847, "environ sci": 0.1669732348062095, "diseases": 0.1633990044555493, "de": 0.1573956581340253, "ser": 0.1560095896178671, "earth": 0.1484932978613672, "conf": 0.146615141999732, "medical": 0.1377077167226193, "environ": 0.0924267277256333, "infection": 0.0813360317483922, "pandemic": 0.0792114174692575, "sci": 0.0783556485203244, "mathematics": 0.0744064358723662, "teacher": 0.0737729667593381, "covid 19": 0.0603063558980416, "covid": 0.0602456497971806, "19": 0.0599431538623199, "respiratory syndrome": 0.0598406500436793, "severe acute": 0.0591995480383836, "influenza": 0.0583215577798688, "h1n1": 0.0577040284722975, "infection control": 0.0568620453588679, "resistant": 0.0556470193385013, "severe": 0.0548703103305629, "19 pandemic": 0.0533341548066901, "respiratory": 0.0521789534794816, "acute respiratory": 0.0481124329799109, "gastroenteritis": 0.0380297087381554, "error": 0.03786025137763, "emerging infectious": 0.037283594149958, "influenza virus": 0.0368084642533297, "syndrome": 0.0366964683065104, "health professionals": 0.0365008847026198, "teachers": 0.0353371070861983, "virus": 0.0353337806364548, "acute": 0.0350402113590207, "previously": 0.0349933612687665, "respiratory disease": 0.0349256653317825, "research": 0.0347498461758612, "papers": 0.0345265687104921, "control": 0.034462615900716, "case": 0.0338274663388541, "infrastructure": 0.0338246099290086, "respond": 0.0335173855825847, "swine": 0.0335173855825847, "requiring": 0.0329234376884107, "study": 0.0322700185152283, "nosocomial": 0.0318631608309116, "vector": 0.0317032123357754, "virus infection": 0.0316503207237131, "physics": 0.0313373128020206, "near": 0.0302013683539012, "costs": 0.0299203250218396, "2009": 0.0298740563737719, "pandemic covid": 0.0298279481026223, "private": 0.0297819991004296, "forecasting": 0.0296905745281222, "seasonal": 0.0293754479120064, "origin": 0.0287243119154696, "fighting": 0.0285978238983183, "fatal": 0.0284725273087628, "student": 0.0270917992220474, "reality": 0.0263982478184489, "comparative study": 0.0263627278429826, "situation": 0.0262919711713225, "transport": 0.026221588875338, "building": 0.0258751572413013, "way": 0.0258069405640668, "treatments": 0.0257729629647293, "innovation": 0.0256379138564675, "involvement": 0.0256379138564675, "perceptions": 0.025208239488746, "help": 0.0251757554117771, "professionals": 0.0250466066020855, "theory": 0.0247291160441557, "lessons learned": 0.024357867123523, "assisted": 0.0240860755887064, "canada": 0.0239966986147881, "case study": 0.0239966986147881, "centre": 0.0239966986147881, "preparedness": 0.0237904584694756, "quarantine": 0.0236450775370763, "consequences": 0.0235586055776965, "tertiary": 0.0235586055776965, "history": 0.023302512093478, "case report": 0.0231344817804151, "healthy": 0.0230512559224357, "learned": 0.0225892323825712, "policy": 0.0224563419376122, "child": 0.0224035552695004, "course": 0.022142719012202, "guidelines": 0.0218868991490079, "correction": 0.0214384671497675, "face": 0.0214139920317161, "identification": 0.0213651764800222, "pediatric": 0.0209573216473543, "implementation": 0.020676772276955, "effective": 0.0205386856780499, "epidemiology": 0.0204474179244222, "responses": 0.0203116797781706, "emerging": 0.019978273280047, "comparative": 0.0198254979168274, "lessons": 0.0197174370227487, "large": 0.0195251123775257, "learning": 0.0191899205223328, "perspective": 0.019025439627241, "rapid": 0.0188831685073417, "viral": 0.0186427603451136, "challenges": 0.0186031113652135, "report": 0.0183871295695876, "online": 0.0182901034435209, "outbreak": 0.0179842917475426, "public": 0.0178339825447906, "role": 0.0175383654255598, "novel": 0.0175018709639637, "model": 0.0174291810404152, "impact": 0.0168441789042496, "analysis": 0.0162340337067807, "disease": 0.0161844293376461, "health": 0.0161679355687527}