{"espanola de": 0.570692868101752, "espanola": 0.4660378495041112, "de": 0.3896499872958825, "la sociedad": 0.2866838199619306, "sociedad": 0.2527510471832724, "de la": 0.220364801093043, "revista": 0.1718235923284226, "la": 0.1559456566735081, "covid": 0.0873968513202476, "19": 0.0869580280635809, "covid 19": 0.0855830701333992, "brasileira de": 0.0600398243083898, "wild": 0.0585580457744395, "brasileira": 0.0514239808217074, "da": 0.045684630207241, "cell therapy": 0.0382312130633053, "animal": 0.0378656638487362, "19 revista": 0.0352588605153487, "pandemic": 0.0319749604811009, "hematology": 0.0292790228872197, "medicine": 0.0288812377582151, "transfusion": 0.0259784437848995, "patients": 0.0243250176543034, "19 pandemic": 0.0224262374183975, "volume": 0.0221735240354314, "sars": 0.022117190235372, "therapy": 0.0210754327784318, "cell": 0.0208896444448902, "sars cov": 0.0206676597115531, "cov": 0.0203951462029012, "medica": 0.0190488550775751, "care": 0.0149659858993667, "endoscopy": 0.0144511706688004, "colitis": 0.0142330300441753, "values": 0.0142010024645582, "acute": 0.0132605099261213, "digestive": 0.0127072555996289, "die": 0.0125481526659513, "clinical": 0.0123879235726056, "bowel": 0.0121194637993501, "therapy covid": 0.0119180748499656, "liver": 0.0118439113082499, "experience": 0.0115850061820904, "cov pandemic": 0.0115563048854403, "endoscopic": 0.0113054461064467, "human": 0.0112601880459889, "patients covid": 0.0112251661585863, "law": 0.0111845539620615, "bowel disease": 0.0103921984471139, "chronic": 0.0103403972494815, "disease": 0.0102079761868224, "health": 0.0101975731014506, "hepatitis": 0.0101821297838851, "inflammatory bowel": 0.0100550158396871, "diagnosis": 0.0094068119271599, "viral": 0.0094068119271599, "gastrointestinal": 0.0093822124062445, "severe": 0.0092288674014198, "bats": 0.0092280874499692, "brazilian": 0.0091605149479048, "pancreatitis": 0.0091330092806853, "treatment": 0.0085873652513599, "bleeding": 0.0085180084251726, "leukemia": 0.0085180084251726, "inflammatory": 0.0084386160260689, "micro": 0.0082916731323804, "study": 0.0081414444384649, "em": 0.0080796425329001, "pneumonia": 0.0075605163571203, "shared": 0.0074111695014294, "demand": 0.0072791117467303, "image": 0.0072149817397623, "life": 0.0071999289171211, "19 patient": 0.0071833705021761, "vulnerability": 0.0071313379108948, "results": 0.0071231888279005, "children": 0.0069879374946377, "hospitalization": 0.0068539855385801, "patient": 0.006813075838403, "upper": 0.0067694934838362, "hospital": 0.0067631980537685, "respiratory": 0.0065821476118766, "way": 0.0065108661970543, "impact": 0.0063744593110071, "de salud": 0.006345625031655, "da covid": 0.0062923501616938, "presentation": 0.0062787515465446, "revista brasileira": 0.0062663338660531, "assisted": 0.006076706961094, "pcr": 0.0060541579294939, "telemedicine": 0.0060466751283761, "spain": 0.0060021253382126, "aspects": 0.0059004195273163, "soc work": 0.0058561368980004, "urban": 0.0058017055016959, "testing sars": 0.0057390183911527, "acad med": 0.0056833884085867, "patients inflammatory": 0.0056833884085867, "policy": 0.0056655393640373, "salud publica": 0.0056652475026539, "cell transplantation": 0.0056119726326926, "radiofrequency ablation": 0.0055773731088465, "disorders": 0.0055604494497944, "brazil": 0.0055411062555483, "acute ischemic": 0.0055102434590517, "pacientes": 0.0054143306428996, "program": 0.0054087384258339, "br anaesth": 0.0053988649347522, "death": 0.005396400048293, "pre": 0.0053657511146305, "injury": 0.0053474952133436, "19 chest": 0.0053383892922384, "crisis": 0.005311278657803, "com": 0.0052657364964169, "rev bras": 0.0052657364964169, "region": 0.0052282629608499, "lockdown": 0.0052165694475874, "cov vaccine": 0.0052097974013041, "cancer screening": 0.0051556631113725, "myeloid": 0.0051423980821707, "hematopoietic": 0.0051292370934845, "age": 0.005118786020645, "thoracic surgery": 0.0050903623636175, "radiofrequency": 0.0050776017131071, "surgery": 0.0050514385784679, "liver injury": 0.004990895177453, "publica": 0.004990895177453, "screening": 0.0049582855067479, "influenza": 0.0049046735853328, "activity": 0.0048940532128273, "salud": 0.0048743193231949, "respiratory viral": 0.0048630950843182, "open": 0.0048623922713007, "term care": 0.0048189341815799, "injury covid": 0.0048080731892585, "safety": 0.0047896580177253, "bmc infect": 0.0047865598502831, "venous thromboembolism": 0.0047865598502831, "survey": 0.0047845225386651, "19 india": 0.0047653188393733, "current": 0.0047640588477551, "vaccination": 0.0047589623624765, "das": 0.0047339531138984, "enferm": 0.0047339531138984, "pigs": 0.0047236268200458, "chain reaction": 0.0047133636843488, "polymerase chain": 0.0047031629389198, "testing": 0.0046734856918996, "multisystem": 0.0046629689823683, "ischemic stroke": 0.0046530691456563, "esophageal": 0.0046432273728366, "syndrome": 0.0046290995721672, "patient safety": 0.0046237153221076, "ablation": 0.0046044275527911, "oxf": 0.0045759053229435, "19 eur": 0.0045478598101274, "mediating": 0.0045386145115028, "indonesian": 0.0045294198723029, "age covid": 0.0045202753403774, "disease patients": 0.0045202753403774, "factors": 0.0044618603861715, "evaluation": 0.0044572024604952, "case fatality": 0.0044488595644834, "effect": 0.0044340093142059, "eu": 0.0044314706269501, "neurologic": 0.0044314706269501, "health workers": 0.0044228432688427, "high resolution": 0.0044228432688427, "time": 0.0044018058534313, "system": 0.0043926613384792, "stem cell": 0.0043887706777864, "paediatr": 0.0043719903633945, "management": 0.0043699084722706, "colorectal cancer": 0.0043553761934574, "tertiary hospital": 0.0043471303908424, "medical": 0.0043428071009473, "delivering": 0.0043389249101616, "influenza vaccination": 0.0043307593589852, "respiratory viruses": 0.0043307593589852, "response": 0.0043248603474249, "2020": 0.0043203886147034, "risk": 0.0043203886147034, "pandemic era": 0.0043145465038218, "consumer": 0.0043064984430441, "clinical course": 0.0042984887979771, "thromboembolism": 0.0042905172036241, "alterations": 0.0042825833001652, "spatiotemporal": 0.0042746867328608, "case": 0.0042671874756108, "pandemia": 0.0042668271519556, "agenda": 0.0042512175746903, "march 2020": 0.0042512175746903, "sign": 0.0042434669029175, "urinary": 0.0042280721393829, "gastric": 0.0042204273997117, "polymerase": 0.0042204273997117, "new": 0.0042018505337943, "dilemma": 0.0041901920329562, "foreign": 0.0041678677464078, "microbiota": 0.0041678677464078, "societies": 0.0041678677464078, "lesson": 0.0041604918336285, "ageing": 0.0041531482006582, "19 systematic": 0.0041458365661902, "polish": 0.0041458365661902, "general population": 0.0041385566525788, "19 new": 0.0041097487784279, "hepatic": 0.0041097487784279, "infection": 0.0041040743934638, "behavioural": 0.0041026234282077, "anesthesiology": 0.0040884628593152, "children covid": 0.0040744207902961, "endemic": 0.0040674435766865, "viral infections": 0.0040604952543133, "biochemistry": 0.0040466843330948, "coronavirus": 0.0040459238188802, "infarction": 0.00403982126645, "indirect": 0.0040261787729669, "pathogenic": 0.0040193988952365, "economics": 0.00401264630079, "colombia": 0.0039859044207918, "flexible": 0.0039859044207918, "anaesth": 0.0039792850139614, "ischemic": 0.0039792850139614, "severity covid": 0.0039792850139614, "metropolitan": 0.0039726916166552, "autoimmune": 0.0039661240252752, "care patients": 0.003959582038605, "diagnosis treatment": 0.0039465740862128, "operating": 0.0039465740862128, "ambulatory": 0.0039401077296346, "bras": 0.0039272492954082, "intravenous": 0.0039272492954082, "biotechnology": 0.0039018243021014, "scand": 0.0038955277939423, "admitted": 0.0038705754017357, "market": 0.0038705754017357, "updated": 0.0038521016284801, "practitioners": 0.0038398978113762, "rt pcr": 0.0038277821092437, "physical activity": 0.0038217569054434, "risk covid": 0.0038217569054434, "biomarker": 0.003815753258769,