{"x000e4": 0.9139313992252794, "und": 0.278737885601076, "en": 0.1511987070193863, "die": 0.1303970542172073, "amp": 0.1158453693217452, "global": 0.1043514864384389, "an": 0.0890348661454615, "fortschr med": 0.0348098500088726, "mmw fortschr": 0.0348098500088726, "coronavirus": 0.0339587452061187, "mmw": 0.0337631718497909, "der": 0.0325390564430364, "fortschr": 0.03154663382451, "covid": 0.0296153725556716, "bei": 0.0280753391961442, "covid 19": 0.027364813177251, "19": 0.0272000054102235, "den": 0.025393021354193, "auf": 0.0190970266107679, "f\u00fcr": 0.0174531192210417, "berl": 0.0164941708343346, "tests": 0.0142013960704933, "sars cov": 0.0123907387422556, "cov": 0.0122273606076933, "drug": 0.0120872105495667, "sars": 0.0120543324799139, "pfizer": 0.0116088513929236, "vaccine": 0.0110658377826871, "virus": 0.0106887827611103, "med": 0.0105012247411999, "vaccines": 0.0092886154325846, "test": 0.0090853618511087, "chemical": 0.00838108954088, "des": 0.0078586191155654, "treatments": 0.0077965504193998, "help": 0.0076158898254351, "antiviral": 0.0074429927488815, "alternative": 0.0069068324091502, "oto": 0.0066671008884239, "drugs": 0.0066286537164305, "rhino": 0.0064369049343479, "novel coronavirus": 0.0064191767979028, "dtsch": 0.0062633473668109, "blood": 0.0061444637044615, "research amp": 0.0059698904231248, "blood pressure": 0.0057781244024165, "gastroenteritis": 0.0057521624893863, "european": 0.0057062154245467, "das": 0.0056762281817147, "investment": 0.0055792445722579, "fda": 0.0055324512924576, "cdc": 0.0055094565239608, "head neck": 0.0054867215889175, "advance": 0.0053982668902307, "early": 0.0053499764483316, "novel": 0.0052944715588623, "manufacturing": 0.0052322329118044, "sign": 0.0050881125864548, "vital": 0.0050881125864548, "new": 0.0050382126399293, "ahead": 0.0050242335595664, "da": 0.0049798162956456, "pet": 0.0049798162956456, "candidate": 0.0049363584432956, "rethinking": 0.0049107272642752, "delay": 0.004877052497571, "new coronavirus": 0.004852161206789, "acs": 0.00477134631372, "designing": 0.0047555656811108, "diagnosis treatment": 0.0047321244022499, "cancers": 0.0046936524778702, "neck": 0.0046709175428268, "despite": 0.0046262041395198, "proteins": 0.0046042146272735, "tertiary care": 0.0045255821559368, "lead": 0.0044499075140517, "sepsis": 0.0044230801786917, "big": 0.0044031918420253, "genomic": 0.0043510977904708, "med covid": 0.0042816019533925, "19 vaccines": 0.0042754015776274, "mrna": 0.0042569142774812, "gut": 0.0042325258534993, "virology": 0.0041610856739939, "head": 0.0040144871590306, "concerns": 0.0038778484317796, "archives": 0.0038576269515834, "target": 0.0038177836626088, "double": 0.0037884105811829, "clinic": 0.0037738832953751, "production": 0.0037738832953751, "problems": 0.0037546753180539, "19 era": 0.0037499018393179, "19 vaccine": 0.0036796262320709, "cells": 0.0036796262320709, "pressure": 0.0035851900673234, "tertiary": 0.0035633438120527, "economic": 0.0035288758112079, "academic": 0.0034493058449362, "antibody": 0.003424818479677, "events": 0.0034086575868197, "scale": 0.0032876266703654, "infect": 0.0032095883989514, "digital": 0.0032059467321771, "lockdown": 0.0031274537155146, "year": 0.0031274537155146, "epidemiology": 0.0030927628502098, "india": 0.0030620443856889, "era": 0.0029758491149133, "diagnosis": 0.0028198003696039, "therapy": 0.0028078240226744, "online": 0.0027664594456717, "hospital": 0.002703128827548, "role": 0.0026527557289661, "research": 0.0026280343488955, "review": 0.0025901726338121, "treatment": 0.0025741617773599, "care": 0.002563558220046, "impact": 0.0025477569319463}