{"coloproctology": 0.5193429685374429, "britain": 0.427981133566605, "ireland": 0.3128347073321271, "great": 0.2997286867775078, "colorectal": 0.2989321613804414, "official": 0.2376209555211253, "oto": 0.2110686560981283, "rhino": 0.2037810581632609, "association": 0.1837235721729009, "disease": 0.1611964933897253, "neck surgery": 0.0930676194359464, "head neck": 0.0694799716721357, "surgery": 0.0651953475609194, "official european": 0.0650271298081881, "european": 0.0614205637525716, "neck": 0.059149204729836, "federation": 0.051173511356229, "head": 0.0508366334189428, "societies": 0.0506275042888955, "laparoscopic": 0.04754968312735, "german": 0.0474237482369359, "study": 0.0401760676709228, "archives": 0.0390802131253116, "society": 0.0330447492149838, "hernia": 0.0305348195121721, "rectal": 0.0300233096010099, "cancer": 0.0289347484640253, "video": 0.0284554840097864, "resection": 0.0263030824586702, "outcome": 0.0213802005510965, "uk": 0.0209366175255139, "abdominal wall": 0.0199742158314125, "following": 0.0194954729159092, "obstetric": 0.0189853141083358, "patients": 0.0184674006373237, "bowel": 0.0184020416077721, "postoperative": 0.0181867135126906, "operative": 0.0180365389006001, "left": 0.0173541253732738, "research": 0.0166397865424304, "prospective": 0.0165573576035161, "review": 0.0164000595170267, "fast": 0.0159198308437461, "urological": 0.0149761441253998, "fistula": 0.0147681249873406, "modified": 0.0141916870234959, "wall": 0.0133533799406139, "preoperative": 0.0133021658285642, "management": 0.0132704282731044, "risk": 0.0131200476136214, "treatment": 0.0130389475370301, "recurrence": 0.0127246699048106, "protocol": 0.0123329304013518, "cov covid": 0.0123308099855115, "patients undergoing": 0.0121650795653047, "multicentre": 0.0120045698780955, "abdominal": 0.0119848570440117, "olfactory": 0.0119261720047502, "repair": 0.0119261720047502, "iii": 0.0118298409459672, "effectiveness": 0.0118018138146081, "intra": 0.0116794016437783, "randomized controlled": 0.0115875836415511, "controlled trial": 0.0114973908223246, "procedure": 0.0114795422532686, "single": 0.0114546080693571, "pathogen": 0.0114263686098524, "recurrent": 0.011391225289486, "reconstruction": 0.0112872265521539, "urology": 0.0111517830636365, "anal": 0.0110361530495945, "systematic": 0.0109088348612304, "statement": 0.0107195443266781, "undergoing": 0.0105982109455902, "syndrome": 0.0105431499706417, "increases": 0.0104943635997302, "accuracy": 0.0103638817871907, "patient": 0.0103448887781588, "opportunity": 0.0100314316635482, "compared": 0.009978072419387, "position": 0.0098860174546051, "dysfunction": 0.0098470687713139, "machine learning": 0.0097828086353115, "improved": 0.0097067510852203, "observational study": 0.0096941844666302, "new": 0.0095700556104637, "total": 0.0094611246823306, "machine": 0.0094133888648086, "vs": 0.0092153572222581, "randomized": 0.0091247635249875, "observational": 0.0088622628519894, "predict": 0.0087672096269265, "bmj": 0.0087255262758436, "controlled": 0.0086944860097789, "immunity": 0.0086431687457115, "rates": 0.0085320575571302, "setting": 0.0084724573308591, "trial": 0.0082597001531692, "therapeutic": 0.0082031846616133, "injury": 0.0081195695653291, "immune": 0.0080828431991041, "relationship": 0.0080828431991041, "surgical": 0.0080828431991041, "cohort": 0.008001164066043, "term": 0.0077895449552055, "systematic review": 0.0077636999568322, "diagnostic": 0.0076784845720745, "methods study": 0.0076525085104583, "comparative": 0.0075946708198683, "large": 0.0074796003535619, "atrial fibrillation": 0.0073671329919963, "learning": 0.0073511964258336, "fibrillation": 0.0072841327984154, "outcomes": 0.0072725565741536, "emergency": 0.0072105069641816, "results": 0.0072105069641816, "future": 0.0072028036199243, "sinus": 0.0070651617464132, "assessment": 0.0069549137420026, "refractory": 0.0069479971672135, "international": 0.0069402707398123, "cystic": 0.0069337232888286, "increased risk": 0.0069195289310701, "psychological distress": 0.0068774142428362, "atrial": 0.0068087340567576, "mixed methods": 0.0067550924833117, "dissection": 0.0067418567100251, "model": 0.0066766995319442, "colorectal cancer": 0.0066131485069332, "dexamethasone": 0.006600628183813, "response": 0.0065668136296084, "gold": 0.0065511532190272, "platelet": 0.0065511532190272, "speed": 0.0065511532190272, "study protocol": 0.0065267714001637, "fitness": 0.0065146674314243, "stop": 0.0065026206920653, "care": 0.0064926185745762, "scores": 0.0064786967545271, "impact": 0.0064525993014362, "21st": 0.0064315124314742, "obstructive": 0.0064315124314742, "prospective observational": 0.0064315124314742, "urinary": 0.0064198516302148, "going": 0.0064082439535189, "port": 0.0064082439535189, "congress": 0.0063966889195286, "october": 0.0063851860529122, "surgeon": 0.0063851860529122, "developments": 0.0062839324394005, "sars cov": 0.0062763029824416, "robotic": 0.0062401909251279, "analysis": 0.006218867369631, "cov": 0.0061935467647093, "injection": 0.0061654049927557, "risk factor": 0.006144434663448, "lateral": 0.0061132992785076, "sars": 0.0061059025187109, "result": 0.0060927517427272, "intubation": 0.0060622378375635, "extraction": 0.0060420963838374, "ambulatory": 0.0059826100873974, "path": 0.0059728293436096, "complicated": 0.0059437103909187, "week": 0.0058959063502028, "century": 0.0058864522368401, "100": 0.0058304526061894, "injuries": 0.0058304526061894, "closure": 0.0058212378379974, "sectional study": 0.0058212378379974, "covid 19": 0.0057754781659569, "covid": 0.0057696644046238, "19": 0.005740694677618, "based study": 0.0057308779915048, "endoscopic": 0.0057220157890817, "physiology": 0.0056608287512209, "contamination": 0.0056180062200521, "elective": 0.0056095274081413, "leading": 0.0055842589634039, "nutritional": 0.0055426939204376, "quality life": 0.0055262559238857, "variability": 0.0055262559238857, "green": 0.0055180765247972, "birth": 0.0055099232998306, "formation": 0.0054535697722937, "insight": 0.0054456200602971, "inhibitor": 0.0054219186742399, "review meta": 0.0053906559430229, "available": 0.0053368525428674, "17": 0.0053216865419703, "symptomatic": 0.0053216865419703, "decision making": 0.0052991054727951, "registry": 0.0052916227049266, "technical": 0.0052841618485621, "review literature": 0.0052767227757508, "morbidity": 0.0052619094745596, "admission": 0.0052545349958141, "score": 0.0052545349958141, "persistent": 0.0052179794099555, "short term": 0.005203502776533, "adherence": 0.0051891079324362, "poor": 0.0051891079324362, "student": 0.0051891079324362, "collaborative": 0.0050974730268012, "joint": 0.0050905588281812, "protect": 0.0050836633418942, "optimal": 0.0050630881509874, "pathogenesis": 0.0049890362096935, "15": 0.0049692082448177, "two": 0.0049626330653548, "barriers": 0.0049495333931675, "mixed": 0.0049495333931675, "coronavirus pandemic": 0.0049365007272689, "treatments": 0.0049365007272689, "cross sectional": 0.0049300093081451, "sectional": 0.0049235343856569, "comment": 0.0049170758761711, "concerns": 0.0049106336966887, "distress": 0.0049106336966887, "utilization": 0.0048914043176557, "nationwide": 0.0048850266406639, "driven": 0.0048659888388052, "standard": 0.0048533755426101, "inhibitors": 0.0048408243811311, "predictive": 0.0048345719101948, "individual": 0.0048097143410493, "solutions": 0.0048035376577143, "double": 0.0047973759119594, "japanese": 0.0047973759119594, "reducing": 0.0047789795820193, "adverse": 0.0047546559545392, "right": 0.0047425806682977, "asia": 0.0047066944324043, "techniques": 0.0046948438034687, "cause": 0.0046596190862816, "organ": 0.0046421876799007, "progress": 0.0046306326459104, "asian": 0.004607678611129, "site": 0.0046019722691517, "centre": 0.0045962786787871, "agents": 0.0045849295258221, "meta analysis": 0.00457927385063, "combined": 0.0045736307018605, "cohort study": 0.0045680000241481, "better": 0.0045623817624937, "teaching": 0.0045623817624937,