{"de": 0.4433979806738011, "doi": 0.3200440343654681, "por sars": 0.3062814486491984, "infecci\u00f3n": 0.2870989193733051, "infecci\u00f3n por": 0.2317787992477673, "por": 0.219820977612373, "sci": 0.2060193673118963, "en": 0.2029588073253847, "10": 0.1757481071025415, "da": 0.173130231971461, "la": 0.1651004279186964, "en el": 0.1430200238857663, "sars cov": 0.135388391855928, "cov": 0.1336032276810612, "sars": 0.1317126220881917, "acta": 0.1213622430293538, "biol sci": 0.1163796488601702, "con": 0.1137661810677501, "el": 0.1122763756361755, "em": 0.0962320161122087, "anim": 0.0874879839588546, "recomendaciones": 0.0752593408244133, "en la": 0.0720430011101752, "paciente": 0.070990868227684, "biol": 0.069768410058368, "arterial": 0.0691503255694756, "salud publica": 0.0674755333215656, "sexual": 0.0672224487670876, "sobre": 0.0656293685239714, "durante": 0.0654343824964284, "shock": 0.0612254357877579, "mex": 0.0598797807175988, "publica": 0.0594437072154242, "lab": 0.0593331373247906, "de la": 0.0583253226392364, "salud": 0.0580552386737061, "sur": 0.056631692133623, "para": 0.0540568500425071, "rats": 0.0489488747865244, "rev": 0.047659998149277, "effects": 0.040024020160718, "cov infection": 0.0377280291362482, "phase": 0.0322101999699948, "arch bronconeumol": 0.0313585927411047, "bronconeumol": 0.0313585927411047, "com": 0.0313585927411047, "une": 0.0300879368391634, "lineage": 0.0297218536077121, "barc": 0.0291626613196182, "les": 0.0281302130882488, "med clin": 0.0278879477769152, "headache": 0.0271945167336627, "med": 0.0260778333905625, "limitations": 0.0249089821447593, "myocarditis": 0.0245598477820004, "infection": 0.0244406452110543, "synthetic": 0.0242225008231093, "patients": 0.0241434514925095, "coronavirus": 0.0240943460395579, "compounds": 0.0240580040280521, "un": 0.0240172994721851, "nerve": 0.0238162272025498, "2019 novel": 0.0237764937321165, "hospitalized patients": 0.0223385657205958, "vet": 0.0222021410126799, "evaluate": 0.0219677896275255, "wuhan china": 0.0217388084713104, "inhibition": 0.0214205346056592, "educ": 0.0213892577267664, "clinical characteristics": 0.0211730184313272, "oxygen": 0.0201845374675567, "situation": 0.0197511707137798, "des": 0.0195154151088274, "communities": 0.0190352566594215, "sex": 0.0188397892116575, "europe": 0.0183903261446149, "hospitalized": 0.0181842785427143, "jama": 0.017893960000595, "pressure": 0.0178063019415922, "wuhan": 0.0176762399583152, "pregnancy": 0.0170501717067709, "arch": 0.0170299635003928, "prevent": 0.0168896388625048, "disorders": 0.0165568358644844, "function": 0.0161419743982352, "face": 0.0160867136787093, "infected": 0.015995286191466, "novel coronavirus": 0.0159408285381717, "clin": 0.0155502903795966, "lockdown": 0.015532896198271, "stress": 0.0154463765699355, "recommendations": 0.0154291621735192, "performance": 0.015258629798737, "pneumonia": 0.015008166696575, "safety": 0.0142617215321366, "characteristics": 0.0140947890228763, "post": 0.0140048967706935, "china": 0.0137982404176339, "potential": 0.0136388135392422, "2019": 0.0133134656850151, "effect": 0.0132027392928851, "novel": 0.0131478328105288, "respiratory": 0.0130660346349854, "use": 0.0127585348454705, "impact": 0.012653758476434, "clinical": 0.0122954579568499}