{"sport": 0.6559151191691807, "res": 0.2920242925949615, "coronavirus pandemic": 0.2603420543557686, "chaos": 0.1916466458280278, "depressive": 0.1774294082398637, "coronavirus": 0.1619926948407972, "pandemic": 0.160028656236386, "thinking": 0.1580148812073806, "sports": 0.1542323463151168, "physical activity": 0.1530173893166769, "well being": 0.1504193918106791, "being": 0.1501881169140858, "transfusion": 0.148591107808237, "fear": 0.1377850478920709, "relation": 0.1377850478920709, "well": 0.1353348218390373, "students": 0.1114455860949689, "relationship": 0.106568605969521, "physical": 0.1064480942042652, "status": 0.1023608476849998, "investigation": 0.1014605288037988, "self": 0.0989373560486451, "activity": 0.0979752590669866, "changes": 0.0957825374699467, "future": 0.0949656849625184, "2020": 0.0864909259029259}