{"conf ser": 0.4518139567207597, "iop": 0.4329279137194077, "environ sci": 0.3399172729379517, "ser": 0.3175979330856338, "earth": 0.3022965741616081, "conf": 0.2984731013793959, "environ": 0.1881585469164514, "sci": 0.15951322015906, "international conference": 0.1406209370866032, "covid 19": 0.1227692094573085, "covid": 0.1226456264634273, "19": 0.122029817628125, "conference": 0.1063346522291457, "annual": 0.104792901574704, "2021": 0.0823340397842184, "sciences": 0.076107542259662, "international": 0.073764589499168, "system": 0.0638005394743282, "pandemic": 0.0580519294332518, "19 pandemic": 0.0506685610787345, "rise": 0.0384035755603019, "epidemic": 0.0370772568630836, "construction": 0.0351892885683886, "analysis": 0.0330485809464983, "stock": 0.0315379688691921, "speech": 0.0277478865673766, "healing": 0.0274427382691465, "research covid": 0.0273927056248191, "user": 0.0267154821020958, "indoor": 0.0265757117984696, "era": 0.0240314725952723, "landscape": 0.0235992960158852, "significance": 0.0230842046060338, "meeting": 0.0225604990758017, "indonesia": 0.0223704582673482, "concept": 0.0214672646570989, "situation": 0.021409647243384, "research": 0.0212226940937352, "impact": 0.0205744137304044, "mediated": 0.0204217383873803, "scientific": 0.0185478315769338, "evaluating": 0.0183510785708883, "behavior": 0.0182432961070957, "service": 0.0182218677158568, "natural": 0.0180941800105149, "impact covid": 0.0180519497494671, "design": 0.0170464000306032, "technology": 0.0168183484865829, "university": 0.0165582181890958, "application": 0.0162862696403267, "online learning": 0.0160699520887595, "state": 0.0158133322741706, "learning": 0.0156264217062526, "error": 0.0154148698334384, "strategies": 0.0151163905264539, "teacher": 0.0150183984316292, "china": 0.0149568582137181, "big data": 0.0149550523981708, "potential": 0.0147840444966508, "patients sars": 0.014678821333108, "inequality": 0.0144159977091815, "model": 0.0141926451761584, "university students": 0.0140843007577209, "sensor": 0.0140575549052474, "readiness": 0.0138997954765411, "institutions": 0.0138226061778093, "disasters": 0.0137717511176, "insurance": 0.0137717511176, "data analysis": 0.0135974272472161, "october": 0.0135729756295248, "medium": 0.0134523464978641, "analyzing": 0.0133577410510479, "cultural": 0.0130612109424987, "russian": 0.0130390594837287, "vector": 0.0129080202501399, "abstracts": 0.0128864853346136, "designing": 0.0128011918534339, "difference": 0.0128011918534339, "mechanical ventilation": 0.0128011918534339, "observations": 0.01278007672291, "outbreak covid": 0.01278007672291, "physics": 0.0127590435930995, "lives": 0.0127172208052041, "district": 0.0126345318079022, "interface": 0.0126140553218127, "sector": 0.0125530863013919, "silico": 0.0125530863013919, "market": 0.0124927959854614, "methodology": 0.0122773018634781, "transformation": 0.0122581300766648, "pandemic covid": 0.0121445030254646, "forecasting": 0.0120885711261132, "effect covid": 0.012051601534654, "prospects": 0.0120332109427244, "smart": 0.011942183184546, "evaluate": 0.0119061961809196, "big": 0.0118526600865021, "success": 0.0117996480079426, "memory": 0.011677934478617, "global pandemic": 0.0116607679852618, "place": 0.0116607679852618, "fighting": 0.0116436557305226, "authors": 0.0115926409974373, "inhibitor": 0.011525360329502, "cities": 0.0115086699492075, "sub": 0.0115086699492075, "satisfaction": 0.0113769668244535, "investigating": 0.0112167177346944, "disaster": 0.0111852291336741, "collaboration": 0.0111383368570304, "regions": 0.0111383368570304, "artificial intelligence": 0.0110764387647969, "recognition": 0.0110764387647969, "student": 0.0110304750593457, "19 crisis": 0.0110000478775237, "threat": 0.0109848981498292, "causes": 0.0107917135727784, "optimal": 0.0107625950933951, "reality": 0.0107480943508122, "social distancing": 0.0105490579438344, "building": 0.0105351170761132, "involvement": 0.0104385230028309, "archives": 0.0103840901414407, "mapping": 0.0103168094735054, "perceptions": 0.0102635803067794, "pilot study": 0.0102239989555613, "intelligence": 0.0101716698130242, "west": 0.0101716698130242, "19 era": 0.0100941120563897, "19 epidemic": 0.0100685043296327, "theory": 0.0100685043296327, "emerg": 0.010043017110271, "gender": 0.010043017110271, "distancing": 0.0098925623210419, "assisted": 0.009806689245007, "ventilation": 0.0097945320589387, "mechanical": 0.0097702992484031, "artificial": 0.0097582233813727, "preparedness": 0.0096863282001733, "ct": 0.0095569490506187, "practical": 0.0095337540510582, "dynamic": 0.0094761974613573, "mechanisms": 0.0094647591801906, "remote": 0.0094647591801906, "internet": 0.0094533450050084, "pilot": 0.0093966321923661, "school": 0.0092739157884669, "pandemics": 0.0092628964070067, "north": 0.0092409246765918, "psychological": 0.0091109338579284, "contact": 0.0090895688435587, "small": 0.0090682877783814, "students": 0.0089839899813886, "food": 0.0089216166534141, "period": 0.0088906973071027, "scale": 0.0088497441885785, "secondary": 0.0088497441885785, "experimental": 0.0088192312959324, "recovery": 0.0087386941372849, "correction": 0.0087287106798602, "program": 0.0087287106798602, "face": 0.0087187455912727, "air": 0.0086988702510986, "digital": 0.008629875380231, "conditions": 0.0085714285095845, "countries": 0.0085714285095845, "crisis": 0.0085714285095845, "education": 0.008552085545741, "change": 0.0085040282284883, "need": 0.0084185852345722, "dis": 0.0083904011772881, "lung": 0.0083437512409957, "women": 0.0083344692779366, "virtual": 0.0082425141977597, "primary": 0.0082334039784218, "pneumonia": 0.0081341901044731, "healthcare": 0.0079583297159816, "social": 0.0078895538823461, "res": 0.0078470083051998, "science": 0.0078470083051998, "world": 0.0077880004548404, "community": 0.0076718791037291, "results": 0.0076636792170464, "characteristics": 0.0076391537828988, "online": 0.0074468487018177, "global": 0.0073920222483254, "non": 0.0073300356018106, "outbreak": 0.0073223369166204, "development": 0.0072840067911775, "data": 0.0072307963016527, "effects": 0.0072307963016527, "effect": 0.0071556768710886, "time": 0.0071037063985198, "response": 0.0069795304803729, "2020": 0.006972313924849, "use": 0.0069149250528571, "case": 0.0068864570550178, "based": 0.0067949560956579, "sars cov": 0.0066707615657762, "cov": 0.0065828042128373, "health": 0.0065828042128373, "study": 0.0065693982056971, "patients": 0.0065426853322136, "sars": 0.0064896516245535}